CMDLINE python3 node0.py
MEM 0.140625 1765334145.5609
MEM 37.078125 1765334145.6689
MEM 81.281250 1765334145.7776
MEM 149.171875 1765334145.8856
MEM 167.093750 1765334145.9937
MEM 180.906250 1765334146.0997
MEM 191.656250 1765334146.2033
MEM 209.609375 1765334146.3117
MEM 218.703125 1765334146.4200
MEM 226.390625 1765334146.5284
MEM 227.484375 1765334146.6350
MEM 228.234375 1765334146.7432
MEM 228.625000 1765334146.8516
MEM 229.703125 1765334146.9553
MEM 233.218750 1765334147.0633
MEM 252.125000 1765334147.1701
MEM 267.843750 1765334147.2752
MEM 280.437500 1765334147.3836
MEM 291.703125 1765334147.4877
MEM 306.953125 1765334147.5961
MEM 316.078125 1765334147.7019
MEM 331.562500 1765334147.8100
MEM 338.687500 1765334147.9184
MEM 363.171875 1765334148.0268
MEM 389.546875 1765334148.1351
MEM 408.203125 1765334148.2432
MEM 418.890625 1765334148.3513
MEM 429.125000 1765334148.4596
MEM 438.359375 1765334148.5677
MEM 451.359375 1765334148.6757
MEM 456.453125 1765334148.7838
CHLD 71441 13.187500 1765334148.7870
CHLD 71442 33.921875 1765334148.7871
MEM 456.453125 1765334148.8922
CHLD 71441 13.187500 1765334148.8952
CHLD 71442 110.218750 1765334148.8952
MEM 456.453125 1765334149.0003
CHLD 71441 13.187500 1765334149.0034
CHLD 71442 163.421875 1765334149.0034
MEM 456.453125 1765334149.1085
CHLD 71441 13.187500 1765334149.1117
CHLD 71442 183.218750 1765334149.1117
MEM 456.453125 1765334149.2123
CHLD 71441 13.187500 1765334149.2155
CHLD 71442 198.406250 1765334149.2155
MEM 456.453125 1765334149.3202
CHLD 71441 13.187500 1765334149.3230
CHLD 71442 221.203125 1765334149.3230
MEM 456.453125 1765334149.4281
CHLD 71441 13.187500 1765334149.4311
CHLD 71442 222.687500 1765334149.4311
MEM 456.453125 1765334149.5312
CHLD 71441 13.187500 1765334149.5340
CHLD 71442 224.125000 1765334149.5340
MEM 456.453125 1765334149.6391
CHLD 71441 13.187500 1765334149.6421
CHLD 71442 226.046875 1765334149.6421
MEM 456.453125 1765334149.7459
CHLD 71441 13.187500 1765334149.7489
CHLD 71442 254.218750 1765334149.7489
MEM 456.453125 1765334149.8535
CHLD 71441 13.187500 1765334149.8563
CHLD 71442 274.453125 1765334149.8563
MEM 456.453125 1765334149.9613
CHLD 71441 13.187500 1765334149.9644
CHLD 71442 291.265625 1765334149.9644
MEM 456.453125 1765334150.0695
CHLD 71441 13.187500 1765334150.0725
CHLD 71442 310.921875 1765334150.0725
MEM 456.453125 1765334150.1743
CHLD 71441 13.187500 1765334150.1772
CHLD 71442 329.968750 1765334150.1772
MEM 456.453125 1765334150.2801
CHLD 71441 13.187500 1765334150.2830
CHLD 71442 336.062500 1765334150.2830
MEM 456.453125 1765334150.3881
CHLD 71441 13.187500 1765334150.3909
CHLD 71442 363.328125 1765334150.3909
MEM 456.453125 1765334150.4960
CHLD 71441 13.187500 1765334150.4989
CHLD 71442 397.437500 1765334150.4989
MEM 456.453125 1765334150.6040
CHLD 71441 13.187500 1765334150.6068
CHLD 71442 413.218750 1765334150.6068
MEM 456.453125 1765334150.7119
CHLD 71441 13.187500 1765334150.7147
CHLD 71442 427.281250 1765334150.7147
MEM 456.453125 1765334150.8198
CHLD 71441 13.187500 1765334150.8227
CHLD 71442 441.828125 1765334150.8227
MEM 456.531250 1765334150.9258
CHLD 71441 13.218750 1765334150.9292
CHLD 71442 453.734375 1765334150.9292
CHLD 71451 11.781250 1765334150.9292
CHLD 71452 10.984375 1765334150.9292
CHLD 71453 10.625000 1765334150.9292
MEM 456.531250 1765334151.0344
CHLD 71441 13.218750 1765334151.0379
CHLD 71442 453.734375 1765334151.0379
CHLD 71451 47.515625 1765334151.0379
CHLD 71452 48.328125 1765334151.0379
CHLD 71453 47.234375 1765334151.0379
MEM 456.531250 1765334151.1430
CHLD 71441 13.218750 1765334151.1464
CHLD 71442 453.734375 1765334151.1464
CHLD 71451 137.484375 1765334151.1464
CHLD 71452 137.953125 1765334151.1464
CHLD 71453 137.593750 1765334151.1464
MEM 456.531250 1765334151.2515
CHLD 71441 13.218750 1765334151.2549
CHLD 71442 453.734375 1765334151.2549
CHLD 71451 168.812500 1765334151.2550
CHLD 71452 169.984375 1765334151.2550
CHLD 71453 169.500000 1765334151.2550
MEM 456.531250 1765334151.3601
CHLD 71441 13.218750 1765334151.3635
CHLD 71442 453.734375 1765334151.3635
CHLD 71451 185.953125 1765334151.3635
CHLD 71452 186.937500 1765334151.3635
CHLD 71453 186.921875 1765334151.3635
MEM 456.531250 1765334151.4686
CHLD 71441 13.218750 1765334151.4720
CHLD 71442 453.734375 1765334151.4720
CHLD 71451 191.312500 1765334151.4720
CHLD 71452 192.156250 1765334151.4720
CHLD 71453 192.156250 1765334151.4720
MEM 456.531250 1765334151.5772
CHLD 71441 13.218750 1765334151.5808
CHLD 71442 453.734375 1765334151.5808
CHLD 71451 210.687500 1765334151.5808
CHLD 71452 211.390625 1765334151.5808
CHLD 71453 210.843750 1765334151.5808
MEM 456.531250 1765334151.6860
CHLD 71441 13.218750 1765334151.6895
CHLD 71442 453.734375 1765334151.6895
CHLD 71451 225.984375 1765334151.6895
CHLD 71452 226.453125 1765334151.6895
CHLD 71453 226.234375 1765334151.6895
MEM 456.531250 1765334151.7946
CHLD 71441 13.218750 1765334151.7980
CHLD 71442 453.734375 1765334151.7980
CHLD 71451 228.031250 1765334151.7980
CHLD 71452 228.203125 1765334151.7980
CHLD 71453 229.187500 1765334151.7980
MEM 456.531250 1765334151.9032
CHLD 71441 13.218750 1765334151.9066
CHLD 71442 453.734375 1765334151.9066
CHLD 71451 233.312500 1765334151.9066
CHLD 71452 233.218750 1765334151.9066
CHLD 71453 234.781250 1765334151.9066
MEM 456.531250 1765334152.0118
CHLD 71441 13.218750 1765334152.0151
CHLD 71442 453.734375 1765334152.0151
CHLD 71451 233.656250 1765334152.0151
CHLD 71452 233.640625 1765334152.0151
CHLD 71453 235.125000 1765334152.0151
MEM 456.531250 1765334152.1202
CHLD 71441 13.218750 1765334152.1235
CHLD 71442 453.734375 1765334152.1235
CHLD 71451 244.656250 1765334152.1235
CHLD 71452 242.671875 1765334152.1235
CHLD 71453 245.218750 1765334152.1235
MEM 456.531250 1765334152.2286
CHLD 71441 13.218750 1765334152.2320
CHLD 71442 453.734375 1765334152.2320
CHLD 71451 272.921875 1765334152.2320
CHLD 71452 271.187500 1765334152.2320
CHLD 71453 273.687500 1765334152.2320
MEM 456.531250 1765334152.3369
CHLD 71441 13.218750 1765334152.3399
CHLD 71442 453.734375 1765334152.3399
CHLD 71451 288.890625 1765334152.3399
CHLD 71452 286.328125 1765334152.3399
CHLD 71453 289.406250 1765334152.3399
MEM 456.531250 1765334152.4451
CHLD 71441 13.218750 1765334152.4483
CHLD 71442 453.734375 1765334152.4483
CHLD 71451 296.015625 1765334152.4484
CHLD 71452 293.781250 1765334152.4484
CHLD 71453 296.234375 1765334152.4484
MEM 456.531250 1765334152.5535
CHLD 71441 13.218750 1765334152.5568
CHLD 71442 453.734375 1765334152.5568
CHLD 71451 315.203125 1765334152.5568
CHLD 71452 310.312500 1765334152.5568
CHLD 71453 313.531250 1765334152.5568
MEM 456.531250 1765334152.6619
CHLD 71441 13.218750 1765334152.6650
CHLD 71442 453.734375 1765334152.6650
CHLD 71451 329.781250 1765334152.6650
CHLD 71452 325.609375 1765334152.6650
CHLD 71453 329.125000 1765334152.6650
MEM 456.531250 1765334152.7702
CHLD 71441 13.218750 1765334152.7739
CHLD 71442 453.734375 1765334152.7739
CHLD 71451 341.281250 1765334152.7739
CHLD 71452 337.187500 1765334152.7739
CHLD 71453 340.406250 1765334152.7739
MEM 456.531250 1765334152.8790
CHLD 71441 13.218750 1765334152.8824
CHLD 71442 453.734375 1765334152.8824
CHLD 71451 350.437500 1765334152.8824
CHLD 71452 346.484375 1765334152.8824
CHLD 71453 348.109375 1765334152.8824
MEM 456.531250 1765334152.9876
CHLD 71441 13.218750 1765334152.9910
CHLD 71442 453.734375 1765334152.9910
CHLD 71451 376.953125 1765334152.9910
CHLD 71452 372.937500 1765334152.9910
CHLD 71453 375.718750 1765334152.9910
MEM 456.531250 1765334153.0961
CHLD 71441 13.218750 1765334153.0998
CHLD 71442 453.734375 1765334153.0998
CHLD 71451 404.812500 1765334153.0998
CHLD 71452 400.859375 1765334153.0998
CHLD 71453 403.859375 1765334153.0998
MEM 456.531250 1765334153.2035
CHLD 71441 13.218750 1765334153.2067
CHLD 71442 453.734375 1765334153.2067
CHLD 71451 420.593750 1765334153.2067
CHLD 71452 416.609375 1765334153.2067
CHLD 71453 419.734375 1765334153.2067
MEM 456.531250 1765334153.3118
CHLD 71441 13.218750 1765334153.3152
CHLD 71442 453.734375 1765334153.3152
CHLD 71451 434.109375 1765334153.3152
CHLD 71452 430.187500 1765334153.3152
CHLD 71453 433.609375 1765334153.3152
MEM 456.515625 1765334153.4202
CHLD 71441 13.218750 1765334153.4234
CHLD 71442 453.734375 1765334153.4234
CHLD 71451 444.546875 1765334153.4234
CHLD 71452 440.437500 1765334153.4234
CHLD 71453 444.031250 1765334153.4234
MEM 456.515625 1765334153.5286
CHLD 71441 13.218750 1765334153.5318
CHLD 71442 453.734375 1765334153.5318
CHLD 71451 458.062500 1765334153.5318
CHLD 71452 453.703125 1765334153.5318
CHLD 71453 457.406250 1765334153.5318
MEM 456.515625 1765334153.6369
CHLD 71441 13.218750 1765334153.6409
CHLD 71442 453.734375 1765334153.6409
CHLD 71451 466.187500 1765334153.6409
CHLD 71452 460.265625 1765334153.6409
CHLD 71453 463.765625 1765334153.6409
MEM 456.515625 1765334153.7447
CHLD 71441 13.218750 1765334153.7495
CHLD 71442 453.734375 1765334153.7495
CHLD 71451 467.203125 1765334153.7495
CHLD 71452 461.203125 1765334153.7495
CHLD 71453 464.484375 1765334153.7495
MEM 456.515625 1765334153.8547
CHLD 71441 13.218750 1765334153.8583
CHLD 71442 453.734375 1765334153.8583
CHLD 71451 467.234375 1765334153.8583
CHLD 71452 462.203125 1765334153.8583
CHLD 71453 465.359375 1765334153.8583
MEM 456.515625 1765334153.9634
CHLD 71441 13.218750 1765334153.9664
CHLD 71442 453.734375 1765334153.9664
CHLD 71451 467.234375 1765334153.9664
CHLD 71452 466.968750 1765334153.9664
CHLD 71453 470.140625 1765334153.9664
MEM 456.515625 1765334154.0716
CHLD 71441 13.218750 1765334154.0749
CHLD 71442 453.734375 1765334154.0749
CHLD 71451 467.234375 1765334154.0749
CHLD 71452 493.078125 1765334154.0749
CHLD 71453 484.031250 1765334154.0749
MEM 456.515625 1765334154.1800
CHLD 71441 13.218750 1765334154.1831
CHLD 71442 453.734375 1765334154.1831
CHLD 71451 467.234375 1765334154.1831
CHLD 71452 530.250000 1765334154.1831
CHLD 71453 484.031250 1765334154.1831
MEM 456.515625 1765334154.2882
CHLD 71441 13.218750 1765334154.2918
CHLD 71442 453.734375 1765334154.2918
CHLD 71451 467.234375 1765334154.2918
CHLD 71452 513.265625 1765334154.2918
CHLD 71453 484.031250 1765334154.2918
MEM 456.515625 1765334154.3953
CHLD 71441 13.218750 1765334154.3983
CHLD 71442 453.734375 1765334154.3983
CHLD 71451 467.234375 1765334154.3983
CHLD 71452 513.265625 1765334154.3983
CHLD 71453 484.031250 1765334154.3983
MEM 456.515625 1765334154.5035
CHLD 71441 13.218750 1765334154.5102
CHLD 71442 453.734375 1765334154.5102
CHLD 71451 467.312500 1765334154.5102
CHLD 71452 513.265625 1765334154.5102
CHLD 71453 484.031250 1765334154.5102
MEM 456.515625 1765334154.6154
CHLD 71441 13.218750 1765334154.6195
CHLD 71442 453.734375 1765334154.6195
CHLD 71451 472.437500 1765334154.6195
CHLD 71452 513.265625 1765334154.6195
CHLD 71453 484.031250 1765334154.6195
MEM 456.515625 1765334154.7216
CHLD 71441 13.218750 1765334154.7271
CHLD 71442 453.734375 1765334154.7271
CHLD 71451 472.531250 1765334154.7271
CHLD 71452 513.265625 1765334154.7271
CHLD 71453 484.031250 1765334154.7271
MEM 456.515625 1765334154.8323
CHLD 71441 13.218750 1765334154.8388
CHLD 71442 453.734375 1765334154.8388
CHLD 71451 481.671875 1765334154.8388
CHLD 71452 513.265625 1765334154.8388
CHLD 71453 484.031250 1765334154.8388
MEM 456.515625 1765334154.9440
CHLD 71441 13.218750 1765334154.9509
CHLD 71442 453.734375 1765334154.9509
CHLD 71451 493.078125 1765334154.9509
CHLD 71452 513.265625 1765334154.9509
CHLD 71453 484.031250 1765334154.9509
MEM 456.515625 1765334155.0548
CHLD 71441 13.218750 1765334155.0590
CHLD 71442 453.734375 1765334155.0591
CHLD 71451 493.078125 1765334155.0591
CHLD 71452 513.265625 1765334155.0591
CHLD 71453 484.031250 1765334155.0591
MEM 456.515625 1765334155.1635
CHLD 71441 13.218750 1765334155.1670
CHLD 71442 453.734375 1765334155.1670
CHLD 71451 495.203125 1765334155.1670
CHLD 71452 513.265625 1765334155.1670
CHLD 71453 484.031250 1765334155.1670
MEM 456.515625 1765334155.2721
CHLD 71441 13.218750 1765334155.2752
CHLD 71442 453.734375 1765334155.2752
CHLD 71451 494.703125 1765334155.2752
CHLD 71452 513.265625 1765334155.2752
CHLD 71453 484.031250 1765334155.2752
MEM 456.515625 1765334155.3803
CHLD 71441 13.218750 1765334155.3835
CHLD 71442 453.734375 1765334155.3835
CHLD 71451 493.906250 1765334155.3835
CHLD 71452 513.265625 1765334155.3835
CHLD 71453 484.031250 1765334155.3835
MEM 456.515625 1765334155.4887
CHLD 71441 13.218750 1765334155.4918
CHLD 71442 453.734375 1765334155.4918
CHLD 71451 493.687500 1765334155.4918
CHLD 71452 513.265625 1765334155.4918
CHLD 71453 484.031250 1765334155.4918
MEM 456.515625 1765334155.5969
CHLD 71441 13.218750 1765334155.6015
CHLD 71442 453.718750 1765334155.6015
CHLD 71451 493.687500 1765334155.6015
CHLD 71452 513.265625 1765334155.6015
CHLD 71453 484.031250 1765334155.6015
MEM 456.515625 1765334155.7068
CHLD 71441 13.218750 1765334155.7140
CHLD 71442 453.718750 1765334155.7140
CHLD 71451 493.687500 1765334155.7140
CHLD 71452 513.265625 1765334155.7140
CHLD 71453 484.031250 1765334155.7140
MEM 456.515625 1765334155.8193
CHLD 71441 13.218750 1765334155.8267
CHLD 71442 453.718750 1765334155.8267
CHLD 71451 493.687500 1765334155.8268
CHLD 71452 513.265625 1765334155.8268
CHLD 71453 484.031250 1765334155.8268
MEM 456.515625 1765334155.9290
CHLD 71441 13.218750 1765334155.9361
CHLD 71442 453.718750 1765334155.9361
CHLD 71451 493.687500 1765334155.9361
CHLD 71452 513.265625 1765334155.9361
CHLD 71453 484.031250 1765334155.9362
MEM 456.515625 1765334156.0383
CHLD 71441 13.218750 1765334156.0467
CHLD 71442 453.718750 1765334156.0467
CHLD 71451 493.687500 1765334156.0470
CHLD 71452 513.265625 1765334156.0470
CHLD 71453 484.031250 1765334156.0470
MEM 456.515625 1765334156.1523
CHLD 71441 13.218750 1765334156.1604
CHLD 71442 453.718750 1765334156.1604
CHLD 71451 493.687500 1765334156.1605
CHLD 71452 513.265625 1765334156.1605
CHLD 71453 484.031250 1765334156.1605
MEM 456.515625 1765334156.2646
CHLD 71441 13.218750 1765334156.2724
CHLD 71442 453.718750 1765334156.2724
CHLD 71451 493.687500 1765334156.2724
CHLD 71452 513.265625 1765334156.2724
CHLD 71453 484.031250 1765334156.2724
MEM 456.515625 1765334156.3745
CHLD 71441 13.218750 1765334156.3822
CHLD 71442 453.718750 1765334156.3822
CHLD 71451 493.687500 1765334156.3822
CHLD 71452 513.265625 1765334156.3822
CHLD 71453 484.031250 1765334156.3822
MEM 456.515625 1765334156.4876
CHLD 71441 13.218750 1765334156.4952
CHLD 71442 453.718750 1765334156.4952
CHLD 71451 493.687500 1765334156.4952
CHLD 71452 513.265625 1765334156.4952
CHLD 71453 484.031250 1765334156.4952
MEM 456.515625 1765334156.5991
CHLD 71441 13.218750 1765334156.6069
CHLD 71442 453.718750 1765334156.6070
CHLD 71451 493.687500 1765334156.6070
CHLD 71452 513.265625 1765334156.6070
CHLD 71453 484.031250 1765334156.6070
MEM 456.515625 1765334156.7089
CHLD 71441 13.218750 1765334156.7190
CHLD 71442 453.718750 1765334156.7190
CHLD 71451 493.687500 1765334156.7190
CHLD 71452 513.265625 1765334156.7191
CHLD 71453 484.031250 1765334156.7191
MEM 456.515625 1765334156.8222
CHLD 71441 13.218750 1765334156.8279
CHLD 71442 453.718750 1765334156.8280
CHLD 71451 493.687500 1765334156.8280
CHLD 71452 513.265625 1765334156.8280
CHLD 71453 484.031250 1765334156.8280
MEM 456.515625 1765334156.9327
CHLD 71441 13.218750 1765334156.9395
CHLD 71442 453.718750 1765334156.9395
CHLD 71451 493.687500 1765334156.9395
CHLD 71452 513.265625 1765334156.9395
CHLD 71453 484.031250 1765334156.9395
MEM 456.515625 1765334157.0448
CHLD 71441 13.218750 1765334157.0532
CHLD 71442 453.718750 1765334157.0533
CHLD 71451 493.687500 1765334157.0533
CHLD 71452 513.265625 1765334157.0533
CHLD 71453 484.031250 1765334157.0533
MEM 456.515625 1765334157.1553
CHLD 71441 13.218750 1765334157.1646
CHLD 71442 453.718750 1765334157.1647
CHLD 71451 493.687500 1765334157.1647
CHLD 71452 513.265625 1765334157.1647
CHLD 71453 484.031250 1765334157.1647
MEM 456.515625 1765334157.2682
CHLD 71441 13.218750 1765334157.2756
CHLD 71442 453.718750 1765334157.2756
CHLD 71451 493.687500 1765334157.2756
CHLD 71452 513.265625 1765334157.2757
CHLD 71453 484.031250 1765334157.2757
MEM 456.515625 1765334157.3766
CHLD 71441 13.218750 1765334157.3844
CHLD 71442 453.718750 1765334157.3844
CHLD 71451 493.687500 1765334157.3844
CHLD 71452 513.265625 1765334157.3844
CHLD 71453 484.031250 1765334157.3844
MEM 456.515625 1765334157.4861
CHLD 71441 13.218750 1765334157.4921
CHLD 71442 453.718750 1765334157.4921
CHLD 71451 493.687500 1765334157.4921
CHLD 71452 513.265625 1765334157.4922
CHLD 71453 484.031250 1765334157.4922
MEM 456.515625 1765334157.5975
CHLD 71441 13.218750 1765334157.6055
CHLD 71442 453.718750 1765334157.6055
CHLD 71451 493.687500 1765334157.6055
CHLD 71452 513.265625 1765334157.6055
CHLD 71453 484.031250 1765334157.6055
MEM 456.515625 1765334157.7061
CHLD 71441 13.218750 1765334157.7136
CHLD 71442 453.718750 1765334157.7137
CHLD 71451 493.687500 1765334157.7137
CHLD 71452 513.265625 1765334157.7137
CHLD 71453 484.031250 1765334157.7137
MEM 456.515625 1765334157.8182
CHLD 71441 13.218750 1765334157.8253
CHLD 71442 453.718750 1765334157.8253
CHLD 71451 493.687500 1765334157.8254
CHLD 71452 513.265625 1765334157.8254
CHLD 71453 484.031250 1765334157.8254
MEM 456.515625 1765334157.9276
CHLD 71441 13.218750 1765334157.9322
CHLD 71442 453.718750 1765334157.9323
CHLD 71451 493.687500 1765334157.9323
CHLD 71452 513.265625 1765334157.9323
CHLD 71453 484.031250 1765334157.9323
MEM 456.515625 1765334158.0376
CHLD 71441 13.218750 1765334158.0446
CHLD 71442 453.718750 1765334158.0446
CHLD 71451 493.687500 1765334158.0446
CHLD 71452 513.265625 1765334158.0446
CHLD 71453 484.031250 1765334158.0446
MEM 456.515625 1765334158.1497
CHLD 71441 13.218750 1765334158.1538
CHLD 71442 453.718750 1765334158.1538
CHLD 71451 493.687500 1765334158.1538
CHLD 71452 513.265625 1765334158.1538
CHLD 71453 484.031250 1765334158.1538
MEM 456.515625 1765334158.2591
CHLD 71441 13.218750 1765334158.2652
CHLD 71442 453.718750 1765334158.2652
CHLD 71451 493.687500 1765334158.2652
CHLD 71452 513.265625 1765334158.2652
CHLD 71453 484.031250 1765334158.2653
MEM 456.515625 1765334158.3705
CHLD 71441 13.218750 1765334158.3779
CHLD 71442 453.718750 1765334158.3779
CHLD 71451 493.687500 1765334158.3779
CHLD 71452 513.218750 1765334158.3779
CHLD 71453 484.015625 1765334158.3779
MEM 456.515625 1765334158.4834
CHLD 71441 13.218750 1765334158.4907
CHLD 71442 453.718750 1765334158.4907
CHLD 71451 493.687500 1765334158.4907
CHLD 71452 513.218750 1765334158.4907
CHLD 71453 484.015625 1765334158.4907
MEM 456.515625 1765334158.5929
CHLD 71441 13.218750 1765334158.5988
CHLD 71442 453.718750 1765334158.5989
CHLD 71451 493.687500 1765334158.5989
CHLD 71452 513.218750 1765334158.5989
CHLD 71453 484.015625 1765334158.5989
MEM 456.515625 1765334158.7026
CHLD 71441 13.218750 1765334158.7091
CHLD 71442 453.718750 1765334158.7091
CHLD 71451 493.687500 1765334158.7091
CHLD 71452 513.218750 1765334158.7091
CHLD 71453 484.015625 1765334158.7091
MEM 456.515625 1765334158.8145
CHLD 71441 13.218750 1765334158.8228
CHLD 71442 453.718750 1765334158.8228
CHLD 71451 493.687500 1765334158.8229
CHLD 71452 513.218750 1765334158.8229
CHLD 71453 484.015625 1765334158.8229
MEM 456.515625 1765334158.9242
CHLD 71441 13.218750 1765334158.9325
CHLD 71442 453.718750 1765334158.9325
CHLD 71451 493.687500 1765334158.9325
CHLD 71452 513.218750 1765334158.9325
CHLD 71453 484.015625 1765334158.9325
MEM 456.515625 1765334159.0355
CHLD 71441 13.218750 1765334159.0404
CHLD 71442 453.718750 1765334159.0404
CHLD 71451 493.687500 1765334159.0404
CHLD 71452 513.218750 1765334159.0404
CHLD 71453 484.015625 1765334159.0404
MEM 456.515625 1765334159.1454
CHLD 71441 13.218750 1765334159.1528
CHLD 71442 453.718750 1765334159.1528
CHLD 71451 493.687500 1765334159.1528
CHLD 71452 513.218750 1765334159.1528
CHLD 71453 484.015625 1765334159.1528
MEM 456.515625 1765334159.2583
CHLD 71441 13.218750 1765334159.2662
CHLD 71442 453.718750 1765334159.2663
CHLD 71451 493.687500 1765334159.2663
CHLD 71452 513.218750 1765334159.2663
CHLD 71453 484.015625 1765334159.2663
MEM 456.515625 1765334159.3718
CHLD 71441 13.218750 1765334159.3787
CHLD 71442 453.718750 1765334159.3787
CHLD 71451 493.687500 1765334159.3787
CHLD 71452 513.218750 1765334159.3787
CHLD 71453 484.015625 1765334159.3788
MEM 456.515625 1765334159.4830
CHLD 71441 13.218750 1765334159.4875
CHLD 71442 453.718750 1765334159.4875
CHLD 71451 493.687500 1765334159.4875
CHLD 71452 513.218750 1765334159.4875
CHLD 71453 484.015625 1765334159.4875
MEM 456.515625 1765334159.5888
CHLD 71441 13.218750 1765334159.5943
CHLD 71442 453.718750 1765334159.5943
CHLD 71451 493.687500 1765334159.5943
CHLD 71452 513.218750 1765334159.5944
CHLD 71453 484.015625 1765334159.5944
MEM 456.515625 1765334159.6954
CHLD 71441 13.218750 1765334159.7007
CHLD 71442 453.718750 1765334159.7007
CHLD 71451 493.687500 1765334159.7007
CHLD 71452 513.218750 1765334159.7007
CHLD 71453 484.015625 1765334159.7007
MEM 456.515625 1765334159.8063
CHLD 71441 13.218750 1765334159.8139
CHLD 71442 453.718750 1765334159.8140
CHLD 71451 493.687500 1765334159.8140
CHLD 71452 513.218750 1765334159.8140
CHLD 71453 484.015625 1765334159.8140
MEM 456.515625 1765334159.9175
CHLD 71441 13.218750 1765334159.9226
CHLD 71442 453.718750 1765334159.9226
CHLD 71451 493.687500 1765334159.9226
CHLD 71452 513.218750 1765334159.9226
CHLD 71453 484.015625 1765334159.9226
MEM 456.515625 1765334160.0283
CHLD 71441 13.218750 1765334160.0358
CHLD 71442 453.718750 1765334160.0358
CHLD 71451 493.687500 1765334160.0358
CHLD 71452 513.218750 1765334160.0358
CHLD 71453 484.015625 1765334160.0358
MEM 456.515625 1765334160.1412
CHLD 71441 13.218750 1765334160.1495
CHLD 71442 453.718750 1765334160.1496
CHLD 71451 493.687500 1765334160.1496
CHLD 71452 513.218750 1765334160.1496
CHLD 71453 484.015625 1765334160.1496
MEM 456.515625 1765334160.2529
CHLD 71441 13.218750 1765334160.2609
CHLD 71442 453.718750 1765334160.2609
CHLD 71451 493.687500 1765334160.2609
CHLD 71452 513.218750 1765334160.2609
CHLD 71453 484.015625 1765334160.2609
MEM 456.515625 1765334160.3667
CHLD 71441 13.218750 1765334160.3771
CHLD 71442 453.718750 1765334160.3772
CHLD 71451 493.687500 1765334160.3772
CHLD 71452 513.218750 1765334160.3772
CHLD 71453 484.015625 1765334160.3772
MEM 456.515625 1765334160.4814
CHLD 71441 13.218750 1765334160.4895
CHLD 71442 453.718750 1765334160.4895
CHLD 71451 493.687500 1765334160.4895
CHLD 71452 513.218750 1765334160.4896
CHLD 71453 484.015625 1765334160.4896
MEM 456.515625 1765334160.5948
CHLD 71441 13.218750 1765334160.6014
CHLD 71442 453.718750 1765334160.6014
CHLD 71451 493.687500 1765334160.6014
CHLD 71452 513.218750 1765334160.6014
CHLD 71453 484.015625 1765334160.6014
MEM 456.515625 1765334160.7038
CHLD 71441 13.218750 1765334160.7106
CHLD 71442 453.718750 1765334160.7107
CHLD 71451 493.671875 1765334160.7107
CHLD 71452 513.218750 1765334160.7107
CHLD 71453 484.015625 1765334160.7107
MEM 456.515625 1765334160.8123
CHLD 71441 13.218750 1765334160.8204
CHLD 71442 453.718750 1765334160.8204
CHLD 71451 493.671875 1765334160.8204
CHLD 71452 513.218750 1765334160.8205
CHLD 71453 484.015625 1765334160.8205
MEM 456.515625 1765334160.9208
CHLD 71441 13.218750 1765334160.9276
CHLD 71442 453.718750 1765334160.9276
CHLD 71451 493.671875 1765334160.9276
CHLD 71452 513.218750 1765334160.9276
CHLD 71453 484.015625 1765334160.9276
MEM 456.515625 1765334161.0330
CHLD 71441 13.218750 1765334161.0421
CHLD 71442 453.718750 1765334161.0421
CHLD 71451 493.671875 1765334161.0421
CHLD 71452 513.218750 1765334161.0421
CHLD 71453 484.015625 1765334161.0421
MEM 456.515625 1765334161.1455
CHLD 71441 13.218750 1765334161.1546
CHLD 71442 453.718750 1765334161.1546
CHLD 71451 493.671875 1765334161.1546
CHLD 71452 513.218750 1765334161.1546
CHLD 71453 484.015625 1765334161.1546
MEM 456.515625 1765334161.2599
CHLD 71441 13.218750 1765334161.2682
CHLD 71442 453.718750 1765334161.2683
CHLD 71451 493.671875 1765334161.2683
CHLD 71452 513.218750 1765334161.2683
CHLD 71453 484.015625 1765334161.2683
MEM 456.515625 1765334161.3704
CHLD 71441 13.218750 1765334161.3777
CHLD 71442 453.718750 1765334161.3777
CHLD 71451 493.671875 1765334161.3777
CHLD 71452 513.218750 1765334161.3778
CHLD 71453 484.015625 1765334161.3778
MEM 456.515625 1765334161.4793
CHLD 71441 13.218750 1765334161.4880
CHLD 71442 453.718750 1765334161.4880
CHLD 71451 493.671875 1765334161.4880
CHLD 71452 513.218750 1765334161.4880
CHLD 71453 484.015625 1765334161.4880
MEM 456.515625 1765334161.5932
CHLD 71441 13.218750 1765334161.6013
CHLD 71442 453.718750 1765334161.6014
CHLD 71451 493.671875 1765334161.6014
CHLD 71452 513.218750 1765334161.6014
CHLD 71453 484.015625 1765334161.6014
MEM 456.515625 1765334161.7067
CHLD 71441 13.218750 1765334161.7144
CHLD 71442 453.718750 1765334161.7144
CHLD 71451 493.671875 1765334161.7144
CHLD 71452 513.218750 1765334161.7145
CHLD 71453 484.015625 1765334161.7145
MEM 456.515625 1765334161.8173
CHLD 71441 13.218750 1765334161.8255
CHLD 71442 453.718750 1765334161.8255
CHLD 71451 493.671875 1765334161.8255
CHLD 71452 513.218750 1765334161.8255
CHLD 71453 484.015625 1765334161.8255
MEM 456.515625 1765334161.9307
CHLD 71441 13.218750 1765334161.9383
CHLD 71442 453.718750 1765334161.9383
CHLD 71451 493.671875 1765334161.9383
CHLD 71452 513.218750 1765334161.9383
CHLD 71453 484.015625 1765334161.9383
MEM 456.515625 1765334162.0400
CHLD 71441 13.218750 1765334162.0436
CHLD 71442 453.718750 1765334162.0436
CHLD 71451 493.671875 1765334162.0436
CHLD 71452 513.218750 1765334162.0436
CHLD 71453 484.015625 1765334162.0437
MEM 456.515625 1765334162.1449
CHLD 71441 13.218750 1765334162.1513
CHLD 71442 453.718750 1765334162.1513
CHLD 71451 493.671875 1765334162.1513
CHLD 71452 513.218750 1765334162.1513
CHLD 71453 484.015625 1765334162.1513
MEM 456.515625 1765334162.2542
CHLD 71441 13.218750 1765334162.2645
CHLD 71442 453.718750 1765334162.2645
CHLD 71451 493.671875 1765334162.2645
CHLD 71452 513.218750 1765334162.2645
CHLD 71453 484.015625 1765334162.2645
MEM 456.515625 1765334162.3678
CHLD 71441 13.218750 1765334162.3744
CHLD 71442 453.718750 1765334162.3745
CHLD 71451 493.671875 1765334162.3745
CHLD 71452 513.218750 1765334162.3746
CHLD 71453 484.015625 1765334162.3746
MEM 456.515625 1765334162.4791
CHLD 71441 13.218750 1765334162.4864
CHLD 71442 453.718750 1765334162.4864
CHLD 71451 493.671875 1765334162.4864
CHLD 71452 513.218750 1765334162.4865
CHLD 71453 484.015625 1765334162.4865
MEM 456.515625 1765334162.5919
CHLD 71441 13.218750 1765334162.6003
CHLD 71442 453.718750 1765334162.6003
CHLD 71451 493.671875 1765334162.6003
CHLD 71452 513.218750 1765334162.6003
CHLD 71453 484.015625 1765334162.6003
MEM 456.515625 1765334162.7056
CHLD 71441 13.218750 1765334162.7121
CHLD 71442 453.718750 1765334162.7121
CHLD 71451 493.671875 1765334162.7121
CHLD 71452 513.218750 1765334162.7121
CHLD 71453 484.015625 1765334162.7121
MEM 456.515625 1765334162.8172
CHLD 71441 13.218750 1765334162.8235
CHLD 71442 453.718750 1765334162.8235
CHLD 71451 493.671875 1765334162.8235
CHLD 71452 513.218750 1765334162.8235
CHLD 71453 484.015625 1765334162.8235
MEM 456.515625 1765334162.9289
CHLD 71441 13.218750 1765334162.9353
CHLD 71442 453.718750 1765334162.9354
CHLD 71451 493.671875 1765334162.9354
CHLD 71452 513.218750 1765334162.9354
CHLD 71453 484.015625 1765334162.9354
MEM 456.515625 1765334163.0408
CHLD 71441 13.218750 1765334163.0487
CHLD 71442 453.718750 1765334163.0487
CHLD 71451 493.671875 1765334163.0487
CHLD 71452 513.218750 1765334163.0487
CHLD 71453 484.015625 1765334163.0487
MEM 456.515625 1765334163.1501
CHLD 71441 13.218750 1765334163.1579
CHLD 71442 453.718750 1765334163.1579
CHLD 71451 493.671875 1765334163.1579
CHLD 71452 513.218750 1765334163.1579
CHLD 71453 484.015625 1765334163.1579
MEM 456.515625 1765334163.2595
CHLD 71441 13.218750 1765334163.2657
CHLD 71442 453.718750 1765334163.2657
CHLD 71451 493.671875 1765334163.2657
CHLD 71452 513.218750 1765334163.2657
CHLD 71453 484.015625 1765334163.2657
MEM 456.515625 1765334163.3711
CHLD 71441 13.218750 1765334163.3793
CHLD 71442 453.718750 1765334163.3793
CHLD 71451 493.671875 1765334163.3793
CHLD 71452 513.218750 1765334163.3794
CHLD 71453 484.015625 1765334163.3794
MEM 456.515625 1765334163.4807
CHLD 71441 13.218750 1765334163.4881
CHLD 71442 453.718750 1765334163.4881
CHLD 71451 493.671875 1765334163.4882
CHLD 71452 513.218750 1765334163.4882
CHLD 71453 484.015625 1765334163.4882
MEM 456.515625 1765334163.5935
CHLD 71441 13.218750 1765334163.6021
CHLD 71442 453.718750 1765334163.6021
CHLD 71451 493.671875 1765334163.6021
CHLD 71452 513.218750 1765334163.6021
CHLD 71453 484.015625 1765334163.6021
MEM 456.515625 1765334163.7075
CHLD 71441 13.218750 1765334163.7155
CHLD 71442 453.718750 1765334163.7155
CHLD 71451 493.671875 1765334163.7155
CHLD 71452 513.218750 1765334163.7155
CHLD 71453 484.015625 1765334163.7155
MEM 456.515625 1765334163.8206
CHLD 71441 13.218750 1765334163.8279
CHLD 71442 453.718750 1765334163.8280
CHLD 71451 493.671875 1765334163.8280
CHLD 71452 513.218750 1765334163.8280
CHLD 71453 484.015625 1765334163.8280
MEM 456.515625 1765334163.9333
CHLD 71441 13.218750 1765334163.9408
CHLD 71442 453.718750 1765334163.9408
CHLD 71451 493.671875 1765334163.9408
CHLD 71452 513.218750 1765334163.9408
CHLD 71453 484.015625 1765334163.9408
MEM 456.515625 1765334164.0415
CHLD 71441 13.218750 1765334164.0479
CHLD 71442 453.718750 1765334164.0480
CHLD 71451 493.671875 1765334164.0480
CHLD 71452 513.218750 1765334164.0480
CHLD 71453 484.015625 1765334164.0480
MEM 456.515625 1765334164.1516
CHLD 71441 13.218750 1765334164.1583
CHLD 71442 453.718750 1765334164.1583
CHLD 71451 493.671875 1765334164.1583
CHLD 71452 513.218750 1765334164.1583
CHLD 71453 484.015625 1765334164.1583
MEM 456.515625 1765334164.2635
CHLD 71441 13.218750 1765334164.2716
CHLD 71442 453.718750 1765334164.2716
CHLD 71451 493.671875 1765334164.2717
CHLD 71452 513.218750 1765334164.2717
CHLD 71453 484.015625 1765334164.2717
MEM 456.515625 1765334164.3747
CHLD 71441 13.218750 1765334164.3796
CHLD 71442 453.718750 1765334164.3796
CHLD 71451 493.671875 1765334164.3796
CHLD 71452 513.218750 1765334164.3797
CHLD 71453 484.015625 1765334164.3797
MEM 456.515625 1765334164.4808
CHLD 71441 13.218750 1765334164.4839
CHLD 71442 453.718750 1765334164.4839
CHLD 71451 493.671875 1765334164.4839
CHLD 71452 513.218750 1765334164.4839
CHLD 71453 484.015625 1765334164.4839
MEM 456.515625 1765334164.5890
CHLD 71441 13.218750 1765334164.5925
CHLD 71442 453.718750 1765334164.5925
CHLD 71451 493.671875 1765334164.5926
CHLD 71452 513.218750 1765334164.5926
CHLD 71453 484.015625 1765334164.5926
MEM 456.515625 1765334164.6953
CHLD 71441 13.218750 1765334164.6984
CHLD 71442 453.718750 1765334164.6984
CHLD 71451 493.671875 1765334164.6984
CHLD 71452 513.218750 1765334164.6984
CHLD 71453 484.015625 1765334164.6984
MEM 456.515625 1765334164.8035
CHLD 71441 13.218750 1765334164.8066
CHLD 71442 453.718750 1765334164.8066
CHLD 71451 493.671875 1765334164.8067
CHLD 71452 513.218750 1765334164.8067
CHLD 71453 484.015625 1765334164.8067
MEM 456.515625 1765334164.9118
CHLD 71441 13.218750 1765334164.9149
CHLD 71442 453.718750 1765334164.9149
CHLD 71451 493.671875 1765334164.9149
CHLD 71452 513.218750 1765334164.9149
CHLD 71453 484.015625 1765334164.9149
MEM 456.515625 1765334165.0189
CHLD 71441 13.218750 1765334165.0223
CHLD 71442 453.718750 1765334165.0223
CHLD 71451 493.671875 1765334165.0223
CHLD 71452 513.218750 1765334165.0223
CHLD 71453 484.015625 1765334165.0223
MEM 456.515625 1765334165.1271
CHLD 71441 13.218750 1765334165.1305
CHLD 71442 453.718750 1765334165.1305
CHLD 71451 493.671875 1765334165.1305
CHLD 71452 513.218750 1765334165.1305
CHLD 71453 484.015625 1765334165.1305
MEM 456.515625 1765334165.2356
CHLD 71441 13.218750 1765334165.2390
CHLD 71442 453.718750 1765334165.2390
CHLD 71451 493.671875 1765334165.2390
CHLD 71452 513.218750 1765334165.2390
CHLD 71453 484.015625 1765334165.2390
MEM 456.515625 1765334165.3441
CHLD 71441 13.218750 1765334165.3475
CHLD 71442 453.718750 1765334165.3475
CHLD 71451 493.671875 1765334165.3475
CHLD 71452 513.218750 1765334165.3475
CHLD 71453 484.015625 1765334165.3475
MEM 456.515625 1765334165.4525
CHLD 71441 13.218750 1765334165.4556
CHLD 71442 453.718750 1765334165.4556
CHLD 71451 493.671875 1765334165.4556
CHLD 71452 513.218750 1765334165.4556
CHLD 71453 484.015625 1765334165.4556
MEM 456.515625 1765334165.5607
CHLD 71441 13.218750 1765334165.5653
CHLD 71442 453.718750 1765334165.5653
CHLD 71451 493.671875 1765334165.5654
CHLD 71452 513.218750 1765334165.5654
CHLD 71453 484.015625 1765334165.5654
MEM 456.515625 1765334165.6705
CHLD 71441 13.218750 1765334165.6750
CHLD 71442 453.718750 1765334165.6750
CHLD 71451 493.671875 1765334165.6750
CHLD 71452 513.218750 1765334165.6750
CHLD 71453 484.015625 1765334165.6750
MEM 456.515625 1765334165.7801
CHLD 71441 13.218750 1765334165.7852
CHLD 71442 453.718750 1765334165.7852
CHLD 71451 493.671875 1765334165.7852
CHLD 71452 513.218750 1765334165.7852
CHLD 71453 484.015625 1765334165.7852
MEM 456.515625 1765334165.8903
CHLD 71441 13.218750 1765334165.8953
CHLD 71442 453.718750 1765334165.8953
CHLD 71451 493.671875 1765334165.8953
CHLD 71452 513.218750 1765334165.8953
CHLD 71453 484.015625 1765334165.8953
MEM 456.515625 1765334166.0004
CHLD 71441 13.218750 1765334166.0054
CHLD 71442 453.718750 1765334166.0054
CHLD 71451 493.671875 1765334166.0054
CHLD 71452 513.218750 1765334166.0054
CHLD 71453 484.015625 1765334166.0054
MEM 456.515625 1765334166.1105
CHLD 71441 13.218750 1765334166.1136
CHLD 71442 453.718750 1765334166.1136
CHLD 71451 493.671875 1765334166.1136
CHLD 71452 513.218750 1765334166.1136
CHLD 71453 484.015625 1765334166.1136
MEM 456.515625 1765334166.2163
CHLD 71441 13.218750 1765334166.2196
CHLD 71442 453.718750 1765334166.2196
CHLD 71451 493.671875 1765334166.2196
CHLD 71452 513.218750 1765334166.2196
CHLD 71453 484.015625 1765334166.2196
MEM 456.515625 1765334166.3222
CHLD 71441 13.218750 1765334166.3270
CHLD 71442 453.718750 1765334166.3270
CHLD 71451 493.671875 1765334166.3270
CHLD 71452 513.218750 1765334166.3270
CHLD 71453 484.015625 1765334166.3270
MEM 456.515625 1765334166.4293
CHLD 71441 13.218750 1765334166.4331
CHLD 71442 453.718750 1765334166.4331
CHLD 71451 493.671875 1765334166.4331
CHLD 71452 513.218750 1765334166.4332
CHLD 71453 484.015625 1765334166.4332
MEM 456.515625 1765334166.5382
CHLD 71441 13.218750 1765334166.5423
CHLD 71442 453.718750 1765334166.5423
CHLD 71451 493.671875 1765334166.5423
CHLD 71452 513.218750 1765334166.5423
CHLD 71453 484.015625 1765334166.5423
MEM 456.515625 1765334166.6453
CHLD 71441 13.218750 1765334166.6497
CHLD 71442 453.718750 1765334166.6497
CHLD 71451 493.671875 1765334166.6497
CHLD 71452 513.218750 1765334166.6497
CHLD 71453 484.015625 1765334166.6497
MEM 456.515625 1765334166.7529
CHLD 71441 13.218750 1765334166.7568
CHLD 71442 453.718750 1765334166.7568
CHLD 71451 493.671875 1765334166.7568
CHLD 71452 513.218750 1765334166.7568
CHLD 71453 484.015625 1765334166.7568
MEM 456.515625 1765334166.8620
CHLD 71441 13.218750 1765334166.8671
CHLD 71442 453.718750 1765334166.8671
CHLD 71451 493.671875 1765334166.8671
CHLD 71452 513.218750 1765334166.8671
CHLD 71453 484.015625 1765334166.8671
MEM 456.515625 1765334166.9711
CHLD 71441 13.218750 1765334166.9762
CHLD 71442 453.718750 1765334166.9762
CHLD 71451 493.671875 1765334166.9762
CHLD 71452 513.218750 1765334166.9762
CHLD 71453 484.015625 1765334166.9762
MEM 456.515625 1765334167.0787
CHLD 71441 13.218750 1765334167.0825
CHLD 71442 453.718750 1765334167.0825
CHLD 71451 493.671875 1765334167.0825
CHLD 71452 513.218750 1765334167.0825
CHLD 71453 484.015625 1765334167.0825
MEM 456.515625 1765334167.1876
CHLD 71441 13.218750 1765334167.1928
CHLD 71442 453.718750 1765334167.1928
CHLD 71451 493.671875 1765334167.1928
CHLD 71452 513.218750 1765334167.1928
CHLD 71453 484.015625 1765334167.1928
MEM 456.515625 1765334167.2953
CHLD 71441 13.218750 1765334167.2999
CHLD 71442 453.718750 1765334167.2999
CHLD 71451 493.671875 1765334167.2999
CHLD 71452 513.218750 1765334167.2999
CHLD 71453 484.015625 1765334167.2999
MEM 456.515625 1765334167.4049
CHLD 71441 13.218750 1765334167.4099
CHLD 71442 453.718750 1765334167.4099
CHLD 71451 493.671875 1765334167.4099
CHLD 71452 513.218750 1765334167.4099
CHLD 71453 484.015625 1765334167.4099
MEM 456.515625 1765334167.5102
CHLD 71441 13.218750 1765334167.5149
CHLD 71442 453.718750 1765334167.5149
CHLD 71451 493.671875 1765334167.5149
CHLD 71452 513.218750 1765334167.5149
CHLD 71453 484.015625 1765334167.5149
MEM 456.515625 1765334167.6200
CHLD 71441 13.218750 1765334167.6249
CHLD 71442 453.718750 1765334167.6249
CHLD 71451 493.671875 1765334167.6249
CHLD 71452 513.218750 1765334167.6249
CHLD 71453 484.015625 1765334167.6249
MEM 456.515625 1765334167.7258
CHLD 71441 13.218750 1765334167.7299
CHLD 71442 453.718750 1765334167.7299
CHLD 71451 493.671875 1765334167.7299
CHLD 71452 513.218750 1765334167.7299
CHLD 71453 484.015625 1765334167.7299
MEM 456.515625 1765334167.8308
CHLD 71441 13.218750 1765334167.8356
CHLD 71442 453.718750 1765334167.8356
CHLD 71451 493.671875 1765334167.8356
CHLD 71452 513.218750 1765334167.8356
CHLD 71453 484.015625 1765334167.8356
MEM 456.515625 1765334167.9392
CHLD 71441 13.218750 1765334167.9432
CHLD 71442 453.718750 1765334167.9432
CHLD 71451 493.671875 1765334167.9433
CHLD 71452 513.218750 1765334167.9433
CHLD 71453 484.015625 1765334167.9433
MEM 456.515625 1765334168.0436
CHLD 71441 13.218750 1765334168.0485
CHLD 71442 453.718750 1765334168.0485
CHLD 71451 493.625000 1765334168.0485
CHLD 71452 513.218750 1765334168.0485
CHLD 71453 484.015625 1765334168.0485
MEM 445.000000 1765334168.1536
CHLD 71441 11.171875 1765334168.1589
CHLD 71442 400.578125 1765334168.1589
CHLD 71451 479.875000 1765334168.1590
CHLD 71452 496.687500 1765334168.1590
CHLD 71453 464.546875 1765334168.1590
MEM 445.000000 1765334168.2641
CHLD 71441 11.171875 1765334168.2690
CHLD 71442 400.578125 1765334168.2690
CHLD 71451 452.671875 1765334168.2690
CHLD 71452 480.671875 1765334168.2690
CHLD 71453 439.515625 1765334168.2690
MEM 444.937500 1765334168.3741
CHLD 71441 11.171875 1765334168.3787
CHLD 71442 400.578125 1765334168.3787
CHLD 71451 452.671875 1765334168.3787
CHLD 71452 480.671875 1765334168.3787
CHLD 71453 439.515625 1765334168.3787
MEM 444.937500 1765334168.4838
CHLD 71441 11.171875 1765334168.4871
CHLD 71442 400.578125 1765334168.4871
CHLD 71451 452.671875 1765334168.4871
CHLD 71452 480.671875 1765334168.4871
CHLD 71453 439.515625 1765334168.4871
MEM 444.937500 1765334168.5922
CHLD 71441 11.171875 1765334168.5951
CHLD 71442 400.578125 1765334168.5951
CHLD 71451 452.671875 1765334168.5951
CHLD 71452 480.671875 1765334168.5951
CHLD 71453 439.515625 1765334168.5951
MEM 444.937500 1765334168.6979
CHLD 71441 11.171875 1765334168.7029
CHLD 71442 400.578125 1765334168.7029
CHLD 71451 452.671875 1765334168.7029
CHLD 71452 480.671875 1765334168.7029
CHLD 71453 439.515625 1765334168.7029
MEM 444.937500 1765334168.8080
CHLD 71441 11.171875 1765334168.8127
CHLD 71442 400.578125 1765334168.8127
CHLD 71451 452.671875 1765334168.8127
CHLD 71452 480.671875 1765334168.8127
CHLD 71453 439.515625 1765334168.8127
MEM 444.937500 1765334168.9168
CHLD 71441 11.171875 1765334168.9215
CHLD 71442 400.578125 1765334168.9215
CHLD 71451 452.671875 1765334168.9215
CHLD 71452 480.671875 1765334168.9215
CHLD 71453 439.515625 1765334168.9215
MEM 444.937500 1765334169.0248
CHLD 71441 11.171875 1765334169.0278
CHLD 71442 400.578125 1765334169.0279
CHLD 71451 452.671875 1765334169.0279
CHLD 71452 480.671875 1765334169.0279
CHLD 71453 439.515625 1765334169.0279
MEM 444.937500 1765334169.1329
CHLD 71441 11.171875 1765334169.1360
CHLD 71442 400.578125 1765334169.1360
CHLD 71451 452.671875 1765334169.1360
CHLD 71452 480.671875 1765334169.1360
CHLD 71453 439.515625 1765334169.1360
MEM 444.937500 1765334169.2382
CHLD 71441 11.171875 1765334169.2417
CHLD 71442 400.578125 1765334169.2417
CHLD 71451 452.671875 1765334169.2417
CHLD 71452 480.671875 1765334169.2417
CHLD 71453 439.515625 1765334169.2417
MEM 444.937500 1765334169.3448
CHLD 71441 11.171875 1765334169.3484
CHLD 71442 400.578125 1765334169.3484
CHLD 71451 452.671875 1765334169.3484
CHLD 71452 480.671875 1765334169.3484
CHLD 71453 439.515625 1765334169.3485
MEM 444.937500 1765334169.4535
CHLD 71441 11.171875 1765334169.4573
CHLD 71442 400.578125 1765334169.4573
CHLD 71451 452.671875 1765334169.4573
CHLD 71452 480.671875 1765334169.4573
CHLD 71453 439.515625 1765334169.4573
MEM 444.937500 1765334169.5619
CHLD 71441 11.171875 1765334169.5657
CHLD 71442 400.578125 1765334169.5657
CHLD 71451 452.671875 1765334169.5657
CHLD 71452 480.671875 1765334169.5657
CHLD 71453 439.515625 1765334169.5657
MEM 444.937500 1765334169.6707
CHLD 71441 11.171875 1765334169.6745
CHLD 71442 400.578125 1765334169.6745
CHLD 71451 452.671875 1765334169.6745
CHLD 71452 480.671875 1765334169.6745
CHLD 71453 439.515625 1765334169.6745
MEM 444.937500 1765334169.7768
CHLD 71441 11.171875 1765334169.7818
CHLD 71442 400.578125 1765334169.7818
CHLD 71451 452.671875 1765334169.7818
CHLD 71452 480.671875 1765334169.7818
CHLD 71453 439.515625 1765334169.7818
MEM 444.937500 1765334169.8869
CHLD 71441 11.171875 1765334169.8919
CHLD 71442 400.578125 1765334169.8919
CHLD 71451 452.671875 1765334169.8919
CHLD 71452 480.671875 1765334169.8919
CHLD 71453 439.515625 1765334169.8919
MEM 444.937500 1765334169.9971
CHLD 71441 11.171875 1765334170.0054
CHLD 71442 400.578125 1765334170.0054
CHLD 71451 451.625000 1765334170.0054
CHLD 71452 476.781250 1765334170.0054
CHLD 71453 439.515625 1765334170.0054
MEM 444.937500 1765334170.1076
CHLD 71441 11.171875 1765334170.1135
CHLD 71442 400.578125 1765334170.1135
CHLD 71451 412.031250 1765334170.1135
CHLD 71452 423.015625 1765334170.1135
CHLD 71453 409.828125 1765334170.1135
MEM 211.812500 1765334170.2186
CHLD 71441 5.890625 1765334170.2222
CHLD 71442 280.937500 1765334170.2222
CHLD 71451 246.390625 1765334170.2222
CHLD 71452 257.000000 1765334170.2222
CHLD 71453 251.765625 1765334170.2222
MEM 211.812500 1765334170.3273
CHLD 71441 5.890625 1765334170.3311
CHLD 71442 280.937500 1765334170.3311
CHLD 71451 246.390625 1765334170.3311
CHLD 71452 257.000000 1765334170.3311
CHLD 71453 251.765625 1765334170.3311
MEM 208.953125 1765334170.4319
CHLD 71441 5.890625 1765334170.4354
CHLD 71442 271.531250 1765334170.4354
CHLD 71451 236.921875 1765334170.4354
CHLD 71452 247.593750 1765334170.4354
CHLD 71453 242.359375 1765334170.4354
MEM 188.375000 1765334170.5406
CHLD 71441 5.734375 1765334170.5441
CHLD 71442 257.453125 1765334170.5441
CHLD 71451 219.203125 1765334170.5441
CHLD 71452 229.062500 1765334170.5441
CHLD 71453 223.828125 1765334170.5441
MEM 185.093750 1765334170.6492
CHLD 71441 5.718750 1765334170.6523
CHLD 71442 254.218750 1765334170.6523
CHLD 71451 215.968750 1765334170.6523
CHLD 71452 225.828125 1765334170.6523
CHLD 71453 220.593750 1765334170.6523
MEM 185.093750 1765334170.7559
CHLD 71441 5.718750 1765334170.7595
CHLD 71442 254.218750 1765334170.7595
CHLD 71451 215.968750 1765334170.7595
CHLD 71452 225.828125 1765334170.7595
CHLD 71453 220.593750 1765334170.7595
MEM 185.093750 1765334170.8646
CHLD 71441 5.718750 1765334170.8681
CHLD 71442 254.218750 1765334170.8681
CHLD 71451 215.968750 1765334170.8681
CHLD 71452 225.828125 1765334170.8681
CHLD 71453 220.593750 1765334170.8682
MEM 185.093750 1765334170.9704
CHLD 71441 5.718750 1765334170.9738
CHLD 71442 254.218750 1765334170.9738
CHLD 71451 215.968750 1765334170.9738
CHLD 71452 225.828125 1765334170.9738
CHLD 71453 220.593750 1765334170.9738
MEM 185.093750 1765334171.0789
CHLD 71441 5.718750 1765334171.0824
CHLD 71442 254.218750 1765334171.0824
CHLD 71451 215.968750 1765334171.0824
CHLD 71452 225.828125 1765334171.0824
CHLD 71453 220.593750 1765334171.0824
MEM 185.093750 1765334171.1825
CHLD 71441 5.718750 1765334171.1862
CHLD 71442 254.218750 1765334171.1862
CHLD 71451 215.968750 1765334171.1862
CHLD 71452 225.828125 1765334171.1862
CHLD 71453 220.593750 1765334171.1862
MEM 185.093750 1765334171.2863
CHLD 71441 5.718750 1765334171.2897
CHLD 71442 254.218750 1765334171.2897
CHLD 71451 215.968750 1765334171.2897
CHLD 71452 225.828125 1765334171.2897
CHLD 71453 220.593750 1765334171.2897
MEM 185.093750 1765334171.3900
CHLD 71441 5.718750 1765334171.3934
CHLD 71442 254.218750 1765334171.3934
CHLD 71451 215.968750 1765334171.3934
CHLD 71452 225.828125 1765334171.3935
CHLD 71453 220.593750 1765334171.3935
MEM 185.093750 1765334171.4943
CHLD 71441 5.718750 1765334171.4979
CHLD 71442 254.218750 1765334171.4979
CHLD 71451 215.968750 1765334171.4979
CHLD 71452 225.828125 1765334171.4979
CHLD 71453 220.593750 1765334171.4980
MEM 184.531250 1765334171.6031
CHLD 71441 5.687500 1765334171.6066
CHLD 71442 254.187500 1765334171.6066
CHLD 71451 216.078125 1765334171.6066
CHLD 71452 225.796875 1765334171.6066
CHLD 71453 220.562500 1765334171.6066
MEM 184.531250 1765334171.7116
CHLD 71441 5.687500 1765334171.7150
CHLD 71442 254.187500 1765334171.7150
CHLD 71451 216.078125 1765334171.7150
CHLD 71452 225.796875 1765334171.7150
CHLD 71453 220.562500 1765334171.7150
MEM 184.531250 1765334171.8201
CHLD 71441 5.687500 1765334171.8248
CHLD 71442 254.187500 1765334171.8249
CHLD 71451 216.078125 1765334171.8249
CHLD 71452 225.796875 1765334171.8249
CHLD 71453 220.562500 1765334171.8249
MEM 184.531250 1765334171.9300
CHLD 71441 5.687500 1765334171.9359
CHLD 71442 254.187500 1765334171.9359
CHLD 71451 216.078125 1765334171.9359
CHLD 71452 225.796875 1765334171.9359
CHLD 71453 220.562500 1765334171.9359
MEM 184.531250 1765334172.0370
CHLD 71441 5.687500 1765334172.0402
CHLD 71442 254.187500 1765334172.0402
CHLD 71451 216.078125 1765334172.0402
CHLD 71452 225.796875 1765334172.0402
CHLD 71453 220.562500 1765334172.0402
MEM 184.531250 1765334172.1452
CHLD 71441 5.687500 1765334172.1486
CHLD 71442 254.187500 1765334172.1486
CHLD 71451 216.078125 1765334172.1486
CHLD 71452 225.796875 1765334172.1486
CHLD 71453 220.562500 1765334172.1486
MEM 184.531250 1765334172.2537
CHLD 71441 5.687500 1765334172.2571
CHLD 71442 254.187500 1765334172.2571
CHLD 71451 216.078125 1765334172.2571
CHLD 71452 225.796875 1765334172.2571
CHLD 71453 220.562500 1765334172.2571
MEM 184.531250 1765334172.3620
CHLD 71441 5.687500 1765334172.3651
CHLD 71442 254.187500 1765334172.3651
CHLD 71451 216.078125 1765334172.3651
CHLD 71452 225.796875 1765334172.3651
CHLD 71453 220.562500 1765334172.3651
MEM 184.531250 1765334172.4702
CHLD 71441 5.687500 1765334172.4741
CHLD 71442 254.187500 1765334172.4741
CHLD 71451 216.078125 1765334172.4741
CHLD 71452 225.796875 1765334172.4741
CHLD 71453 220.562500 1765334172.4741
MEM 184.531250 1765334172.5792
CHLD 71441 5.687500 1765334172.5838
CHLD 71442 254.187500 1765334172.5838
CHLD 71451 216.078125 1765334172.5838
CHLD 71452 225.796875 1765334172.5838
CHLD 71453 220.562500 1765334172.5838
MEM 184.531250 1765334172.6889
CHLD 71441 5.687500 1765334172.6925
CHLD 71442 254.187500 1765334172.6925
CHLD 71451 216.078125 1765334172.6925
CHLD 71452 225.796875 1765334172.6925
CHLD 71453 220.562500 1765334172.6925
MEM 184.531250 1765334172.7955
CHLD 71441 5.687500 1765334172.8003
CHLD 71442 254.187500 1765334172.8003
CHLD 71451 216.078125 1765334172.8003
CHLD 71452 225.796875 1765334172.8003
CHLD 71453 220.562500 1765334172.8003
MEM 184.531250 1765334172.9037
CHLD 71441 5.687500 1765334172.9090
CHLD 71442 254.187500 1765334172.9090
CHLD 71451 216.078125 1765334172.9090
CHLD 71452 225.796875 1765334172.9090
CHLD 71453 220.562500 1765334172.9090
MEM 184.531250 1765334173.0141
CHLD 71441 5.687500 1765334173.0197
CHLD 71442 254.187500 1765334173.0197
CHLD 71451 216.078125 1765334173.0197
CHLD 71452 225.796875 1765334173.0197
CHLD 71453 220.562500 1765334173.0197
MEM 184.531250 1765334173.1251
CHLD 71441 5.687500 1765334173.1312
CHLD 71442 254.187500 1765334173.1312
CHLD 71451 216.078125 1765334173.1312
CHLD 71452 225.796875 1765334173.1312
CHLD 71453 220.562500 1765334173.1312
MEM 184.531250 1765334173.2328
CHLD 71441 5.687500 1765334173.2397
CHLD 71442 254.187500 1765334173.2397
CHLD 71451 216.078125 1765334173.2397
CHLD 71452 225.796875 1765334173.2397
CHLD 71453 220.562500 1765334173.2397
MEM 184.531250 1765334173.3450
CHLD 71441 5.687500 1765334173.3508
CHLD 71442 254.187500 1765334173.3508
CHLD 71451 216.078125 1765334173.3508
CHLD 71452 225.796875 1765334173.3508
CHLD 71453 220.562500 1765334173.3508
MEM 184.531250 1765334173.4560
CHLD 71441 5.687500 1765334173.4611
CHLD 71442 254.187500 1765334173.4611
CHLD 71451 216.078125 1765334173.4611
CHLD 71452 225.796875 1765334173.4611
CHLD 71453 220.562500 1765334173.4612
MEM 184.531250 1765334173.5635
CHLD 71441 5.687500 1765334173.5700
CHLD 71442 254.187500 1765334173.5700
CHLD 71451 216.078125 1765334173.5700
CHLD 71452 225.796875 1765334173.5700
CHLD 71453 220.562500 1765334173.5700
MEM 184.531250 1765334173.6751
CHLD 71441 5.687500 1765334173.6807
CHLD 71442 254.187500 1765334173.6807
CHLD 71451 216.078125 1765334173.6807
CHLD 71452 225.796875 1765334173.6807
CHLD 71453 220.562500 1765334173.6807
MEM 184.531250 1765334173.7852
CHLD 71441 5.687500 1765334173.7920
CHLD 71442 254.187500 1765334173.7920
CHLD 71451 216.078125 1765334173.7920
CHLD 71452 225.796875 1765334173.7920
CHLD 71453 220.562500 1765334173.7920
MEM 184.531250 1765334173.8972
CHLD 71441 5.687500 1765334173.9045
CHLD 71442 254.187500 1765334173.9045
CHLD 71451 216.078125 1765334173.9045
CHLD 71452 225.796875 1765334173.9045
CHLD 71453 220.562500 1765334173.9045
MEM 184.531250 1765334174.0080
CHLD 71441 5.687500 1765334174.0138
CHLD 71442 254.187500 1765334174.0138
CHLD 71451 216.078125 1765334174.0138
CHLD 71452 225.796875 1765334174.0139
CHLD 71453 220.562500 1765334174.0139
MEM 184.531250 1765334174.1190
CHLD 71441 5.687500 1765334174.1260
CHLD 71442 254.187500 1765334174.1260
CHLD 71451 216.078125 1765334174.1260
CHLD 71452 225.796875 1765334174.1260
CHLD 71453 220.562500 1765334174.1260
MEM 184.531250 1765334174.2312
CHLD 71441 5.687500 1765334174.2383
CHLD 71442 254.187500 1765334174.2383
CHLD 71451 216.078125 1765334174.2383
CHLD 71452 225.796875 1765334174.2383
CHLD 71453 220.562500 1765334174.2383
MEM 184.531250 1765334174.3423
CHLD 71441 5.687500 1765334174.3478
CHLD 71442 254.187500 1765334174.3478
CHLD 71451 216.078125 1765334174.3478
CHLD 71452 225.796875 1765334174.3478
CHLD 71453 220.562500 1765334174.3478
MEM 184.531250 1765334174.4530
CHLD 71441 5.687500 1765334174.4601
CHLD 71442 254.187500 1765334174.4601
CHLD 71451 216.078125 1765334174.4601
CHLD 71452 225.796875 1765334174.4601
CHLD 71453 220.562500 1765334174.4601
MEM 184.531250 1765334174.5653
CHLD 71441 5.687500 1765334174.5719
CHLD 71442 254.187500 1765334174.5719
CHLD 71451 216.078125 1765334174.5719
CHLD 71452 225.796875 1765334174.5719
CHLD 71453 220.562500 1765334174.5719
MEM 184.531250 1765334174.6756
CHLD 71441 5.687500 1765334174.6786
CHLD 71442 254.187500 1765334174.6786
CHLD 71451 216.078125 1765334174.6786
CHLD 71452 225.796875 1765334174.6786
CHLD 71453 220.562500 1765334174.6786
MEM 184.531250 1765334174.7844
CHLD 71441 5.687500 1765334174.7927
CHLD 71442 254.187500 1765334174.7927
CHLD 71451 216.078125 1765334174.7927
CHLD 71452 225.796875 1765334174.7927
CHLD 71453 220.562500 1765334174.7928
MEM 184.531250 1765334174.8978
CHLD 71441 5.687500 1765334174.9024
CHLD 71442 254.187500 1765334174.9024
CHLD 71451 216.078125 1765334174.9024
CHLD 71452 225.796875 1765334174.9024
CHLD 71453 220.562500 1765334174.9025
MEM 184.531250 1765334175.0080
CHLD 71441 5.687500 1765334175.0170
CHLD 71442 254.187500 1765334175.0170
CHLD 71451 216.078125 1765334175.0171
CHLD 71452 225.796875 1765334175.0171
CHLD 71453 220.562500 1765334175.0171
MEM 184.531250 1765334175.1223
CHLD 71441 5.687500 1765334175.1276
CHLD 71442 254.187500 1765334175.1277
CHLD 71451 216.078125 1765334175.1277
CHLD 71452 225.796875 1765334175.1277
CHLD 71453 220.562500 1765334175.1277
MEM 184.531250 1765334175.2332
CHLD 71441 5.687500 1765334175.2456
CHLD 71442 254.187500 1765334175.2456
CHLD 71451 216.078125 1765334175.2456
CHLD 71452 225.796875 1765334175.2456
CHLD 71453 220.562500 1765334175.2456
MEM 184.531250 1765334175.3491
CHLD 71441 5.687500 1765334175.3576
CHLD 71442 254.187500 1765334175.3576
CHLD 71451 216.078125 1765334175.3576
CHLD 71452 225.796875 1765334175.3576
CHLD 71453 220.562500 1765334175.3576
MEM 184.531250 1765334175.4620
CHLD 71441 5.687500 1765334175.4685
CHLD 71442 254.187500 1765334175.4685
CHLD 71451 216.078125 1765334175.4686
CHLD 71452 225.796875 1765334175.4686
CHLD 71453 220.562500 1765334175.4686
MEM 184.531250 1765334175.5716
CHLD 71441 5.687500 1765334175.5779
CHLD 71442 254.187500 1765334175.5780
CHLD 71451 216.078125 1765334175.5780
CHLD 71452 225.796875 1765334175.5780
CHLD 71453 220.562500 1765334175.5780
MEM 184.531250 1765334175.6828
CHLD 71441 5.687500 1765334175.6920
CHLD 71442 254.187500 1765334175.6920
CHLD 71451 216.078125 1765334175.6920
CHLD 71452 225.796875 1765334175.6920
CHLD 71453 220.562500 1765334175.6920
MEM 184.531250 1765334175.7975
CHLD 71441 5.687500 1765334175.8087
CHLD 71442 254.187500 1765334175.8087
CHLD 71451 216.078125 1765334175.8091
CHLD 71452 225.796875 1765334175.8093
CHLD 71453 220.562500 1765334175.8093
MEM 184.531250 1765334175.9145
CHLD 71441 5.687500 1765334175.9217
CHLD 71442 254.187500 1765334175.9218
CHLD 71451 216.078125 1765334175.9218
CHLD 71452 225.796875 1765334175.9218
CHLD 71453 220.562500 1765334175.9218
MEM 184.531250 1765334176.0238
CHLD 71441 5.687500 1765334176.0352
CHLD 71442 254.187500 1765334176.0352
CHLD 71451 216.078125 1765334176.0352
CHLD 71452 225.796875 1765334176.0352
CHLD 71453 220.562500 1765334176.0352
MEM 184.531250 1765334176.1403
CHLD 71441 5.687500 1765334176.1439
CHLD 71442 254.187500 1765334176.1439
CHLD 71451 216.078125 1765334176.1439
CHLD 71452 225.796875 1765334176.1439
CHLD 71453 220.562500 1765334176.1439
MEM 184.531250 1765334176.2462
CHLD 71441 5.687500 1765334176.2511
CHLD 71442 254.187500 1765334176.2511
CHLD 71451 216.078125 1765334176.2511
CHLD 71452 225.796875 1765334176.2511
CHLD 71453 220.562500 1765334176.2511
MEM 184.531250 1765334176.3528
CHLD 71441 5.687500 1765334176.3605
CHLD 71442 254.187500 1765334176.3605
CHLD 71451 216.078125 1765334176.3605
CHLD 71452 225.796875 1765334176.3605
CHLD 71453 220.562500 1765334176.3605
MEM 184.531250 1765334176.4657
CHLD 71441 5.687500 1765334176.4737
CHLD 71442 254.187500 1765334176.4737
CHLD 71451 216.078125 1765334176.4737
CHLD 71452 225.796875 1765334176.4737
CHLD 71453 220.562500 1765334176.4737
MEM 184.531250 1765334176.5775
CHLD 71441 5.687500 1765334176.5854
CHLD 71442 254.187500 1765334176.5854
CHLD 71451 216.078125 1765334176.5854
CHLD 71452 225.796875 1765334176.5854
CHLD 71453 220.562500 1765334176.5855
MEM 184.531250 1765334176.6903
CHLD 71441 5.687500 1765334176.6970
CHLD 71442 254.187500 1765334176.6970
CHLD 71451 216.078125 1765334176.6971
CHLD 71452 225.796875 1765334176.6971
CHLD 71453 220.562500 1765334176.6971
MEM 184.531250 1765334176.8023
CHLD 71441 5.687500 1765334176.8093
CHLD 71442 254.187500 1765334176.8093
CHLD 71451 216.078125 1765334176.8093
CHLD 71452 225.796875 1765334176.8093
CHLD 71453 220.562500 1765334176.8093
MEM 184.531250 1765334176.9144
CHLD 71441 5.687500 1765334176.9200
CHLD 71442 254.187500 1765334176.9201
CHLD 71451 216.078125 1765334176.9201
CHLD 71452 225.796875 1765334176.9201
CHLD 71453 220.562500 1765334176.9201
MEM 184.531250 1765334177.0257
CHLD 71441 5.687500 1765334177.0330
CHLD 71442 254.187500 1765334177.0331
CHLD 71451 216.078125 1765334177.0331
CHLD 71452 225.796875 1765334177.0331
CHLD 71453 220.562500 1765334177.0331
MEM 184.531250 1765334177.1382
CHLD 71441 5.687500 1765334177.1443
CHLD 71442 254.187500 1765334177.1444
CHLD 71451 216.078125 1765334177.1444
CHLD 71452 225.796875 1765334177.1444
CHLD 71453 220.562500 1765334177.1444
MEM 184.531250 1765334177.2495
CHLD 71441 5.687500 1765334177.2529
CHLD 71442 254.187500 1765334177.2529
CHLD 71451 216.078125 1765334177.2529
CHLD 71452 225.796875 1765334177.2529
CHLD 71453 220.562500 1765334177.2529
MEM 184.531250 1765334177.3581
CHLD 71441 5.687500 1765334177.3645
CHLD 71442 254.187500 1765334177.3645
CHLD 71451 216.078125 1765334177.3645
CHLD 71452 225.796875 1765334177.3645
CHLD 71453 220.562500 1765334177.3645
MEM 184.531250 1765334177.4697
CHLD 71441 5.687500 1765334177.4756
CHLD 71442 254.187500 1765334177.4756
CHLD 71451 216.078125 1765334177.4758
CHLD 71452 225.796875 1765334177.4758
CHLD 71453 220.562500 1765334177.4758
MEM 184.531250 1765334177.5795
CHLD 71441 5.687500 1765334177.5857
CHLD 71442 254.187500 1765334177.5857
CHLD 71451 216.078125 1765334177.5857
CHLD 71452 225.796875 1765334177.5857
CHLD 71453 220.562500 1765334177.5857
MEM 184.531250 1765334177.6908
CHLD 71441 5.687500 1765334177.6968
CHLD 71442 254.187500 1765334177.6968
CHLD 71451 216.078125 1765334177.6968
CHLD 71452 225.796875 1765334177.6968
CHLD 71453 220.562500 1765334177.6968
MEM 184.531250 1765334177.7997
CHLD 71441 5.687500 1765334177.8054
CHLD 71442 254.187500 1765334177.8055
CHLD 71451 216.078125 1765334177.8055
CHLD 71452 225.796875 1765334177.8055
CHLD 71453 220.562500 1765334177.8055
MEM 184.531250 1765334177.9106
CHLD 71441 5.687500 1765334177.9183
CHLD 71442 254.187500 1765334177.9183
CHLD 71451 216.078125 1765334177.9183
CHLD 71452 225.796875 1765334177.9184
CHLD 71453 220.562500 1765334177.9184
MEM 184.531250 1765334178.0236
CHLD 71441 5.687500 1765334178.0299
CHLD 71442 254.187500 1765334178.0299
CHLD 71451 216.078125 1765334178.0299
CHLD 71452 225.796875 1765334178.0299
CHLD 71453 220.562500 1765334178.0299
MEM 184.531250 1765334178.1334
CHLD 71441 5.687500 1765334178.1423
CHLD 71442 254.187500 1765334178.1424
CHLD 71451 216.078125 1765334178.1424
CHLD 71452 225.796875 1765334178.1424
CHLD 71453 220.562500 1765334178.1424
MEM 184.531250 1765334178.2448
CHLD 71441 5.687500 1765334178.2536
CHLD 71442 254.187500 1765334178.2536
CHLD 71451 216.078125 1765334178.2536
CHLD 71452 225.796875 1765334178.2536
CHLD 71453 220.562500 1765334178.2537
MEM 184.531250 1765334178.3573
CHLD 71441 5.687500 1765334178.3655
CHLD 71442 254.187500 1765334178.3655
CHLD 71451 216.078125 1765334178.3655
CHLD 71452 225.796875 1765334178.3655
CHLD 71453 220.562500 1765334178.3655
MEM 184.531250 1765334178.4664
CHLD 71441 5.687500 1765334178.4743
CHLD 71442 254.187500 1765334178.4743
CHLD 71451 216.078125 1765334178.4743
CHLD 71452 225.796875 1765334178.4743
CHLD 71453 220.562500 1765334178.4744
MEM 184.531250 1765334178.5769
CHLD 71441 5.687500 1765334178.5855
CHLD 71442 254.187500 1765334178.5855
CHLD 71451 216.078125 1765334178.5856
CHLD 71452 225.796875 1765334178.5856
CHLD 71453 220.562500 1765334178.5856
MEM 184.531250 1765334178.6869
CHLD 71441 5.687500 1765334178.6916
CHLD 71442 254.187500 1765334178.6916
CHLD 71451 216.078125 1765334178.6916
CHLD 71452 225.796875 1765334178.6916
CHLD 71453 220.562500 1765334178.6916
MEM 184.531250 1765334178.7970
CHLD 71441 5.687500 1765334178.8045
CHLD 71442 254.187500 1765334178.8045
CHLD 71451 216.078125 1765334178.8045
CHLD 71452 225.796875 1765334178.8045
CHLD 71453 220.562500 1765334178.8045
MEM 184.531250 1765334178.9050
CHLD 71441 5.687500 1765334178.9137
CHLD 71442 254.187500 1765334178.9137
CHLD 71451 216.078125 1765334178.9137
CHLD 71452 225.796875 1765334178.9138
CHLD 71453 220.562500 1765334178.9138
MEM 184.531250 1765334179.0165
CHLD 71441 5.687500 1765334179.0246
CHLD 71442 254.187500 1765334179.0247
CHLD 71451 216.078125 1765334179.0247
CHLD 71452 225.796875 1765334179.0247
CHLD 71453 220.562500 1765334179.0247
MEM 184.531250 1765334179.1299
CHLD 71441 5.687500 1765334179.1357
CHLD 71442 254.187500 1765334179.1357
CHLD 71451 216.078125 1765334179.1357
CHLD 71452 225.796875 1765334179.1357
CHLD 71453 220.562500 1765334179.1358
MEM 184.531250 1765334179.2400
CHLD 71441 5.687500 1765334179.2469
CHLD 71442 254.187500 1765334179.2469
CHLD 71451 216.078125 1765334179.2469
CHLD 71452 225.796875 1765334179.2469
CHLD 71453 220.562500 1765334179.2469
MEM 184.531250 1765334179.3520
CHLD 71441 5.687500 1765334179.3602
CHLD 71442 254.187500 1765334179.3602
CHLD 71451 216.078125 1765334179.3602
CHLD 71452 225.796875 1765334179.3602
CHLD 71453 220.562500 1765334179.3602
MEM 184.531250 1765334179.4653
CHLD 71441 5.687500 1765334179.4744
CHLD 71442 254.187500 1765334179.4744
CHLD 71451 216.078125 1765334179.4744
CHLD 71452 225.796875 1765334179.4744
CHLD 71453 220.562500 1765334179.4744
MEM 184.531250 1765334179.5796
CHLD 71441 5.687500 1765334179.5859
CHLD 71442 254.187500 1765334179.5859
CHLD 71451 216.078125 1765334179.5859
CHLD 71452 225.796875 1765334179.5860
CHLD 71453 220.562500 1765334179.5860
MEM 184.531250 1765334179.6885
CHLD 71441 5.687500 1765334179.6952
CHLD 71442 254.187500 1765334179.6952
CHLD 71451 216.078125 1765334179.6952
CHLD 71452 225.796875 1765334179.6953
CHLD 71453 220.562500 1765334179.6953
MEM 184.531250 1765334179.7996
CHLD 71441 5.687500 1765334179.8055
CHLD 71442 254.187500 1765334179.8055
CHLD 71451 216.078125 1765334179.8055
CHLD 71452 225.796875 1765334179.8055
CHLD 71453 220.562500 1765334179.8055
MEM 184.531250 1765334179.9083
CHLD 71441 5.687500 1765334179.9167
CHLD 71442 254.187500 1765334179.9167
CHLD 71451 216.078125 1765334179.9167
CHLD 71452 225.796875 1765334179.9167
CHLD 71453 220.562500 1765334179.9167
MEM 184.531250 1765334180.0169
CHLD 71441 5.687500 1765334180.0206
CHLD 71442 254.187500 1765334180.0206
CHLD 71451 216.078125 1765334180.0206
CHLD 71452 225.796875 1765334180.0206
CHLD 71453 220.562500 1765334180.0206
MEM 184.531250 1765334180.1259
CHLD 71441 5.687500 1765334180.1309
CHLD 71442 254.187500 1765334180.1309
CHLD 71451 216.078125 1765334180.1309
CHLD 71452 225.796875 1765334180.1309
CHLD 71453 220.562500 1765334180.1309
MEM 184.531250 1765334180.2329
CHLD 71441 5.687500 1765334180.2382
CHLD 71442 254.187500 1765334180.2382
CHLD 71451 216.078125 1765334180.2382
CHLD 71452 225.796875 1765334180.2382
CHLD 71453 220.562500 1765334180.2382
MEM 184.531250 1765334180.3406
CHLD 71441 5.687500 1765334180.3439
CHLD 71442 254.187500 1765334180.3440
CHLD 71451 216.078125 1765334180.3440
CHLD 71452 225.796875 1765334180.3440
CHLD 71453 220.562500 1765334180.3440
MEM 184.531250 1765334180.4491
CHLD 71441 5.687500 1765334180.4566
CHLD 71442 254.187500 1765334180.4566
CHLD 71451 216.062500 1765334180.4566
CHLD 71452 225.796875 1765334180.4566
CHLD 71453 220.562500 1765334180.4566
MEM 184.531250 1765334180.5617
CHLD 71441 5.687500 1765334180.5690
CHLD 71442 254.187500 1765334180.5690
CHLD 71451 216.062500 1765334180.5690
CHLD 71452 225.796875 1765334180.5690
CHLD 71453 220.562500 1765334180.5690
MEM 184.531250 1765334180.6729
CHLD 71441 5.687500 1765334180.6772
CHLD 71442 254.187500 1765334180.6772
CHLD 71451 216.062500 1765334180.6772
CHLD 71452 225.796875 1765334180.6772
CHLD 71453 220.562500 1765334180.6772
MEM 184.531250 1765334180.7825
CHLD 71441 5.687500 1765334180.7916
CHLD 71442 254.187500 1765334180.7916
CHLD 71451 216.062500 1765334180.7916
CHLD 71452 225.796875 1765334180.7916
CHLD 71453 220.562500 1765334180.7916
MEM 184.531250 1765334180.8968
CHLD 71441 5.687500 1765334180.9056
CHLD 71442 254.187500 1765334180.9056
CHLD 71451 216.062500 1765334180.9056
CHLD 71452 225.796875 1765334180.9056
CHLD 71453 220.562500 1765334180.9056
MEM 184.531250 1765334181.0068
CHLD 71441 5.687500 1765334181.0158
CHLD 71442 254.187500 1765334181.0159
CHLD 71451 216.062500 1765334181.0159
CHLD 71452 225.796875 1765334181.0159
CHLD 71453 220.562500 1765334181.0159
MEM 184.531250 1765334181.1211
CHLD 71441 5.687500 1765334181.1297
CHLD 71442 254.187500 1765334181.1297
CHLD 71451 216.062500 1765334181.1297
CHLD 71452 225.796875 1765334181.1297
CHLD 71453 220.562500 1765334181.1297
MEM 184.531250 1765334181.2335
CHLD 71441 5.687500 1765334181.2427
CHLD 71442 254.187500 1765334181.2427
CHLD 71451 216.062500 1765334181.2427
CHLD 71452 225.796875 1765334181.2427
CHLD 71453 220.562500 1765334181.2427
MEM 184.531250 1765334181.3480
CHLD 71441 5.687500 1765334181.3552
CHLD 71442 254.187500 1765334181.3552
CHLD 71451 216.062500 1765334181.3552
CHLD 71452 225.796875 1765334181.3552
CHLD 71453 220.562500 1765334181.3552
MEM 184.531250 1765334181.4559
CHLD 71441 5.687500 1765334181.4640
CHLD 71442 254.187500 1765334181.4641
CHLD 71451 216.062500 1765334181.4641
CHLD 71452 225.796875 1765334181.4641
CHLD 71453 220.562500 1765334181.4641
MEM 184.531250 1765334181.5695
CHLD 71441 5.687500 1765334181.5779
CHLD 71442 254.187500 1765334181.5779
CHLD 71451 216.062500 1765334181.5779
CHLD 71452 225.796875 1765334181.5779
CHLD 71453 220.562500 1765334181.5779
MEM 184.531250 1765334181.6832
CHLD 71441 5.687500 1765334181.6921
CHLD 71442 254.187500 1765334181.6921
CHLD 71451 216.062500 1765334181.6921
CHLD 71452 225.796875 1765334181.6921
CHLD 71453 220.562500 1765334181.6921
MEM 184.531250 1765334181.7973
CHLD 71441 5.687500 1765334181.8057
CHLD 71442 254.187500 1765334181.8058
CHLD 71451 216.062500 1765334181.8058
CHLD 71452 225.796875 1765334181.8058
CHLD 71453 220.562500 1765334181.8058
MEM 184.531250 1765334181.9063
CHLD 71441 5.687500 1765334181.9125
CHLD 71442 254.187500 1765334181.9125
CHLD 71451 216.062500 1765334181.9125
CHLD 71452 225.796875 1765334181.9125
CHLD 71453 220.562500 1765334181.9125
MEM 184.531250 1765334182.0179
CHLD 71441 5.687500 1765334182.0261
CHLD 71442 254.187500 1765334182.0262
CHLD 71451 216.062500 1765334182.0262
CHLD 71452 225.796875 1765334182.0262
CHLD 71453 220.562500 1765334182.0262
MEM 184.531250 1765334182.1316
CHLD 71441 5.687500 1765334182.1414
CHLD 71442 254.187500 1765334182.1414
CHLD 71451 216.062500 1765334182.1414
CHLD 71452 225.796875 1765334182.1414
CHLD 71453 220.562500 1765334182.1414
MEM 184.531250 1765334182.2447
CHLD 71441 5.687500 1765334182.2528
CHLD 71442 254.187500 1765334182.2528
CHLD 71451 216.062500 1765334182.2528
CHLD 71452 225.796875 1765334182.2528
CHLD 71453 220.562500 1765334182.2528
MEM 184.531250 1765334182.3579
CHLD 71441 5.687500 1765334182.3645
CHLD 71442 254.187500 1765334182.3645
CHLD 71451 216.062500 1765334182.3645
CHLD 71452 225.796875 1765334182.3645
CHLD 71453 220.562500 1765334182.3645
MEM 184.531250 1765334182.4697
CHLD 71441 5.687500 1765334182.4775
CHLD 71442 254.187500 1765334182.4775
CHLD 71451 216.062500 1765334182.4775
CHLD 71452 225.796875 1765334182.4775
CHLD 71453 220.562500 1765334182.4776
MEM 184.531250 1765334182.5828
CHLD 71441 5.687500 1765334182.5891
CHLD 71442 254.187500 1765334182.5891
CHLD 71451 216.062500 1765334182.5891
CHLD 71452 225.796875 1765334182.5891
CHLD 71453 220.562500 1765334182.5891
MEM 184.531250 1765334182.6943
CHLD 71441 5.687500 1765334182.7010
CHLD 71442 254.187500 1765334182.7011
CHLD 71451 216.062500 1765334182.7011
CHLD 71452 225.796875 1765334182.7011
CHLD 71453 220.562500 1765334182.7011
MEM 184.531250 1765334182.8062
CHLD 71441 5.687500 1765334182.8120
CHLD 71442 254.187500 1765334182.8120
CHLD 71451 216.062500 1765334182.8120
CHLD 71452 225.796875 1765334182.8120
CHLD 71453 220.562500 1765334182.8120
MEM 184.531250 1765334182.9176
CHLD 71441 5.687500 1765334182.9239
CHLD 71442 254.187500 1765334182.9239
CHLD 71451 216.062500 1765334182.9239
CHLD 71452 225.796875 1765334182.9239
CHLD 71453 220.562500 1765334182.9239
MEM 184.531250 1765334183.0251
CHLD 71441 5.687500 1765334183.0352
CHLD 71442 254.187500 1765334183.0352
CHLD 71451 216.062500 1765334183.0352
CHLD 71452 225.796875 1765334183.0352
CHLD 71453 220.562500 1765334183.0352
MEM 184.531250 1765334183.1405
CHLD 71441 5.687500 1765334183.1527
CHLD 71442 254.187500 1765334183.1527
CHLD 71451 216.062500 1765334183.1537
CHLD 71452 225.796875 1765334183.1537
CHLD 71453 220.562500 1765334183.1537
MEM 184.531250 1765334183.2545
CHLD 71441 5.687500 1765334183.2642
CHLD 71442 254.187500 1765334183.2642
CHLD 71451 216.062500 1765334183.2642
CHLD 71452 225.796875 1765334183.2642
CHLD 71453 220.562500 1765334183.2642
MEM 184.531250 1765334183.3696
CHLD 71441 5.687500 1765334183.3783
CHLD 71442 254.187500 1765334183.3784
CHLD 71451 216.062500 1765334183.3784
CHLD 71452 225.796875 1765334183.3784
CHLD 71453 220.562500 1765334183.3784
MEM 184.531250 1765334183.4836
CHLD 71441 5.687500 1765334183.4921
CHLD 71442 254.187500 1765334183.4921
CHLD 71451 216.062500 1765334183.4921
CHLD 71452 225.796875 1765334183.4921
CHLD 71453 220.562500 1765334183.4921
MEM 184.531250 1765334183.5973
CHLD 71441 5.687500 1765334183.6028
CHLD 71442 254.187500 1765334183.6028
CHLD 71451 216.062500 1765334183.6028
CHLD 71452 225.796875 1765334183.6028
CHLD 71453 220.562500 1765334183.6028
MEM 184.531250 1765334183.7079
CHLD 71441 5.687500 1765334183.7164
CHLD 71442 254.187500 1765334183.7164
CHLD 71451 216.062500 1765334183.7164
CHLD 71452 225.796875 1765334183.7164
CHLD 71453 220.562500 1765334183.7164
MEM 184.531250 1765334183.8215
CHLD 71441 5.687500 1765334183.8298
CHLD 71442 254.187500 1765334183.8298
CHLD 71451 216.062500 1765334183.8298
CHLD 71452 225.796875 1765334183.8298
CHLD 71453 220.562500 1765334183.8299
MEM 184.531250 1765334183.9351
CHLD 71441 5.687500 1765334183.9419
CHLD 71442 254.187500 1765334183.9419
CHLD 71451 216.062500 1765334183.9419
CHLD 71452 225.796875 1765334183.9419
CHLD 71453 220.562500 1765334183.9419
MEM 184.531250 1765334184.0431
CHLD 71441 5.687500 1765334184.0511
CHLD 71442 254.187500 1765334184.0511
CHLD 71451 216.062500 1765334184.0511
CHLD 71452 225.796875 1765334184.0511
CHLD 71453 220.562500 1765334184.0511
MEM 184.531250 1765334184.1565
CHLD 71441 5.687500 1765334184.1656
CHLD 71442 254.187500 1765334184.1656
CHLD 71451 216.062500 1765334184.1656
CHLD 71452 225.796875 1765334184.1656
CHLD 71453 220.562500 1765334184.1657
MEM 184.531250 1765334184.2708
CHLD 71441 5.687500 1765334184.2770
CHLD 71442 254.187500 1765334184.2770
CHLD 71451 216.062500 1765334184.2770
CHLD 71452 225.796875 1765334184.2770
CHLD 71453 220.562500 1765334184.2770
MEM 184.531250 1765334184.3821
CHLD 71441 5.687500 1765334184.3881
CHLD 71442 254.187500 1765334184.3882
CHLD 71451 216.062500 1765334184.3882
CHLD 71452 225.796875 1765334184.3882
CHLD 71453 220.562500 1765334184.3882
MEM 184.531250 1765334184.4899
CHLD 71441 5.687500 1765334184.4978
CHLD 71442 254.187500 1765334184.4978
CHLD 71451 216.062500 1765334184.4978
CHLD 71452 225.796875 1765334184.4978
CHLD 71453 220.562500 1765334184.4979
MEM 184.531250 1765334184.6031
CHLD 71441 5.687500 1765334184.6110
CHLD 71442 254.187500 1765334184.6110
CHLD 71451 216.062500 1765334184.6110
CHLD 71452 225.796875 1765334184.6110
CHLD 71453 220.562500 1765334184.6110
MEM 184.531250 1765334184.7150
CHLD 71441 5.687500 1765334184.7229
CHLD 71442 254.187500 1765334184.7229
CHLD 71451 216.062500 1765334184.7229
CHLD 71452 225.796875 1765334184.7229
CHLD 71453 220.562500 1765334184.7230
MEM 184.531250 1765334184.8249
CHLD 71441 5.687500 1765334184.8302
CHLD 71442 254.187500 1765334184.8302
CHLD 71451 216.062500 1765334184.8302
CHLD 71452 225.796875 1765334184.8303
CHLD 71453 220.562500 1765334184.8303
MEM 184.531250 1765334184.9353
CHLD 71441 5.687500 1765334184.9415
CHLD 71442 254.187500 1765334184.9415
CHLD 71451 216.062500 1765334184.9415
CHLD 71452 225.796875 1765334184.9415
CHLD 71453 220.562500 1765334184.9415
MEM 184.531250 1765334185.0454
CHLD 71441 5.687500 1765334185.0521
CHLD 71442 254.187500 1765334185.0521
CHLD 71451 216.062500 1765334185.0521
CHLD 71452 225.796875 1765334185.0521
CHLD 71453 220.562500 1765334185.0521
MEM 184.531250 1765334185.1572
CHLD 71441 5.687500 1765334185.1602
CHLD 71442 254.187500 1765334185.1603
CHLD 71451 216.062500 1765334185.1603
CHLD 71452 225.796875 1765334185.1603
CHLD 71453 220.562500 1765334185.1603
MEM 184.531250 1765334185.2620
CHLD 71441 5.687500 1765334185.2671
CHLD 71442 254.187500 1765334185.2671
CHLD 71451 216.062500 1765334185.2671
CHLD 71452 225.796875 1765334185.2671
CHLD 71453 220.562500 1765334185.2671
MEM 184.531250 1765334185.3705
CHLD 71441 5.687500 1765334185.3746
CHLD 71442 254.187500 1765334185.3746
CHLD 71451 216.062500 1765334185.3746
CHLD 71452 225.796875 1765334185.3746
CHLD 71453 220.562500 1765334185.3746
MEM 184.531250 1765334185.4788
CHLD 71441 5.687500 1765334185.4836
CHLD 71442 254.187500 1765334185.4836
CHLD 71451 216.062500 1765334185.4836
CHLD 71452 225.796875 1765334185.4837
CHLD 71453 220.562500 1765334185.4837
MEM 184.531250 1765334185.5849
CHLD 71441 5.687500 1765334185.5881
CHLD 71442 254.187500 1765334185.5881
CHLD 71451 216.062500 1765334185.5881
CHLD 71452 225.796875 1765334185.5881
CHLD 71453 220.562500 1765334185.5881
MEM 184.531250 1765334185.6933
CHLD 71441 5.687500 1765334185.6984
CHLD 71442 254.187500 1765334185.6984
CHLD 71451 216.062500 1765334185.6984
CHLD 71452 225.796875 1765334185.6984
CHLD 71453 220.562500 1765334185.6984
MEM 184.531250 1765334185.8034
CHLD 71441 5.687500 1765334185.8083
CHLD 71442 254.187500 1765334185.8083
CHLD 71451 216.062500 1765334185.8083
CHLD 71452 225.796875 1765334185.8084
CHLD 71453 220.562500 1765334185.8084
MEM 184.531250 1765334185.9134
CHLD 71441 5.687500 1765334185.9166
CHLD 71442 254.187500 1765334185.9166
CHLD 71451 216.062500 1765334185.9166
CHLD 71452 225.796875 1765334185.9166
CHLD 71453 220.562500 1765334185.9166
MEM 184.531250 1765334186.0204
CHLD 71441 5.687500 1765334186.0239
CHLD 71442 254.187500 1765334186.0239
CHLD 71451 216.062500 1765334186.0239
CHLD 71452 225.796875 1765334186.0239
CHLD 71453 220.562500 1765334186.0239
MEM 184.531250 1765334186.1289
CHLD 71441 5.687500 1765334186.1323
CHLD 71442 254.187500 1765334186.1323
CHLD 71451 216.062500 1765334186.1323
CHLD 71452 225.796875 1765334186.1323
CHLD 71453 220.562500 1765334186.1323
MEM 184.531250 1765334186.2374
CHLD 71441 5.687500 1765334186.2407
CHLD 71442 254.187500 1765334186.2407
CHLD 71451 216.062500 1765334186.2407
CHLD 71452 225.796875 1765334186.2407
CHLD 71453 220.562500 1765334186.2407
MEM 184.531250 1765334186.3458
CHLD 71441 5.687500 1765334186.3490
CHLD 71442 254.187500 1765334186.3490
CHLD 71451 216.062500 1765334186.3490
CHLD 71452 225.796875 1765334186.3490
CHLD 71453 220.562500 1765334186.3490
MEM 184.531250 1765334186.4537
CHLD 71441 5.687500 1765334186.4566
CHLD 71442 254.187500 1765334186.4566
CHLD 71451 216.062500 1765334186.4566
CHLD 71452 225.796875 1765334186.4566
CHLD 71453 220.562500 1765334186.4566
MEM 184.531250 1765334186.5617
CHLD 71441 5.687500 1765334186.5647
CHLD 71442 254.187500 1765334186.5647
CHLD 71451 216.062500 1765334186.5647
CHLD 71452 225.796875 1765334186.5647
CHLD 71453 220.562500 1765334186.5647
MEM 184.531250 1765334186.6698
CHLD 71441 5.687500 1765334186.6727
CHLD 71442 254.187500 1765334186.6727
CHLD 71451 216.062500 1765334186.6727
CHLD 71452 225.796875 1765334186.6727
CHLD 71453 220.562500 1765334186.6727
MEM 184.531250 1765334186.7778
CHLD 71441 5.687500 1765334186.7811
CHLD 71442 254.187500 1765334186.7811
CHLD 71451 216.062500 1765334186.7811
CHLD 71452 225.796875 1765334186.7811
CHLD 71453 220.562500 1765334186.7811
MEM 184.531250 1765334186.8862
CHLD 71441 5.687500 1765334186.8893
CHLD 71442 254.187500 1765334186.8893
CHLD 71451 216.062500 1765334186.8893
CHLD 71452 225.796875 1765334186.8893
CHLD 71453 220.562500 1765334186.8893
MEM 184.531250 1765334186.9902
CHLD 71441 5.687500 1765334186.9934
CHLD 71442 254.187500 1765334186.9934
CHLD 71451 216.062500 1765334186.9934
CHLD 71452 225.796875 1765334186.9934
CHLD 71453 220.562500 1765334186.9934
MEM 184.531250 1765334187.0985
CHLD 71441 5.687500 1765334187.1016
CHLD 71442 254.187500 1765334187.1016
CHLD 71451 216.062500 1765334187.1016
CHLD 71452 225.796875 1765334187.1016
CHLD 71453 220.562500 1765334187.1016
MEM 184.531250 1765334187.2067
CHLD 71441 5.687500 1765334187.2097
CHLD 71442 254.187500 1765334187.2097
CHLD 71451 216.062500 1765334187.2098
CHLD 71452 225.796875 1765334187.2098
CHLD 71453 220.562500 1765334187.2098
MEM 184.531250 1765334187.3131
CHLD 71441 5.687500 1765334187.3164
CHLD 71442 254.187500 1765334187.3164
CHLD 71451 216.062500 1765334187.3164
CHLD 71452 225.796875 1765334187.3164
CHLD 71453 220.562500 1765334187.3164
MEM 184.531250 1765334187.4201
CHLD 71441 5.687500 1765334187.4233
CHLD 71442 254.187500 1765334187.4233
CHLD 71451 216.062500 1765334187.4233
CHLD 71452 225.796875 1765334187.4233
CHLD 71453 220.562500 1765334187.4233
MEM 184.531250 1765334187.5284
CHLD 71441 5.687500 1765334187.5317
CHLD 71442 254.187500 1765334187.5317
CHLD 71451 216.062500 1765334187.5317
CHLD 71452 225.796875 1765334187.5317
CHLD 71453 220.562500 1765334187.5317
MEM 184.531250 1765334187.6368
CHLD 71441 5.687500 1765334187.6400
CHLD 71442 254.187500 1765334187.6400
CHLD 71451 216.062500 1765334187.6400
CHLD 71452 225.796875 1765334187.6400
CHLD 71453 220.562500 1765334187.6400
MEM 184.531250 1765334187.7451
CHLD 71441 5.687500 1765334187.7490
CHLD 71442 254.187500 1765334187.7490
CHLD 71451 216.062500 1765334187.7490
CHLD 71452 225.796875 1765334187.7490
CHLD 71453 220.562500 1765334187.7490
MEM 184.531250 1765334187.8541
CHLD 71441 5.687500 1765334187.8574
CHLD 71442 254.187500 1765334187.8574
CHLD 71451 216.062500 1765334187.8574
CHLD 71452 225.796875 1765334187.8574
CHLD 71453 220.562500 1765334187.8574
MEM 184.531250 1765334187.9625
CHLD 71441 5.687500 1765334187.9658
CHLD 71442 254.187500 1765334187.9658
CHLD 71451 216.062500 1765334187.9658
CHLD 71452 225.796875 1765334187.9658
CHLD 71453 220.562500 1765334187.9658
MEM 184.531250 1765334188.0709
CHLD 71441 5.687500 1765334188.0742
CHLD 71442 254.187500 1765334188.0742
CHLD 71451 216.062500 1765334188.0742
CHLD 71452 225.796875 1765334188.0742
CHLD 71453 220.562500 1765334188.0742
MEM 184.531250 1765334188.1793
CHLD 71441 5.687500 1765334188.1827
CHLD 71442 254.187500 1765334188.1827
CHLD 71451 216.062500 1765334188.1827
CHLD 71452 225.796875 1765334188.1827
CHLD 71453 220.562500 1765334188.1827
MEM 184.531250 1765334188.2871
CHLD 71441 5.687500 1765334188.2903
CHLD 71442 254.187500 1765334188.2903
CHLD 71451 216.062500 1765334188.2903
CHLD 71452 225.796875 1765334188.2903
CHLD 71453 220.562500 1765334188.2903
MEM 184.531250 1765334188.3954
CHLD 71441 5.687500 1765334188.3986
CHLD 71442 254.187500 1765334188.3986
CHLD 71451 216.062500 1765334188.3986
CHLD 71452 225.796875 1765334188.3986
CHLD 71453 220.562500 1765334188.3986
MEM 184.531250 1765334188.5037
CHLD 71441 5.687500 1765334188.5080
CHLD 71442 254.187500 1765334188.5080
CHLD 71451 216.062500 1765334188.5080
CHLD 71452 225.796875 1765334188.5080
CHLD 71453 220.562500 1765334188.5080
MEM 184.531250 1765334188.6121
CHLD 71441 5.687500 1765334188.6156
CHLD 71442 254.187500 1765334188.6156
CHLD 71451 216.062500 1765334188.6156
CHLD 71452 225.796875 1765334188.6156
CHLD 71453 220.562500 1765334188.6156
MEM 184.531250 1765334188.7184
CHLD 71441 5.687500 1765334188.7218
CHLD 71442 254.187500 1765334188.7218
CHLD 71451 216.062500 1765334188.7219
CHLD 71452 225.796875 1765334188.7219
CHLD 71453 220.562500 1765334188.7219
MEM 184.531250 1765334188.8270
CHLD 71441 5.687500 1765334188.8303
CHLD 71442 254.187500 1765334188.8303
CHLD 71451 216.062500 1765334188.8303
CHLD 71452 225.796875 1765334188.8303
CHLD 71453 220.562500 1765334188.8303
MEM 184.531250 1765334188.9307
CHLD 71441 5.687500 1765334188.9349
CHLD 71442 254.187500 1765334188.9349
CHLD 71451 216.062500 1765334188.9349
CHLD 71452 225.796875 1765334188.9350
CHLD 71453 220.562500 1765334188.9350
MEM 184.531250 1765334189.0380
CHLD 71441 5.687500 1765334189.0434
CHLD 71442 254.187500 1765334189.0434
CHLD 71451 216.062500 1765334189.0434
CHLD 71452 225.796875 1765334189.0434
CHLD 71453 220.562500 1765334189.0434
MEM 184.531250 1765334189.1485
CHLD 71441 5.687500 1765334189.1537
CHLD 71442 254.187500 1765334189.1537
CHLD 71451 216.062500 1765334189.1537
CHLD 71452 225.796875 1765334189.1537
CHLD 71453 220.562500 1765334189.1537
MEM 184.531250 1765334189.2588
CHLD 71441 5.687500 1765334189.2638
CHLD 71442 254.187500 1765334189.2638
CHLD 71451 216.062500 1765334189.2638
CHLD 71452 225.796875 1765334189.2638
CHLD 71453 220.562500 1765334189.2638
MEM 184.531250 1765334189.3689
CHLD 71441 5.687500 1765334189.3737
CHLD 71442 254.187500 1765334189.3737
CHLD 71451 216.062500 1765334189.3737
CHLD 71452 225.796875 1765334189.3737
CHLD 71453 220.562500 1765334189.3738
MEM 184.531250 1765334189.4788
CHLD 71441 5.687500 1765334189.4840
CHLD 71442 254.187500 1765334189.4840
CHLD 71451 216.062500 1765334189.4840
CHLD 71452 225.796875 1765334189.4840
CHLD 71453 220.562500 1765334189.4841
MEM 184.531250 1765334189.5891
CHLD 71441 5.687500 1765334189.5944
CHLD 71442 254.187500 1765334189.5944
CHLD 71451 216.062500 1765334189.5944
CHLD 71452 225.796875 1765334189.5944
CHLD 71453 220.562500 1765334189.5944
MEM 184.531250 1765334189.6995
CHLD 71441 5.687500 1765334189.7044
CHLD 71442 254.187500 1765334189.7044
CHLD 71451 216.093750 1765334189.7044
CHLD 71452 225.796875 1765334189.7044
CHLD 71453 220.562500 1765334189.7044
MEM 184.531250 1765334189.8080
CHLD 71441 5.687500 1765334189.8128
CHLD 71442 254.187500 1765334189.8128
CHLD 71451 216.093750 1765334189.8128
CHLD 71452 225.796875 1765334189.8128
CHLD 71453 220.562500 1765334189.8128
MEM 184.531250 1765334189.9175
CHLD 71441 5.687500 1765334189.9217
CHLD 71442 254.187500 1765334189.9217
CHLD 71451 216.093750 1765334189.9217
CHLD 71452 225.796875 1765334189.9217
CHLD 71453 220.562500 1765334189.9217
MEM 184.531250 1765334190.0267
CHLD 71441 5.687500 1765334190.0310
CHLD 71442 254.187500 1765334190.0310
CHLD 71451 216.093750 1765334190.0310
CHLD 71452 225.796875 1765334190.0310
CHLD 71453 220.562500 1765334190.0310
MEM 184.531250 1765334190.1330
CHLD 71441 5.687500 1765334190.1377
CHLD 71442 254.187500 1765334190.1377
CHLD 71451 216.093750 1765334190.1377
CHLD 71452 225.796875 1765334190.1377
CHLD 71453 220.562500 1765334190.1377
MEM 184.531250 1765334190.2430
CHLD 71441 5.687500 1765334190.2487
CHLD 71442 254.187500 1765334190.2487
CHLD 71451 216.093750 1765334190.2487
CHLD 71452 225.796875 1765334190.2487
CHLD 71453 220.562500 1765334190.2487
MEM 184.531250 1765334190.3529
CHLD 71441 5.687500 1765334190.3604
CHLD 71442 254.187500 1765334190.3604
CHLD 71451 216.093750 1765334190.3604
CHLD 71452 225.796875 1765334190.3604
CHLD 71453 220.562500 1765334190.3604
MEM 184.531250 1765334190.4650
CHLD 71441 5.687500 1765334190.4723
CHLD 71442 254.187500 1765334190.4723
CHLD 71451 216.093750 1765334190.4723
CHLD 71452 225.796875 1765334190.4723
CHLD 71453 220.562500 1765334190.4723
MEM 184.531250 1765334190.5774
CHLD 71441 5.687500 1765334190.5815
CHLD 71442 254.187500 1765334190.5815
CHLD 71451 216.093750 1765334190.5815
CHLD 71452 225.796875 1765334190.5815
CHLD 71453 220.562500 1765334190.5815
MEM 184.531250 1765334190.6866
CHLD 71441 5.687500 1765334190.6914
CHLD 71442 254.187500 1765334190.6914
CHLD 71451 216.093750 1765334190.6914
CHLD 71452 225.796875 1765334190.6914
CHLD 71453 220.562500 1765334190.6914
MEM 184.531250 1765334190.7965
CHLD 71441 5.687500 1765334190.8019
CHLD 71442 254.187500 1765334190.8019
CHLD 71451 216.093750 1765334190.8019
CHLD 71452 225.796875 1765334190.8020
CHLD 71453 220.562500 1765334190.8020
MEM 184.531250 1765334190.9070
CHLD 71441 5.687500 1765334190.9135
CHLD 71442 254.187500 1765334190.9135
CHLD 71451 216.093750 1765334190.9135
CHLD 71452 225.796875 1765334190.9135
CHLD 71453 220.562500 1765334190.9135
MEM 184.531250 1765334191.0186
CHLD 71441 5.687500 1765334191.0228
CHLD 71442 254.187500 1765334191.0228
CHLD 71451 216.093750 1765334191.0228
CHLD 71452 225.796875 1765334191.0229
CHLD 71453 220.562500 1765334191.0229
MEM 184.531250 1765334191.1234
CHLD 71441 5.687500 1765334191.1277
CHLD 71442 254.187500 1765334191.1278
CHLD 71451 216.093750 1765334191.1278
CHLD 71452 225.796875 1765334191.1278
CHLD 71453 220.562500 1765334191.1278
MEM 184.531250 1765334191.2330
CHLD 71441 5.687500 1765334191.2384
CHLD 71442 254.187500 1765334191.2385
CHLD 71451 216.093750 1765334191.2385
CHLD 71452 225.796875 1765334191.2385
CHLD 71453 220.562500 1765334191.2385
MEM 184.531250 1765334191.3413
CHLD 71441 5.687500 1765334191.3478
CHLD 71442 254.187500 1765334191.3478
CHLD 71451 216.093750 1765334191.3478
CHLD 71452 225.796875 1765334191.3478
CHLD 71453 220.562500 1765334191.3478
MEM 184.531250 1765334191.4496
CHLD 71441 5.687500 1765334191.4557
CHLD 71442 254.187500 1765334191.4557
CHLD 71451 216.093750 1765334191.4557
CHLD 71452 225.796875 1765334191.4557
CHLD 71453 220.562500 1765334191.4557
MEM 184.531250 1765334191.5611
CHLD 71441 5.687500 1765334191.5684
CHLD 71442 254.187500 1765334191.5684
CHLD 71451 216.093750 1765334191.5685
CHLD 71452 225.796875 1765334191.5685
CHLD 71453 220.562500 1765334191.5685
MEM 184.531250 1765334191.6694
CHLD 71441 5.687500 1765334191.6761
CHLD 71442 254.187500 1765334191.6761
CHLD 71451 216.093750 1765334191.6761
CHLD 71452 225.796875 1765334191.6761
CHLD 71453 220.562500 1765334191.6761
MEM 184.531250 1765334191.7815
CHLD 71441 5.687500 1765334191.7888
CHLD 71442 254.187500 1765334191.7888
CHLD 71451 216.093750 1765334191.7888
CHLD 71452 225.796875 1765334191.7888
CHLD 71453 220.562500 1765334191.7889
MEM 184.531250 1765334191.8937
CHLD 71441 5.687500 1765334191.8998
CHLD 71442 254.187500 1765334191.8998
CHLD 71451 216.093750 1765334191.8998
CHLD 71452 225.796875 1765334191.8998
CHLD 71453 220.562500 1765334191.8998
MEM 184.531250 1765334192.0051
CHLD 71441 5.687500 1765334192.0109
CHLD 71442 254.187500 1765334192.0109
CHLD 71451 216.093750 1765334192.0109
CHLD 71452 225.796875 1765334192.0109
CHLD 71453 220.562500 1765334192.0109
MEM 184.531250 1765334192.1130
CHLD 71441 5.687500 1765334192.1194
CHLD 71442 254.187500 1765334192.1194
CHLD 71451 216.093750 1765334192.1194
CHLD 71452 225.796875 1765334192.1194
CHLD 71453 220.562500 1765334192.1194
MEM 184.531250 1765334192.2245
CHLD 71441 5.687500 1765334192.2336
CHLD 71442 254.187500 1765334192.2336
CHLD 71451 216.093750 1765334192.2336
CHLD 71452 225.796875 1765334192.2336
CHLD 71453 220.562500 1765334192.2336
MEM 184.531250 1765334192.3389
CHLD 71441 5.687500 1765334192.3467
CHLD 71442 254.187500 1765334192.3468
CHLD 71451 216.093750 1765334192.3468
CHLD 71452 225.796875 1765334192.3468
CHLD 71453 220.562500 1765334192.3468
MEM 184.531250 1765334192.4520
CHLD 71441 5.687500 1765334192.4599
CHLD 71442 254.187500 1765334192.4600
CHLD 71451 216.093750 1765334192.4600
CHLD 71452 225.796875 1765334192.4600
CHLD 71453 220.562500 1765334192.4600
MEM 184.531250 1765334192.5611
CHLD 71441 5.687500 1765334192.5662
CHLD 71442 254.187500 1765334192.5662
CHLD 71451 216.093750 1765334192.5662
CHLD 71452 225.796875 1765334192.5662
CHLD 71453 220.562500 1765334192.5662
MEM 184.531250 1765334192.6666
CHLD 71441 5.687500 1765334192.6718
CHLD 71442 254.187500 1765334192.6718
CHLD 71451 216.093750 1765334192.6718
CHLD 71452 225.796875 1765334192.6718
CHLD 71453 220.562500 1765334192.6718
MEM 184.531250 1765334192.7749
CHLD 71441 5.687500 1765334192.7800
CHLD 71442 254.187500 1765334192.7800
CHLD 71451 216.093750 1765334192.7800
CHLD 71452 225.796875 1765334192.7800
CHLD 71453 220.562500 1765334192.7800
MEM 184.531250 1765334192.8852
CHLD 71441 5.687500 1765334192.8901
CHLD 71442 254.187500 1765334192.8901
CHLD 71451 216.093750 1765334192.8901
CHLD 71452 225.796875 1765334192.8902
CHLD 71453 220.562500 1765334192.8902
MEM 184.531250 1765334192.9915
CHLD 71441 5.687500 1765334192.9969
CHLD 71442 254.187500 1765334192.9969
CHLD 71451 216.093750 1765334192.9970
CHLD 71452 225.796875 1765334192.9970
CHLD 71453 220.562500 1765334192.9970
MEM 184.531250 1765334193.1021
CHLD 71441 5.687500 1765334193.1062
CHLD 71442 254.187500 1765334193.1062
CHLD 71451 216.093750 1765334193.1062
CHLD 71452 225.796875 1765334193.1062
CHLD 71453 220.562500 1765334193.1062
MEM 184.531250 1765334193.2113
CHLD 71441 5.687500 1765334193.2169
CHLD 71442 254.187500 1765334193.2169
CHLD 71451 216.093750 1765334193.2169
CHLD 71452 225.796875 1765334193.2169
CHLD 71453 220.562500 1765334193.2169
MEM 184.531250 1765334193.3220
CHLD 71441 5.687500 1765334193.3312
CHLD 71442 254.187500 1765334193.3312
CHLD 71451 216.093750 1765334193.3313
CHLD 71452 225.796875 1765334193.3313
CHLD 71453 220.562500 1765334193.3313
MEM 184.531250 1765334193.4331
CHLD 71441 5.687500 1765334193.4415
CHLD 71442 254.187500 1765334193.4415
CHLD 71451 216.093750 1765334193.4415
CHLD 71452 225.796875 1765334193.4415
CHLD 71453 220.562500 1765334193.4415
MEM 184.531250 1765334193.5468
CHLD 71441 5.687500 1765334193.5550
CHLD 71442 254.187500 1765334193.5551
CHLD 71451 216.093750 1765334193.5551
CHLD 71452 225.796875 1765334193.5551
CHLD 71453 220.562500 1765334193.5551
MEM 184.531250 1765334193.6605
CHLD 71441 5.687500 1765334193.6680
CHLD 71442 254.187500 1765334193.6680
CHLD 71451 216.093750 1765334193.6680
CHLD 71452 225.796875 1765334193.6680
CHLD 71453 220.562500 1765334193.6680
MEM 184.531250 1765334193.7709
CHLD 71441 5.687500 1765334193.7795
CHLD 71442 254.187500 1765334193.7796
CHLD 71451 216.093750 1765334193.7796
CHLD 71452 225.796875 1765334193.7797
CHLD 71453 220.562500 1765334193.7797
MEM 184.531250 1765334193.8833
CHLD 71441 5.687500 1765334193.8915
CHLD 71442 254.187500 1765334193.8915
CHLD 71451 216.093750 1765334193.8915
CHLD 71452 225.796875 1765334193.8915
CHLD 71453 220.562500 1765334193.8915
MEM 184.531250 1765334193.9972
CHLD 71441 5.687500 1765334194.0087
CHLD 71442 254.187500 1765334194.0087
CHLD 71451 216.093750 1765334194.0087
CHLD 71452 225.796875 1765334194.0087
CHLD 71453 220.562500 1765334194.0087
MEM 184.531250 1765334194.1142
CHLD 71441 5.687500 1765334194.1219
CHLD 71442 254.187500 1765334194.1219
CHLD 71451 216.093750 1765334194.1219
CHLD 71452 225.796875 1765334194.1219
CHLD 71453 220.562500 1765334194.1219
MEM 184.531250 1765334194.2272
CHLD 71441 5.687500 1765334194.2358
CHLD 71442 254.187500 1765334194.2358
CHLD 71451 216.093750 1765334194.2358
CHLD 71452 225.796875 1765334194.2358
CHLD 71453 220.562500 1765334194.2358
MEM 184.531250 1765334194.3411
CHLD 71441 5.687500 1765334194.3500
CHLD 71442 254.187500 1765334194.3501
CHLD 71451 216.093750 1765334194.3502
CHLD 71452 225.796875 1765334194.3502
CHLD 71453 220.562500 1765334194.3502
MEM 184.531250 1765334194.4540
CHLD 71441 5.687500 1765334194.4668
CHLD 71442 254.187500 1765334194.4668
CHLD 71451 216.093750 1765334194.4669
CHLD 71452 225.796875 1765334194.4669
CHLD 71453 220.562500 1765334194.4669
MEM 184.531250 1765334194.5727
CHLD 71441 5.687500 1765334194.5884
CHLD 71442 254.187500 1765334194.5884
CHLD 71451 216.093750 1765334194.5884
CHLD 71452 225.796875 1765334194.5884
CHLD 71453 220.562500 1765334194.5884
MEM 184.531250 1765334194.6935
CHLD 71441 5.687500 1765334194.7032
CHLD 71442 254.187500 1765334194.7032
CHLD 71451 216.093750 1765334194.7032
CHLD 71452 225.796875 1765334194.7032
CHLD 71453 220.562500 1765334194.7032
MEM 184.531250 1765334194.8086
CHLD 71441 5.687500 1765334194.8148
CHLD 71442 254.187500 1765334194.8148
CHLD 71451 216.093750 1765334194.8148
CHLD 71452 225.796875 1765334194.8148
CHLD 71453 220.562500 1765334194.8148
MEM 184.531250 1765334194.9200
CHLD 71441 5.687500 1765334194.9292
CHLD 71442 254.187500 1765334194.9292
CHLD 71451 216.093750 1765334194.9292
CHLD 71452 225.796875 1765334194.9292
CHLD 71453 220.562500 1765334194.9292
MEM 184.531250 1765334195.0344
CHLD 71441 5.687500 1765334195.0418
CHLD 71442 254.187500 1765334195.0418
CHLD 71451 216.093750 1765334195.0418
CHLD 71452 225.796875 1765334195.0418
CHLD 71453 220.562500 1765334195.0418
MEM 184.531250 1765334195.1470
CHLD 71441 5.687500 1765334195.1557
CHLD 71442 254.187500 1765334195.1558
CHLD 71451 216.093750 1765334195.1558
CHLD 71452 225.796875 1765334195.1558
CHLD 71453 220.562500 1765334195.1558
MEM 184.531250 1765334195.2610
CHLD 71441 5.687500 1765334195.2721
CHLD 71442 254.187500 1765334195.2721
CHLD 71451 216.093750 1765334195.2721
CHLD 71452 225.796875 1765334195.2721
CHLD 71453 220.562500 1765334195.2721
MEM 184.531250 1765334195.3745
CHLD 71441 5.687500 1765334195.3832
CHLD 71442 254.187500 1765334195.3832
CHLD 71451 216.093750 1765334195.3832
CHLD 71452 225.796875 1765334195.3832
CHLD 71453 220.562500 1765334195.3832
MEM 184.531250 1765334195.4884
CHLD 71441 5.687500 1765334195.4946
CHLD 71442 254.187500 1765334195.4946
CHLD 71451 216.093750 1765334195.4946
CHLD 71452 225.796875 1765334195.4946
CHLD 71453 220.562500 1765334195.4946
MEM 184.531250 1765334195.5989
CHLD 71441 5.687500 1765334195.6114
CHLD 71442 254.187500 1765334195.6115
CHLD 71451 216.093750 1765334195.6115
CHLD 71452 225.796875 1765334195.6115
CHLD 71453 220.562500 1765334195.6115
MEM 184.531250 1765334195.7166
CHLD 71441 5.687500 1765334195.7265
CHLD 71442 254.187500 1765334195.7265
CHLD 71451 216.093750 1765334195.7265
CHLD 71452 225.796875 1765334195.7265
CHLD 71453 220.562500 1765334195.7265
MEM 184.531250 1765334195.8316
CHLD 71441 5.687500 1765334195.8395
CHLD 71442 254.187500 1765334195.8395
CHLD 71451 216.093750 1765334195.8395
CHLD 71452 225.796875 1765334195.8395
CHLD 71453 220.562500 1765334195.8395
MEM 184.531250 1765334195.9449
CHLD 71441 5.687500 1765334195.9523
CHLD 71442 254.187500 1765334195.9523
CHLD 71451 216.093750 1765334195.9523
CHLD 71452 225.796875 1765334195.9523
CHLD 71453 220.562500 1765334195.9523
MEM 184.531250 1765334196.0575
CHLD 71441 5.687500 1765334196.0646
CHLD 71442 254.187500 1765334196.0646
CHLD 71451 216.093750 1765334196.0646
CHLD 71452 225.796875 1765334196.0646
CHLD 71453 220.562500 1765334196.0646
MEM 184.531250 1765334196.1698
CHLD 71441 5.687500 1765334196.1781
CHLD 71442 254.187500 1765334196.1781
CHLD 71451 216.093750 1765334196.1781
CHLD 71452 225.796875 1765334196.1781
CHLD 71453 220.562500 1765334196.1781
MEM 184.531250 1765334196.2832
CHLD 71441 5.687500 1765334196.2899
CHLD 71442 254.187500 1765334196.2900
CHLD 71451 216.093750 1765334196.2900
CHLD 71452 225.796875 1765334196.2900
CHLD 71453 220.562500 1765334196.2900
MEM 184.531250 1765334196.3952
CHLD 71441 5.687500 1765334196.4013
CHLD 71442 254.187500 1765334196.4013
CHLD 71451 216.093750 1765334196.4013
CHLD 71452 225.796875 1765334196.4013
CHLD 71453 220.562500 1765334196.4013
MEM 184.531250 1765334196.5065
CHLD 71441 5.687500 1765334196.5140
CHLD 71442 254.187500 1765334196.5140
CHLD 71451 216.093750 1765334196.5140
CHLD 71452 225.796875 1765334196.5140
CHLD 71453 220.562500 1765334196.5141
MEM 184.531250 1765334196.6193
CHLD 71441 5.687500 1765334196.6341
CHLD 71442 254.187500 1765334196.6341
CHLD 71451 216.093750 1765334196.6341
CHLD 71452 225.796875 1765334196.6341
CHLD 71453 220.562500 1765334196.6341
MEM 184.531250 1765334196.7391
CHLD 71441 5.687500 1765334196.7447
CHLD 71442 254.187500 1765334196.7447
CHLD 71451 216.093750 1765334196.7447
CHLD 71452 225.796875 1765334196.7447
CHLD 71453 220.562500 1765334196.7447
MEM 191.937500 1765334196.8497
CHLD 71441 5.687500 1765334196.8559
CHLD 71442 258.562500 1765334196.8559
CHLD 71451 218.859375 1765334196.8559
CHLD 71452 225.796875 1765334196.8559
CHLD 71453 220.562500 1765334196.8559
MEM 191.937500 1765334196.9610
CHLD 71441 5.687500 1765334196.9704
CHLD 71442 258.562500 1765334196.9704
CHLD 71451 218.859375 1765334196.9704
CHLD 71452 225.796875 1765334196.9704
CHLD 71453 220.562500 1765334196.9704
MEM 191.937500 1765334197.0705
CHLD 71441 5.687500 1765334197.0785
CHLD 71442 258.562500 1765334197.0785
CHLD 71451 218.859375 1765334197.0785
CHLD 71452 225.796875 1765334197.0785
CHLD 71453 220.562500 1765334197.0785
MEM 191.937500 1765334197.1798
CHLD 71441 5.687500 1765334197.1866
CHLD 71442 258.562500 1765334197.1866
CHLD 71451 218.859375 1765334197.1866
CHLD 71452 225.796875 1765334197.1866
CHLD 71453 220.562500 1765334197.1866
MEM 191.937500 1765334197.2912
CHLD 71441 5.687500 1765334197.2986
CHLD 71442 258.562500 1765334197.2986
CHLD 71451 218.859375 1765334197.2987
CHLD 71452 225.796875 1765334197.2987
CHLD 71453 220.562500 1765334197.2987
MEM 191.937500 1765334197.4024
CHLD 71441 5.687500 1765334197.4106
CHLD 71442 258.562500 1765334197.4106
CHLD 71451 218.859375 1765334197.4106
CHLD 71452 225.796875 1765334197.4106
CHLD 71453 220.562500 1765334197.4106
MEM 191.937500 1765334197.5159
CHLD 71441 5.687500 1765334197.5269
CHLD 71442 258.562500 1765334197.5269
CHLD 71451 218.859375 1765334197.5269
CHLD 71452 225.796875 1765334197.5269
CHLD 71453 220.562500 1765334197.5269
MEM 191.937500 1765334197.6323
CHLD 71441 5.687500 1765334197.6462
CHLD 71442 258.562500 1765334197.6462
CHLD 71451 218.859375 1765334197.6462
CHLD 71452 225.796875 1765334197.6462
CHLD 71453 220.562500 1765334197.6462
MEM 191.937500 1765334197.7513
CHLD 71441 5.687500 1765334197.7626
CHLD 71442 258.562500 1765334197.7626
CHLD 71451 218.859375 1765334197.7626
CHLD 71452 225.796875 1765334197.7626
CHLD 71453 220.562500 1765334197.7626
MEM 191.937500 1765334197.8677
CHLD 71441 6.203125 1765334197.8747
CHLD 71442 258.562500 1765334197.8747
CHLD 71451 516.578125 1765334197.8747
CHLD 71452 225.796875 1765334197.8747
CHLD 71453 220.562500 1765334197.8747
MEM 191.937500 1765334197.9798
CHLD 71441 6.203125 1765334197.9847
CHLD 71442 258.562500 1765334197.9847
CHLD 71451 597.906250 1765334197.9847
CHLD 71452 225.796875 1765334197.9847
CHLD 71453 220.562500 1765334197.9847
MEM 191.937500 1765334198.0897
CHLD 71441 6.203125 1765334198.0965
CHLD 71442 258.562500 1765334198.0965
CHLD 71451 597.906250 1765334198.0965
CHLD 71452 225.796875 1765334198.0965
CHLD 71453 220.562500 1765334198.0965
MEM 191.937500 1765334198.2017
CHLD 71441 6.203125 1765334198.2096
CHLD 71442 258.562500 1765334198.2096
CHLD 71451 597.906250 1765334198.2096
CHLD 71452 225.796875 1765334198.2096
CHLD 71453 220.562500 1765334198.2097
MEM 191.937500 1765334198.3148
CHLD 71441 6.203125 1765334198.3200
CHLD 71442 258.562500 1765334198.3200
CHLD 71451 597.906250 1765334198.3200
CHLD 71452 225.796875 1765334198.3200
CHLD 71453 220.562500 1765334198.3200
MEM 191.937500 1765334198.4247
CHLD 71441 6.203125 1765334198.4324
CHLD 71442 258.562500 1765334198.4324
CHLD 71451 597.906250 1765334198.4324
CHLD 71452 225.796875 1765334198.4324
CHLD 71453 220.562500 1765334198.4324
MEM 191.937500 1765334198.5375
CHLD 71441 6.203125 1765334198.5469
CHLD 71442 258.562500 1765334198.5469
CHLD 71451 597.906250 1765334198.5469
CHLD 71452 225.796875 1765334198.5469
CHLD 71453 220.562500 1765334198.5469
MEM 191.937500 1765334198.6522
CHLD 71441 6.203125 1765334198.6620
CHLD 71442 258.562500 1765334198.6620
CHLD 71451 597.906250 1765334198.6620
CHLD 71452 225.796875 1765334198.6620
CHLD 71453 220.562500 1765334198.6621
MEM 191.937500 1765334198.7672
CHLD 71441 6.203125 1765334198.7753
CHLD 71442 258.562500 1765334198.7753
CHLD 71451 597.906250 1765334198.7753
CHLD 71452 225.796875 1765334198.7753
CHLD 71453 220.562500 1765334198.7753
MEM 191.937500 1765334198.8762
CHLD 71441 6.203125 1765334198.8846
CHLD 71442 258.562500 1765334198.8846
CHLD 71451 597.906250 1765334198.8846
CHLD 71452 225.796875 1765334198.8846
CHLD 71453 220.562500 1765334198.8846
MEM 191.937500 1765334198.9850
CHLD 71441 6.203125 1765334198.9882
CHLD 71442 258.562500 1765334198.9882
CHLD 71451 597.906250 1765334198.9882
CHLD 71452 225.796875 1765334198.9882
CHLD 71453 220.562500 1765334198.9882
MEM 191.937500 1765334199.0933
CHLD 71441 6.203125 1765334199.0981
CHLD 71442 258.562500 1765334199.0981
CHLD 71451 597.906250 1765334199.0981
CHLD 71452 225.796875 1765334199.0981
CHLD 71453 220.562500 1765334199.0981
MEM 191.937500 1765334199.2032
CHLD 71441 6.203125 1765334199.2061
CHLD 71442 258.562500 1765334199.2061
CHLD 71451 597.906250 1765334199.2061
CHLD 71452 225.796875 1765334199.2061
CHLD 71453 220.562500 1765334199.2061
MEM 191.937500 1765334199.3111
CHLD 71441 6.203125 1765334199.3140
CHLD 71442 258.562500 1765334199.3140
CHLD 71451 597.906250 1765334199.3140
CHLD 71452 225.796875 1765334199.3140
CHLD 71453 220.562500 1765334199.3141
MEM 191.937500 1765334199.4191
CHLD 71441 6.203125 1765334199.4221
CHLD 71442 258.562500 1765334199.4221
CHLD 71451 597.906250 1765334199.4221
CHLD 71452 225.796875 1765334199.4221
CHLD 71453 220.562500 1765334199.4221
MEM 191.937500 1765334199.5261
CHLD 71441 6.203125 1765334199.5293
CHLD 71442 258.562500 1765334199.5293
CHLD 71451 597.906250 1765334199.5293
CHLD 71452 225.796875 1765334199.5293
CHLD 71453 220.562500 1765334199.5293
MEM 191.937500 1765334199.6330
CHLD 71441 6.203125 1765334199.6361
CHLD 71442 258.562500 1765334199.6361
CHLD 71451 597.906250 1765334199.6361
CHLD 71452 225.796875 1765334199.6361
CHLD 71453 220.562500 1765334199.6361
MEM 191.937500 1765334199.7412
CHLD 71441 6.203125 1765334199.7442
CHLD 71442 258.562500 1765334199.7442
CHLD 71451 597.906250 1765334199.7442
CHLD 71452 225.796875 1765334199.7442
CHLD 71453 220.562500 1765334199.7442
MEM 191.937500 1765334199.8493
CHLD 71441 6.203125 1765334199.8528
CHLD 71442 258.562500 1765334199.8528
CHLD 71451 597.906250 1765334199.8528
CHLD 71452 225.796875 1765334199.8528
CHLD 71453 220.562500 1765334199.8528
MEM 191.937500 1765334199.9579
CHLD 71441 6.203125 1765334199.9609
CHLD 71442 258.562500 1765334199.9609
CHLD 71451 597.906250 1765334199.9609
CHLD 71452 225.796875 1765334199.9609
CHLD 71453 220.562500 1765334199.9609
MEM 191.937500 1765334200.0660
CHLD 71441 6.203125 1765334200.0694
CHLD 71442 258.562500 1765334200.0695
CHLD 71451 597.906250 1765334200.0696
CHLD 71452 225.796875 1765334200.0696
CHLD 71453 220.562500 1765334200.0696
MEM 191.937500 1765334200.1747
CHLD 71441 6.203125 1765334200.1782
CHLD 71442 258.562500 1765334200.1782
CHLD 71451 597.906250 1765334200.1782
CHLD 71452 225.796875 1765334200.1782
CHLD 71453 220.562500 1765334200.1782
MEM 191.937500 1765334200.2833
CHLD 71441 6.203125 1765334200.2869
CHLD 71442 258.562500 1765334200.2869
CHLD 71451 597.906250 1765334200.2869
CHLD 71452 225.796875 1765334200.2869
CHLD 71453 220.562500 1765334200.2869
MEM 191.937500 1765334200.3920
CHLD 71441 6.203125 1765334200.3958
CHLD 71442 258.562500 1765334200.3958
CHLD 71451 597.906250 1765334200.3958
CHLD 71452 225.796875 1765334200.3958
CHLD 71453 220.562500 1765334200.3958
MEM 191.937500 1765334200.5009
CHLD 71441 6.203125 1765334200.5045
CHLD 71442 258.562500 1765334200.5045
CHLD 71451 597.906250 1765334200.5045
CHLD 71452 225.796875 1765334200.5045
CHLD 71453 220.562500 1765334200.5045
MEM 191.937500 1765334200.6088
CHLD 71441 6.203125 1765334200.6126
CHLD 71442 258.562500 1765334200.6126
CHLD 71451 597.906250 1765334200.6126
CHLD 71452 225.796875 1765334200.6126
CHLD 71453 220.562500 1765334200.6126
MEM 191.937500 1765334200.7171
CHLD 71441 6.203125 1765334200.7206
CHLD 71442 258.562500 1765334200.7206
CHLD 71451 597.906250 1765334200.7206
CHLD 71452 225.796875 1765334200.7206
CHLD 71453 220.562500 1765334200.7206
MEM 191.937500 1765334200.8248
CHLD 71441 6.203125 1765334200.8289
CHLD 71442 258.562500 1765334200.8289
CHLD 71451 597.906250 1765334200.8289
CHLD 71452 225.796875 1765334200.8289
CHLD 71453 220.562500 1765334200.8289
MEM 191.937500 1765334200.9340
CHLD 71441 6.203125 1765334200.9372
CHLD 71442 258.562500 1765334200.9372
CHLD 71451 597.906250 1765334200.9372
CHLD 71452 225.796875 1765334200.9372
CHLD 71453 220.562500 1765334200.9373
MEM 191.937500 1765334201.0410
CHLD 71441 6.203125 1765334201.0457
CHLD 71442 258.562500 1765334201.0457
CHLD 71451 597.906250 1765334201.0458
CHLD 71452 225.796875 1765334201.0458
CHLD 71453 220.562500 1765334201.0458
MEM 191.937500 1765334201.1499
CHLD 71441 6.203125 1765334201.1568
CHLD 71442 258.562500 1765334201.1568
CHLD 71451 597.906250 1765334201.1568
CHLD 71452 225.796875 1765334201.1568
CHLD 71453 220.562500 1765334201.1568
MEM 191.937500 1765334201.2620
CHLD 71441 6.203125 1765334201.2698
CHLD 71442 258.562500 1765334201.2699
CHLD 71451 597.906250 1765334201.2699
CHLD 71452 225.796875 1765334201.2699
CHLD 71453 220.562500 1765334201.2699
MEM 191.937500 1765334201.3754
CHLD 71441 6.203125 1765334201.3822
CHLD 71442 258.562500 1765334201.3822
CHLD 71451 597.906250 1765334201.3822
CHLD 71452 225.796875 1765334201.3822
CHLD 71453 220.562500 1765334201.3822
MEM 191.937500 1765334201.4875
CHLD 71441 6.203125 1765334201.4947
CHLD 71442 258.562500 1765334201.4947
CHLD 71451 597.906250 1765334201.4947
CHLD 71452 225.796875 1765334201.4947
CHLD 71453 220.562500 1765334201.4947
MEM 191.937500 1765334201.5999
CHLD 71441 6.203125 1765334201.6065
CHLD 71442 258.562500 1765334201.6065
CHLD 71451 597.906250 1765334201.6065
CHLD 71452 225.796875 1765334201.6065
CHLD 71453 220.562500 1765334201.6065
MEM 191.937500 1765334201.7116
CHLD 71441 6.203125 1765334201.7180
CHLD 71442 258.562500 1765334201.7180
CHLD 71451 597.906250 1765334201.7180
CHLD 71452 225.796875 1765334201.7180
CHLD 71453 220.562500 1765334201.7180
MEM 191.937500 1765334201.8231
CHLD 71441 6.203125 1765334201.8297
CHLD 71442 258.562500 1765334201.8298
CHLD 71451 597.906250 1765334201.8298
CHLD 71452 225.796875 1765334201.8298
CHLD 71453 220.562500 1765334201.8298
MEM 191.937500 1765334201.9343
CHLD 71441 6.203125 1765334201.9379
CHLD 71442 258.562500 1765334201.9379
CHLD 71451 597.906250 1765334201.9379
CHLD 71452 225.796875 1765334201.9379
CHLD 71453 220.562500 1765334201.9379
MEM 191.937500 1765334202.0429
CHLD 71441 6.203125 1765334202.0460
CHLD 71442 258.562500 1765334202.0460
CHLD 71451 597.906250 1765334202.0460
CHLD 71452 225.796875 1765334202.0460
CHLD 71453 220.562500 1765334202.0460
MEM 191.937500 1765334202.1510
CHLD 71441 6.203125 1765334202.1541
CHLD 71442 258.562500 1765334202.1541
CHLD 71451 597.906250 1765334202.1541
CHLD 71452 225.796875 1765334202.1541
CHLD 71453 220.562500 1765334202.1541
MEM 191.937500 1765334202.2571
CHLD 71441 6.203125 1765334202.2605
CHLD 71442 258.562500 1765334202.2605
CHLD 71451 597.906250 1765334202.2605
CHLD 71452 225.796875 1765334202.2605
CHLD 71453 220.562500 1765334202.2605
MEM 191.937500 1765334202.3622
CHLD 71441 6.203125 1765334202.3657
CHLD 71442 258.562500 1765334202.3657
CHLD 71451 597.906250 1765334202.3657
CHLD 71452 225.796875 1765334202.3657
CHLD 71453 220.562500 1765334202.3657
MEM 191.937500 1765334202.4705
CHLD 71441 6.203125 1765334202.4741
CHLD 71442 258.562500 1765334202.4741
CHLD 71451 597.906250 1765334202.4741
CHLD 71452 225.796875 1765334202.4741
CHLD 71453 220.562500 1765334202.4741
MEM 191.937500 1765334202.5792
CHLD 71441 6.203125 1765334202.5824
CHLD 71442 258.562500 1765334202.5824
CHLD 71451 597.906250 1765334202.5824
CHLD 71452 225.796875 1765334202.5824
CHLD 71453 220.562500 1765334202.5824
MEM 191.937500 1765334202.6874
CHLD 71441 6.203125 1765334202.6906
CHLD 71442 258.562500 1765334202.6906
CHLD 71451 597.906250 1765334202.6906
CHLD 71452 225.796875 1765334202.6906
CHLD 71453 220.562500 1765334202.6907
MEM 191.937500 1765334202.7957
CHLD 71441 6.203125 1765334202.7991
CHLD 71442 258.562500 1765334202.7991
CHLD 71451 597.906250 1765334202.7991
CHLD 71452 225.796875 1765334202.7991
CHLD 71453 220.562500 1765334202.7991
MEM 191.937500 1765334202.9041
CHLD 71441 6.203125 1765334202.9073
CHLD 71442 258.562500 1765334202.9073
CHLD 71451 597.906250 1765334202.9073
CHLD 71452 225.796875 1765334202.9073
CHLD 71453 220.562500 1765334202.9073
MEM 191.937500 1765334203.0124
CHLD 71441 6.203125 1765334203.0156
CHLD 71442 258.562500 1765334203.0156
CHLD 71451 597.906250 1765334203.0156
CHLD 71452 225.796875 1765334203.0156
CHLD 71453 220.562500 1765334203.0156
MEM 191.937500 1765334203.1206
CHLD 71441 6.203125 1765334203.1239
CHLD 71442 258.562500 1765334203.1239
CHLD 71451 597.906250 1765334203.1239
CHLD 71452 225.796875 1765334203.1239
CHLD 71453 220.562500 1765334203.1239
MEM 191.937500 1765334203.2289
CHLD 71441 6.203125 1765334203.2321
CHLD 71442 258.562500 1765334203.2321
CHLD 71451 597.906250 1765334203.2321
CHLD 71452 225.796875 1765334203.2321
CHLD 71453 220.562500 1765334203.2321
MEM 191.937500 1765334203.3372
CHLD 71441 6.203125 1765334203.3404
CHLD 71442 258.562500 1765334203.3404
CHLD 71451 597.906250 1765334203.3404
CHLD 71452 225.796875 1765334203.3404
CHLD 71453 220.562500 1765334203.3404
MEM 191.937500 1765334203.4455
CHLD 71441 6.203125 1765334203.4487
CHLD 71442 258.562500 1765334203.4487
CHLD 71451 597.906250 1765334203.4487
CHLD 71452 225.796875 1765334203.4487
CHLD 71453 220.562500 1765334203.4487
MEM 191.937500 1765334203.5537
CHLD 71441 6.203125 1765334203.5569
CHLD 71442 258.562500 1765334203.5569
CHLD 71451 597.906250 1765334203.5569
CHLD 71452 225.796875 1765334203.5569
CHLD 71453 220.562500 1765334203.5569
MEM 191.937500 1765334203.6620
CHLD 71441 6.203125 1765334203.6652
CHLD 71442 258.562500 1765334203.6652
CHLD 71451 597.906250 1765334203.6652
CHLD 71452 225.796875 1765334203.6652
CHLD 71453 220.562500 1765334203.6652
MEM 191.937500 1765334203.7702
CHLD 71441 6.203125 1765334203.7734
CHLD 71442 258.562500 1765334203.7734
CHLD 71451 597.906250 1765334203.7735
CHLD 71452 225.796875 1765334203.7735
CHLD 71453 220.562500 1765334203.7735
MEM 191.937500 1765334203.8785
CHLD 71441 6.203125 1765334203.8820
CHLD 71442 258.562500 1765334203.8820
CHLD 71451 597.906250 1765334203.8820
CHLD 71452 225.796875 1765334203.8820
CHLD 71453 220.562500 1765334203.8820
MEM 191.937500 1765334203.9871
CHLD 71441 6.203125 1765334203.9904
CHLD 71442 258.562500 1765334203.9904
CHLD 71451 597.906250 1765334203.9904
CHLD 71452 225.796875 1765334203.9905
CHLD 71453 220.562500 1765334203.9905
MEM 191.937500 1765334204.0955
CHLD 71441 6.203125 1765334204.0987
CHLD 71442 258.562500 1765334204.0987
CHLD 71451 597.906250 1765334204.0987
CHLD 71452 225.796875 1765334204.0987
CHLD 71453 220.562500 1765334204.0987
MEM 191.937500 1765334204.2038
CHLD 71441 6.203125 1765334204.2068
CHLD 71442 258.562500 1765334204.2068
CHLD 71451 597.906250 1765334204.2068
CHLD 71452 225.796875 1765334204.2069
CHLD 71453 220.562500 1765334204.2069
MEM 191.937500 1765334204.3120
CHLD 71441 6.203125 1765334204.3150
CHLD 71442 258.562500 1765334204.3151
CHLD 71451 597.906250 1765334204.3151
CHLD 71452 225.796875 1765334204.3151
CHLD 71453 220.562500 1765334204.3151
MEM 191.937500 1765334204.4201
CHLD 71441 6.203125 1765334204.4232
CHLD 71442 258.562500 1765334204.4232
CHLD 71451 597.906250 1765334204.4232
CHLD 71452 225.796875 1765334204.4232
CHLD 71453 220.562500 1765334204.4232
MEM 191.937500 1765334204.5283
CHLD 71441 6.203125 1765334204.5314
CHLD 71442 258.562500 1765334204.5314
CHLD 71451 597.906250 1765334204.5314
CHLD 71452 225.796875 1765334204.5314
CHLD 71453 220.562500 1765334204.5314
MEM 191.937500 1765334204.6364
CHLD 71441 6.203125 1765334204.6395
CHLD 71442 258.562500 1765334204.6395
CHLD 71451 597.906250 1765334204.6395
CHLD 71452 225.796875 1765334204.6395
CHLD 71453 220.562500 1765334204.6395
MEM 191.937500 1765334204.7446
CHLD 71441 6.203125 1765334204.7482
CHLD 71442 258.562500 1765334204.7482
CHLD 71451 597.906250 1765334204.7482
CHLD 71452 225.796875 1765334204.7482
CHLD 71453 220.562500 1765334204.7482
MEM 191.937500 1765334204.8490
CHLD 71441 6.203125 1765334204.8523
CHLD 71442 258.562500 1765334204.8523
CHLD 71451 597.906250 1765334204.8523
CHLD 71452 225.796875 1765334204.8523
CHLD 71453 220.562500 1765334204.8523
MEM 191.937500 1765334204.9574
CHLD 71441 6.203125 1765334204.9606
CHLD 71442 258.562500 1765334204.9606
CHLD 71451 597.906250 1765334204.9606
CHLD 71452 225.796875 1765334204.9606
CHLD 71453 220.562500 1765334204.9606
MEM 191.937500 1765334205.0656
CHLD 71441 6.203125 1765334205.0689
CHLD 71442 258.562500 1765334205.0689
CHLD 71451 597.906250 1765334205.0689
CHLD 71452 225.796875 1765334205.0689
CHLD 71453 220.562500 1765334205.0689
MEM 191.937500 1765334205.1740
CHLD 71441 6.203125 1765334205.1772
CHLD 71442 258.562500 1765334205.1772
CHLD 71451 597.906250 1765334205.1772
CHLD 71452 225.796875 1765334205.1772
CHLD 71453 220.562500 1765334205.1772
MEM 191.937500 1765334205.2797
CHLD 71441 6.203125 1765334205.2827
CHLD 71442 258.562500 1765334205.2828
CHLD 71451 597.906250 1765334205.2828
CHLD 71452 225.796875 1765334205.2828
CHLD 71453 220.562500 1765334205.2828
MEM 191.937500 1765334205.3832
CHLD 71441 6.203125 1765334205.3886
CHLD 71442 258.562500 1765334205.3886
CHLD 71451 597.906250 1765334205.3886
CHLD 71452 225.796875 1765334205.3886
CHLD 71453 220.562500 1765334205.3886
MEM 191.937500 1765334205.4937
CHLD 71441 6.203125 1765334205.4987
CHLD 71442 258.562500 1765334205.4987
CHLD 71451 597.906250 1765334205.4987
CHLD 71452 225.796875 1765334205.4987
CHLD 71453 220.562500 1765334205.4987
MEM 191.937500 1765334205.6038
CHLD 71441 6.203125 1765334205.6089
CHLD 71442 258.562500 1765334205.6089
CHLD 71451 597.906250 1765334205.6106
CHLD 71452 225.796875 1765334205.6106
CHLD 71453 220.562500 1765334205.6106
MEM 191.937500 1765334205.7125
CHLD 71441 6.203125 1765334205.7172
CHLD 71442 258.562500 1765334205.7172
CHLD 71451 597.906250 1765334205.7172
CHLD 71452 225.796875 1765334205.7172
CHLD 71453 220.562500 1765334205.7172
MEM 195.750000 1765334205.8223
CHLD 71441 6.203125 1765334205.8272
CHLD 71442 258.562500 1765334205.8272
CHLD 71451 597.906250 1765334205.8273
CHLD 71452 228.781250 1765334205.8273
CHLD 71453 223.906250 1765334205.8273
MEM 195.750000 1765334205.9324
CHLD 71441 6.203125 1765334205.9387
CHLD 71442 258.562500 1765334205.9387
CHLD 71451 597.906250 1765334205.9387
CHLD 71452 228.781250 1765334205.9387
CHLD 71453 223.906250 1765334205.9387
MEM 195.750000 1765334206.0438
CHLD 71441 6.203125 1765334206.0519
CHLD 71442 258.562500 1765334206.0519
CHLD 71451 597.906250 1765334206.0519
CHLD 71452 228.781250 1765334206.0519
CHLD 71453 223.906250 1765334206.0519
MEM 195.750000 1765334206.1558
CHLD 71441 6.203125 1765334206.1656
CHLD 71442 258.562500 1765334206.1656
CHLD 71451 597.906250 1765334206.1656
CHLD 71452 228.781250 1765334206.1656
CHLD 71453 223.906250 1765334206.1656
MEM 195.750000 1765334206.2706
CHLD 71441 6.203125 1765334206.2797
CHLD 71442 258.562500 1765334206.2797
CHLD 71451 597.906250 1765334206.2797
CHLD 71452 228.781250 1765334206.2797
CHLD 71453 223.906250 1765334206.2797
MEM 195.750000 1765334206.3837
CHLD 71441 6.203125 1765334206.3915
CHLD 71442 258.562500 1765334206.3915
CHLD 71451 597.906250 1765334206.3915
CHLD 71452 228.781250 1765334206.3915
CHLD 71453 223.906250 1765334206.3915
MEM 195.750000 1765334206.4966
CHLD 71441 6.203125 1765334206.5038
CHLD 71442 258.562500 1765334206.5038
CHLD 71451 597.906250 1765334206.5038
CHLD 71452 228.781250 1765334206.5038
CHLD 71453 223.906250 1765334206.5038
MEM 195.750000 1765334206.6089
CHLD 71441 6.203125 1765334206.6176
CHLD 71442 258.562500 1765334206.6176
CHLD 71451 597.906250 1765334206.6176
CHLD 71452 228.781250 1765334206.6176
CHLD 71453 223.906250 1765334206.6176
MEM 195.750000 1765334206.7227
CHLD 71441 6.203125 1765334206.7287
CHLD 71442 258.562500 1765334206.7288
CHLD 71451 597.906250 1765334206.7288
CHLD 71452 228.781250 1765334206.7288
CHLD 71453 223.906250 1765334206.7288
MEM 195.750000 1765334206.8338
CHLD 71441 6.203125 1765334206.8376
CHLD 71442 258.562500 1765334206.8376
CHLD 71451 597.906250 1765334206.8376
CHLD 71452 572.187500 1765334206.8376
CHLD 71453 572.953125 1765334206.8376
MEM 198.593750 1765334206.9428
CHLD 71441 6.203125 1765334206.9463
CHLD 71442 261.453125 1765334206.9463
CHLD 71451 629.093750 1765334206.9463
CHLD 71452 620.109375 1765334206.9463
CHLD 71453 606.203125 1765334206.9463
MEM 198.593750 1765334207.0515
CHLD 71441 6.203125 1765334207.0551
CHLD 71442 261.453125 1765334207.0551
CHLD 71451 629.093750 1765334207.0551
CHLD 71452 620.109375 1765334207.0551
CHLD 71453 606.203125 1765334207.0551
MEM 198.593750 1765334207.1588
CHLD 71441 6.203125 1765334207.1623
CHLD 71442 261.453125 1765334207.1623
CHLD 71451 629.093750 1765334207.1623
CHLD 71452 620.109375 1765334207.1623
CHLD 71453 606.203125 1765334207.1623
MEM 198.593750 1765334207.2674
CHLD 71441 6.203125 1765334207.2707
CHLD 71442 261.453125 1765334207.2707
CHLD 71451 629.093750 1765334207.2707
CHLD 71452 620.109375 1765334207.2707
CHLD 71453 606.203125 1765334207.2707
MEM 198.593750 1765334207.3755
CHLD 71441 6.203125 1765334207.3790
CHLD 71442 261.453125 1765334207.3790
CHLD 71451 629.093750 1765334207.3790
CHLD 71452 620.109375 1765334207.3790
CHLD 71453 606.203125 1765334207.3790
MEM 198.593750 1765334207.4803
CHLD 71441 6.203125 1765334207.4836
CHLD 71442 261.453125 1765334207.4837
CHLD 71451 629.093750 1765334207.4837
CHLD 71452 620.109375 1765334207.4837
CHLD 71453 606.203125 1765334207.4837
MEM 198.593750 1765334207.5888
CHLD 71441 6.203125 1765334207.5922
CHLD 71442 261.453125 1765334207.5922
CHLD 71451 629.093750 1765334207.5922
CHLD 71452 620.109375 1765334207.5922
CHLD 71453 606.203125 1765334207.5922
MEM 198.593750 1765334207.6971
CHLD 71441 6.203125 1765334207.7005
CHLD 71442 261.453125 1765334207.7005
CHLD 71451 629.093750 1765334207.7005
CHLD 71452 620.109375 1765334207.7005
CHLD 71453 606.203125 1765334207.7005
MEM 198.593750 1765334207.8034
CHLD 71441 6.203125 1765334207.8069
CHLD 71442 261.453125 1765334207.8069
CHLD 71451 629.093750 1765334207.8069
CHLD 71452 620.109375 1765334207.8069
CHLD 71453 606.203125 1765334207.8069
MEM 198.593750 1765334207.9118
CHLD 71441 6.203125 1765334207.9153
CHLD 71442 261.453125 1765334207.9153
CHLD 71451 629.093750 1765334207.9153
CHLD 71452 620.109375 1765334207.9153
CHLD 71453 606.203125 1765334207.9153
MEM 198.593750 1765334208.0205
CHLD 71441 6.203125 1765334208.0241
CHLD 71442 261.453125 1765334208.0241
CHLD 71451 629.093750 1765334208.0241
CHLD 71452 620.109375 1765334208.0241
CHLD 71453 606.203125 1765334208.0241
MEM 198.593750 1765334208.1292
CHLD 71441 6.203125 1765334208.1328
CHLD 71442 261.453125 1765334208.1328
CHLD 71451 629.093750 1765334208.1329
CHLD 71452 620.109375 1765334208.1329
CHLD 71453 606.203125 1765334208.1329
MEM 198.593750 1765334208.2380
CHLD 71441 6.203125 1765334208.2415
CHLD 71442 261.453125 1765334208.2416
CHLD 71451 629.093750 1765334208.2416
CHLD 71452 620.109375 1765334208.2416
CHLD 71453 606.203125 1765334208.2416
MEM 198.593750 1765334208.3425
CHLD 71441 6.203125 1765334208.3462
CHLD 71442 261.453125 1765334208.3462
CHLD 71451 629.093750 1765334208.3462
CHLD 71452 620.109375 1765334208.3462
CHLD 71453 606.203125 1765334208.3462
MEM 198.593750 1765334208.4514
CHLD 71441 6.203125 1765334208.4547
CHLD 71442 261.453125 1765334208.4547
CHLD 71451 629.093750 1765334208.4547
CHLD 71452 620.109375 1765334208.4547
CHLD 71453 606.203125 1765334208.4547
MEM 198.593750 1765334208.5598
CHLD 71441 6.203125 1765334208.5636
CHLD 71442 261.453125 1765334208.5636
CHLD 71451 629.093750 1765334208.5636
CHLD 71452 620.109375 1765334208.5636
CHLD 71453 606.203125 1765334208.5636
MEM 198.593750 1765334208.6686
CHLD 71441 6.203125 1765334208.6721
CHLD 71442 261.453125 1765334208.6721
CHLD 71451 629.093750 1765334208.6721
CHLD 71452 620.109375 1765334208.6721
CHLD 71453 606.203125 1765334208.6721
MEM 198.593750 1765334208.7772
CHLD 71441 6.203125 1765334208.7804
CHLD 71442 261.453125 1765334208.7804
CHLD 71451 629.093750 1765334208.7804
CHLD 71452 620.109375 1765334208.7804
CHLD 71453 606.203125 1765334208.7804
MEM 198.593750 1765334208.8855
CHLD 71441 6.203125 1765334208.8887
CHLD 71442 261.453125 1765334208.8887
CHLD 71451 629.093750 1765334208.8887
CHLD 71452 620.109375 1765334208.8887
CHLD 71453 606.203125 1765334208.8887
MEM 198.593750 1765334208.9938
CHLD 71441 6.203125 1765334208.9971
CHLD 71442 261.453125 1765334208.9971
CHLD 71451 629.093750 1765334208.9971
CHLD 71452 620.109375 1765334208.9971
CHLD 71453 606.203125 1765334208.9971
MEM 198.593750 1765334209.1005
CHLD 71441 6.203125 1765334209.1038
CHLD 71442 261.453125 1765334209.1038
CHLD 71451 629.093750 1765334209.1038
CHLD 71452 620.109375 1765334209.1038
CHLD 71453 606.203125 1765334209.1038
MEM 198.593750 1765334209.2085
CHLD 71441 6.203125 1765334209.2118
CHLD 71442 261.453125 1765334209.2118
CHLD 71451 629.093750 1765334209.2118
CHLD 71452 620.109375 1765334209.2118
CHLD 71453 606.203125 1765334209.2118
MEM 198.593750 1765334209.3155
CHLD 71441 6.203125 1765334209.3188
CHLD 71442 261.453125 1765334209.3188
CHLD 71451 629.093750 1765334209.3188
CHLD 71452 620.109375 1765334209.3188
CHLD 71453 606.203125 1765334209.3188
MEM 198.593750 1765334209.4239
CHLD 71441 6.203125 1765334209.4274
CHLD 71442 261.453125 1765334209.4274
CHLD 71451 629.093750 1765334209.4275
CHLD 71452 620.109375 1765334209.4275
CHLD 71453 606.203125 1765334209.4275
MEM 198.593750 1765334209.5325
CHLD 71441 6.203125 1765334209.5358
CHLD 71442 261.453125 1765334209.5358
CHLD 71451 629.093750 1765334209.5358
CHLD 71452 620.109375 1765334209.5358
CHLD 71453 606.203125 1765334209.5358
MEM 198.593750 1765334209.6409
CHLD 71441 6.203125 1765334209.6441
CHLD 71442 261.453125 1765334209.6441
CHLD 71451 629.093750 1765334209.6441
CHLD 71452 620.109375 1765334209.6441
CHLD 71453 606.203125 1765334209.6441
MEM 198.593750 1765334209.7492
CHLD 71441 6.203125 1765334209.7527
CHLD 71442 261.453125 1765334209.7527
CHLD 71451 629.093750 1765334209.7527
CHLD 71452 620.109375 1765334209.7527
CHLD 71453 606.203125 1765334209.7527
MEM 198.593750 1765334209.8578
CHLD 71441 6.203125 1765334209.8613
CHLD 71442 261.453125 1765334209.8613
CHLD 71451 629.093750 1765334209.8613
CHLD 71452 620.109375 1765334209.8613
CHLD 71453 606.203125 1765334209.8613
MEM 198.593750 1765334209.9638
CHLD 71441 6.203125 1765334209.9675
CHLD 71442 261.453125 1765334209.9675
CHLD 71451 629.093750 1765334209.9675
CHLD 71452 620.109375 1765334209.9675
CHLD 71453 606.203125 1765334209.9675
MEM 198.593750 1765334210.0726
CHLD 71441 6.203125 1765334210.0761
CHLD 71442 261.453125 1765334210.0761
CHLD 71451 629.093750 1765334210.0761
CHLD 71452 620.109375 1765334210.0761
CHLD 71453 606.203125 1765334210.0761
MEM 198.593750 1765334210.1812
CHLD 71441 6.203125 1765334210.1846
CHLD 71442 261.453125 1765334210.1846
CHLD 71451 629.093750 1765334210.1846
CHLD 71452 620.109375 1765334210.1846
CHLD 71453 606.203125 1765334210.1846
MEM 198.593750 1765334210.2897
CHLD 71441 6.203125 1765334210.2931
CHLD 71442 261.453125 1765334210.2931
CHLD 71451 629.093750 1765334210.2932
CHLD 71452 620.109375 1765334210.2932
CHLD 71453 606.203125 1765334210.2932
MEM 198.593750 1765334210.3982
CHLD 71441 6.203125 1765334210.4015
CHLD 71442 261.453125 1765334210.4015
CHLD 71451 629.093750 1765334210.4015
CHLD 71452 620.109375 1765334210.4015
CHLD 71453 606.203125 1765334210.4015
MEM 198.593750 1765334210.5066
CHLD 71441 6.203125 1765334210.5103
CHLD 71442 261.453125 1765334210.5103
CHLD 71451 629.093750 1765334210.5103
CHLD 71452 620.109375 1765334210.5103
CHLD 71453 606.203125 1765334210.5103
MEM 198.593750 1765334210.6155
CHLD 71441 6.203125 1765334210.6191
CHLD 71442 261.453125 1765334210.6191
CHLD 71451 629.093750 1765334210.6191
CHLD 71452 620.109375 1765334210.6191
CHLD 71453 606.203125 1765334210.6191
MEM 198.593750 1765334210.7242
CHLD 71441 6.203125 1765334210.7279
CHLD 71442 261.453125 1765334210.7279
CHLD 71451 629.093750 1765334210.7279
CHLD 71452 620.109375 1765334210.7279
CHLD 71453 606.203125 1765334210.7279
MEM 198.593750 1765334210.8289
CHLD 71441 6.203125 1765334210.8327
CHLD 71442 261.453125 1765334210.8327
CHLD 71451 629.093750 1765334210.8327
CHLD 71452 620.109375 1765334210.8327
CHLD 71453 606.203125 1765334210.8327
MEM 198.593750 1765334210.9373
CHLD 71441 6.203125 1765334210.9408
CHLD 71442 261.453125 1765334210.9408
CHLD 71451 629.093750 1765334210.9408
CHLD 71452 620.109375 1765334210.9408
CHLD 71453 606.203125 1765334210.9408
MEM 198.593750 1765334211.0457
CHLD 71441 6.203125 1765334211.0493
CHLD 71442 261.453125 1765334211.0494
CHLD 71451 629.093750 1765334211.0494
CHLD 71452 620.109375 1765334211.0494
CHLD 71453 606.203125 1765334211.0494
MEM 198.593750 1765334211.1531
CHLD 71441 6.203125 1765334211.1563
CHLD 71442 261.453125 1765334211.1563
CHLD 71451 629.093750 1765334211.1564
CHLD 71452 620.109375 1765334211.1564
CHLD 71453 606.203125 1765334211.1564
MEM 198.593750 1765334211.2615
CHLD 71441 6.203125 1765334211.2652
CHLD 71442 261.453125 1765334211.2652
CHLD 71451 629.093750 1765334211.2652
CHLD 71452 620.109375 1765334211.2653
CHLD 71453 606.203125 1765334211.2653
MEM 198.593750 1765334211.3703
CHLD 71441 6.203125 1765334211.3735
CHLD 71442 261.453125 1765334211.3735
CHLD 71451 629.093750 1765334211.3735
CHLD 71452 620.109375 1765334211.3736
CHLD 71453 606.203125 1765334211.3736
MEM 198.593750 1765334211.4787
CHLD 71441 6.203125 1765334211.4821
CHLD 71442 261.453125 1765334211.4821
CHLD 71451 629.093750 1765334211.4821
CHLD 71452 620.109375 1765334211.4821
CHLD 71453 606.203125 1765334211.4821
MEM 198.593750 1765334211.5845
CHLD 71441 6.203125 1765334211.5881
CHLD 71442 261.453125 1765334211.5881
CHLD 71451 629.093750 1765334211.5882
CHLD 71452 620.109375 1765334211.5882
CHLD 71453 606.203125 1765334211.5882
MEM 198.593750 1765334211.6933
CHLD 71441 6.203125 1765334211.6969
CHLD 71442 261.453125 1765334211.6969
CHLD 71451 629.093750 1765334211.6969
CHLD 71452 620.109375 1765334211.6969
CHLD 71453 606.203125 1765334211.6969
MEM 198.593750 1765334211.7985
CHLD 71441 6.203125 1765334211.8020
CHLD 71442 261.453125 1765334211.8020
CHLD 71451 629.093750 1765334211.8021
CHLD 71452 620.109375 1765334211.8021
CHLD 71453 606.203125 1765334211.8021
MEM 198.593750 1765334211.9051
CHLD 71441 6.203125 1765334211.9087
CHLD 71442 261.453125 1765334211.9088
CHLD 71451 629.093750 1765334211.9088
CHLD 71452 620.109375 1765334211.9088
CHLD 71453 606.203125 1765334211.9088
MEM 198.593750 1765334212.0135
CHLD 71441 6.203125 1765334212.0173
CHLD 71442 261.453125 1765334212.0173
CHLD 71451 629.093750 1765334212.0173
CHLD 71452 620.109375 1765334212.0173
CHLD 71453 606.203125 1765334212.0173
MEM 198.593750 1765334212.1198
CHLD 71441 6.203125 1765334212.1233
CHLD 71442 261.453125 1765334212.1233
CHLD 71451 629.093750 1765334212.1233
CHLD 71452 620.109375 1765334212.1233
CHLD 71453 606.203125 1765334212.1233
MEM 198.593750 1765334212.2284
CHLD 71441 6.203125 1765334212.2321
CHLD 71442 261.453125 1765334212.2321
CHLD 71451 629.093750 1765334212.2321
CHLD 71452 620.109375 1765334212.2321
CHLD 71453 606.203125 1765334212.2321
MEM 198.593750 1765334212.3373
CHLD 71441 6.203125 1765334212.3407
CHLD 71442 261.453125 1765334212.3407
CHLD 71451 629.093750 1765334212.3407
CHLD 71452 620.109375 1765334212.3407
CHLD 71453 606.203125 1765334212.3407
MEM 198.593750 1765334212.4458
CHLD 71441 6.203125 1765334212.4496
CHLD 71442 261.453125 1765334212.4496
CHLD 71451 629.093750 1765334212.4496
CHLD 71452 620.109375 1765334212.4496
CHLD 71453 606.203125 1765334212.4496
MEM 198.593750 1765334212.5547
CHLD 71441 6.203125 1765334212.5582
CHLD 71442 261.453125 1765334212.5582
CHLD 71451 629.093750 1765334212.5582
CHLD 71452 620.109375 1765334212.5582
CHLD 71453 606.203125 1765334212.5582
MEM 198.593750 1765334212.6634
CHLD 71441 6.203125 1765334212.6669
CHLD 71442 261.453125 1765334212.6669
CHLD 71451 629.093750 1765334212.6670
CHLD 71452 620.109375 1765334212.6670
CHLD 71453 606.203125 1765334212.6670
MEM 198.593750 1765334212.7707
CHLD 71441 6.203125 1765334212.7742
CHLD 71442 261.453125 1765334212.7742
CHLD 71451 629.093750 1765334212.7742
CHLD 71452 620.109375 1765334212.7742
CHLD 71453 606.203125 1765334212.7742
MEM 198.593750 1765334212.8793
CHLD 71441 6.203125 1765334212.8829
CHLD 71442 261.453125 1765334212.8829
CHLD 71451 629.093750 1765334212.8829
CHLD 71452 620.109375 1765334212.8829
CHLD 71453 606.203125 1765334212.8829
MEM 198.593750 1765334212.9880
CHLD 71441 6.203125 1765334212.9913
CHLD 71442 261.453125 1765334212.9913
CHLD 71451 629.093750 1765334212.9913
CHLD 71452 620.109375 1765334212.9913
CHLD 71453 606.203125 1765334212.9913
MEM 198.593750 1765334213.0964
CHLD 71441 6.203125 1765334213.0996
CHLD 71442 261.453125 1765334213.0996
CHLD 71451 629.093750 1765334213.0996
CHLD 71452 620.109375 1765334213.0996
CHLD 71453 606.203125 1765334213.0996
MEM 198.593750 1765334213.2047
CHLD 71441 6.203125 1765334213.2080
CHLD 71442 261.453125 1765334213.2080
CHLD 71451 629.093750 1765334213.2080
CHLD 71452 620.109375 1765334213.2080
CHLD 71453 606.203125 1765334213.2081
MEM 198.593750 1765334213.3131
CHLD 71441 6.203125 1765334213.3163
CHLD 71442 261.453125 1765334213.3163
CHLD 71451 629.093750 1765334213.3163
CHLD 71452 620.109375 1765334213.3163
CHLD 71453 606.203125 1765334213.3163
MEM 198.593750 1765334213.4214
CHLD 71441 6.203125 1765334213.4246
CHLD 71442 261.453125 1765334213.4246
CHLD 71451 629.093750 1765334213.4246
CHLD 71452 620.109375 1765334213.4246
CHLD 71453 606.203125 1765334213.4246
MEM 198.593750 1765334213.5296
CHLD 71441 6.203125 1765334213.5328
CHLD 71442 261.453125 1765334213.5328
CHLD 71451 629.093750 1765334213.5328
CHLD 71452 620.109375 1765334213.5328
CHLD 71453 606.203125 1765334213.5328
MEM 198.593750 1765334213.6379
CHLD 71441 6.203125 1765334213.6410
CHLD 71442 261.453125 1765334213.6410
CHLD 71451 629.093750 1765334213.6410
CHLD 71452 620.109375 1765334213.6410
CHLD 71453 606.203125 1765334213.6411
MEM 198.593750 1765334213.7461
CHLD 71441 6.203125 1765334213.7493
CHLD 71442 261.453125 1765334213.7494
CHLD 71451 629.093750 1765334213.7494
CHLD 71452 620.109375 1765334213.7494
CHLD 71453 606.203125 1765334213.7494
MEM 198.593750 1765334213.8545
CHLD 71441 6.203125 1765334213.8577
CHLD 71442 261.453125 1765334213.8577
CHLD 71451 629.093750 1765334213.8577
CHLD 71452 620.109375 1765334213.8577
CHLD 71453 606.203125 1765334213.8577
MEM 198.593750 1765334213.9629
CHLD 71441 6.203125 1765334213.9665
CHLD 71442 261.453125 1765334213.9665
CHLD 71451 629.093750 1765334213.9665
CHLD 71452 620.109375 1765334213.9665
CHLD 71453 606.203125 1765334213.9665
MEM 198.593750 1765334214.0704
CHLD 71441 6.203125 1765334214.0740
CHLD 71442 261.453125 1765334214.0740
CHLD 71451 629.093750 1765334214.0740
CHLD 71452 620.109375 1765334214.0740
CHLD 71453 606.203125 1765334214.0740
MEM 198.593750 1765334214.1792
CHLD 71441 6.203125 1765334214.1827
CHLD 71442 261.453125 1765334214.1827
CHLD 71451 629.093750 1765334214.1828
CHLD 71452 620.109375 1765334214.1828
CHLD 71453 606.203125 1765334214.1828
MEM 198.593750 1765334214.2879
CHLD 71441 6.203125 1765334214.2912
CHLD 71442 261.453125 1765334214.2912
CHLD 71451 629.093750 1765334214.2912
CHLD 71452 620.109375 1765334214.2912
CHLD 71453 606.203125 1765334214.2912
MEM 198.593750 1765334214.3947
CHLD 71441 6.203125 1765334214.3983
CHLD 71442 261.453125 1765334214.3983
CHLD 71451 629.093750 1765334214.3983
CHLD 71452 620.109375 1765334214.3983
CHLD 71453 606.203125 1765334214.3983
MEM 198.593750 1765334214.5034
CHLD 71441 6.203125 1765334214.5070
CHLD 71442 261.453125 1765334214.5070
CHLD 71451 629.093750 1765334214.5070
CHLD 71452 620.109375 1765334214.5070
CHLD 71453 606.203125 1765334214.5070
MEM 198.593750 1765334214.6122
CHLD 71441 6.203125 1765334214.6155
CHLD 71442 261.453125 1765334214.6155
CHLD 71451 629.093750 1765334214.6155
CHLD 71452 620.109375 1765334214.6155
CHLD 71453 606.203125 1765334214.6155
MEM 198.593750 1765334214.7207
CHLD 71441 6.203125 1765334214.7241
CHLD 71442 261.453125 1765334214.7241
CHLD 71451 629.093750 1765334214.7241
CHLD 71452 620.109375 1765334214.7241
CHLD 71453 606.203125 1765334214.7241
MEM 198.609375 1765334214.8292
CHLD 71441 6.203125 1765334214.8328
CHLD 71442 261.453125 1765334214.8329
CHLD 71451 629.093750 1765334214.8329
CHLD 71452 620.109375 1765334214.8329
CHLD 71453 606.203125 1765334214.8329
MEM 198.609375 1765334214.9380
CHLD 71441 6.203125 1765334214.9415
CHLD 71442 261.453125 1765334214.9415
CHLD 71451 629.093750 1765334214.9415
CHLD 71452 620.109375 1765334214.9415
CHLD 71453 606.203125 1765334214.9415
MEM 198.609375 1765334215.0457
CHLD 71441 6.203125 1765334215.0493
CHLD 71442 261.453125 1765334215.0493
CHLD 71451 629.093750 1765334215.0493
CHLD 71452 620.109375 1765334215.0493
CHLD 71453 606.203125 1765334215.0493
MEM 198.609375 1765334215.1545
CHLD 71441 6.203125 1765334215.1580
CHLD 71442 261.453125 1765334215.1580
CHLD 71451 629.093750 1765334215.1580
CHLD 71452 620.109375 1765334215.1580
CHLD 71453 606.203125 1765334215.1580
MEM 198.609375 1765334215.2623
CHLD 71441 6.203125 1765334215.2659
CHLD 71442 261.453125 1765334215.2659
CHLD 71451 629.093750 1765334215.2660
CHLD 71452 620.109375 1765334215.2660
CHLD 71453 606.203125 1765334215.2660
MEM 198.609375 1765334215.3706
CHLD 71441 6.203125 1765334215.3739
CHLD 71442 261.453125 1765334215.3739
CHLD 71451 629.093750 1765334215.3739
CHLD 71452 620.109375 1765334215.3739
CHLD 71453 606.203125 1765334215.3739
MEM 198.609375 1765334215.4791
CHLD 71441 6.203125 1765334215.4827
CHLD 71442 261.453125 1765334215.4827
CHLD 71451 629.093750 1765334215.4827
CHLD 71452 620.109375 1765334215.4827
CHLD 71453 606.203125 1765334215.4827
MEM 198.609375 1765334215.5874
CHLD 71441 6.203125 1765334215.5907
CHLD 71442 261.453125 1765334215.5907
CHLD 71451 629.093750 1765334215.5907
CHLD 71452 620.109375 1765334215.5907
CHLD 71453 606.203125 1765334215.5908
MEM 198.609375 1765334215.6959
CHLD 71441 6.203125 1765334215.6995
CHLD 71442 261.453125 1765334215.6995
CHLD 71451 629.093750 1765334215.6995
CHLD 71452 620.109375 1765334215.6995
CHLD 71453 606.203125 1765334215.6995
MEM 198.609375 1765334215.8046
CHLD 71441 6.203125 1765334215.8082
CHLD 71442 261.453125 1765334215.8082
CHLD 71451 629.093750 1765334215.8082
CHLD 71452 620.109375 1765334215.8082
CHLD 71453 606.203125 1765334215.8082
MEM 198.609375 1765334215.9134
CHLD 71441 6.203125 1765334215.9167
CHLD 71442 261.453125 1765334215.9167
CHLD 71451 629.093750 1765334215.9167
CHLD 71452 620.109375 1765334215.9167
CHLD 71453 606.203125 1765334215.9167
MEM 198.609375 1765334216.0172
CHLD 71441 6.203125 1765334216.0207
CHLD 71442 261.453125 1765334216.0207
CHLD 71451 629.093750 1765334216.0207
CHLD 71452 620.109375 1765334216.0208
CHLD 71453 606.203125 1765334216.0208
MEM 198.609375 1765334216.1259
CHLD 71441 6.203125 1765334216.1294
CHLD 71442 261.453125 1765334216.1294
CHLD 71451 629.093750 1765334216.1294
CHLD 71452 620.109375 1765334216.1294
CHLD 71453 606.203125 1765334216.1294
MEM 198.609375 1765334216.2346
CHLD 71441 6.203125 1765334216.2382
CHLD 71442 261.453125 1765334216.2383
CHLD 71451 629.093750 1765334216.2383
CHLD 71452 620.109375 1765334216.2383
CHLD 71453 606.203125 1765334216.2383
MEM 198.609375 1765334216.3434
CHLD 71441 6.203125 1765334216.3470
CHLD 71442 261.453125 1765334216.3470
CHLD 71451 629.093750 1765334216.3470
CHLD 71452 620.109375 1765334216.3470
CHLD 71453 606.203125 1765334216.3470
MEM 198.609375 1765334216.4472
CHLD 71441 6.203125 1765334216.4507
CHLD 71442 261.453125 1765334216.4508
CHLD 71451 629.093750 1765334216.4508
CHLD 71452 620.109375 1765334216.4508
CHLD 71453 606.203125 1765334216.4508
MEM 198.609375 1765334216.5559
CHLD 71441 6.203125 1765334216.5596
CHLD 71442 261.453125 1765334216.5596
CHLD 71451 629.093750 1765334216.5596
CHLD 71452 620.109375 1765334216.5596
CHLD 71453 606.203125 1765334216.5596
MEM 198.609375 1765334216.6647
CHLD 71441 6.203125 1765334216.6680
CHLD 71442 261.453125 1765334216.6680
CHLD 71451 629.093750 1765334216.6681
CHLD 71452 620.109375 1765334216.6681
CHLD 71453 606.203125 1765334216.6681
MEM 198.609375 1765334216.7732
CHLD 71441 6.203125 1765334216.7767
CHLD 71442 261.453125 1765334216.7767
CHLD 71451 629.093750 1765334216.7767
CHLD 71452 620.109375 1765334216.7767
CHLD 71453 606.203125 1765334216.7767
MEM 198.609375 1765334216.8818
CHLD 71441 6.203125 1765334216.8854
CHLD 71442 261.453125 1765334216.8854
CHLD 71451 629.093750 1765334216.8854
CHLD 71452 620.109375 1765334216.8854
CHLD 71453 606.203125 1765334216.8854
MEM 198.609375 1765334216.9905
CHLD 71441 6.203125 1765334216.9939
CHLD 71442 261.453125 1765334216.9939
CHLD 71451 629.093750 1765334216.9939
CHLD 71452 620.109375 1765334216.9939
CHLD 71453 606.203125 1765334216.9939
MEM 198.609375 1765334217.0965
CHLD 71441 6.203125 1765334217.1001
CHLD 71442 261.453125 1765334217.1001
CHLD 71451 629.093750 1765334217.1001
CHLD 71452 620.109375 1765334217.1001
CHLD 71453 606.203125 1765334217.1001
MEM 198.609375 1765334217.2052
CHLD 71441 6.203125 1765334217.2087
CHLD 71442 261.453125 1765334217.2087
CHLD 71451 629.093750 1765334217.2087
CHLD 71452 620.109375 1765334217.2087
CHLD 71453 606.203125 1765334217.2087
MEM 198.609375 1765334217.3139
CHLD 71441 6.203125 1765334217.3174
CHLD 71442 261.453125 1765334217.3174
CHLD 71451 629.093750 1765334217.3174
CHLD 71452 620.109375 1765334217.3174
CHLD 71453 606.203125 1765334217.3174
MEM 198.609375 1765334217.4225
CHLD 71441 6.203125 1765334217.4261
CHLD 71442 261.453125 1765334217.4261
CHLD 71451 629.093750 1765334217.4261
CHLD 71452 620.109375 1765334217.4261
CHLD 71453 606.203125 1765334217.4261
MEM 198.609375 1765334217.5313
CHLD 71441 6.203125 1765334217.5356
CHLD 71442 261.453125 1765334217.5356
CHLD 71451 629.093750 1765334217.5356
CHLD 71452 620.109375 1765334217.5356
CHLD 71453 606.203125 1765334217.5356
MEM 198.609375 1765334217.6407
CHLD 71441 6.203125 1765334217.6452
CHLD 71442 261.453125 1765334217.6452
CHLD 71451 629.093750 1765334217.6452
CHLD 71452 620.109375 1765334217.6452
CHLD 71453 606.203125 1765334217.6452
MEM 198.609375 1765334217.7503
CHLD 71441 6.203125 1765334217.7547
CHLD 71442 261.453125 1765334217.7548
CHLD 71451 629.093750 1765334217.7548
CHLD 71452 620.109375 1765334217.7548
CHLD 71453 606.203125 1765334217.7548
MEM 198.609375 1765334217.8599
CHLD 71441 6.203125 1765334217.8644
CHLD 71442 261.453125 1765334217.8644
CHLD 71451 629.093750 1765334217.8644
CHLD 71452 620.109375 1765334217.8644
CHLD 71453 606.203125 1765334217.8644
MEM 198.609375 1765334217.9695
CHLD 71441 6.203125 1765334217.9747
CHLD 71442 261.453125 1765334217.9747
CHLD 71451 629.093750 1765334217.9747
CHLD 71452 620.109375 1765334217.9747
CHLD 71453 606.203125 1765334217.9747
MEM 198.609375 1765334218.0758
CHLD 71441 6.203125 1765334218.0793
CHLD 71442 261.453125 1765334218.0793
CHLD 71451 629.093750 1765334218.0794
CHLD 71452 620.109375 1765334218.0794
CHLD 71453 606.203125 1765334218.0794
MEM 198.609375 1765334218.1845
CHLD 71441 6.203125 1765334218.1899
CHLD 71442 261.453125 1765334218.1899
CHLD 71451 629.093750 1765334218.1900
CHLD 71452 620.109375 1765334218.1900
CHLD 71453 606.203125 1765334218.1900
MEM 198.609375 1765334218.2950
CHLD 71441 6.203125 1765334218.3003
CHLD 71442 261.453125 1765334218.3003
CHLD 71451 629.093750 1765334218.3003
CHLD 71452 620.109375 1765334218.3003
CHLD 71453 606.203125 1765334218.3003
MEM 198.609375 1765334218.4054
CHLD 71441 6.203125 1765334218.4108
CHLD 71442 261.453125 1765334218.4108
CHLD 71451 629.093750 1765334218.4108
CHLD 71452 620.109375 1765334218.4108
CHLD 71453 606.203125 1765334218.4108
MEM 198.609375 1765334218.5124
CHLD 71441 6.203125 1765334218.5159
CHLD 71442 261.453125 1765334218.5159
CHLD 71451 629.093750 1765334218.5159
CHLD 71452 620.109375 1765334218.5159
CHLD 71453 606.203125 1765334218.5159
MEM 198.609375 1765334218.6210
CHLD 71441 6.203125 1765334218.6247
CHLD 71442 261.453125 1765334218.6247
CHLD 71451 629.093750 1765334218.6247
CHLD 71452 620.109375 1765334218.6247
CHLD 71453 606.203125 1765334218.6247
MEM 198.609375 1765334218.7298
CHLD 71441 6.203125 1765334218.7338
CHLD 71442 261.453125 1765334218.7338
CHLD 71451 629.093750 1765334218.7338
CHLD 71452 620.109375 1765334218.7338
CHLD 71453 606.203125 1765334218.7338
MEM 198.609375 1765334218.8389
CHLD 71441 6.203125 1765334218.8439
CHLD 71442 261.453125 1765334218.8439
CHLD 71451 629.093750 1765334218.8439
CHLD 71452 620.109375 1765334218.8439
CHLD 71453 606.203125 1765334218.8439
MEM 198.609375 1765334218.9489
CHLD 71441 6.203125 1765334218.9539
CHLD 71442 261.453125 1765334218.9539
CHLD 71451 629.093750 1765334218.9539
CHLD 71452 620.109375 1765334218.9539
CHLD 71453 606.203125 1765334218.9539
MEM 198.609375 1765334219.0587
CHLD 71441 6.203125 1765334219.0629
CHLD 71442 261.453125 1765334219.0629
CHLD 71451 629.093750 1765334219.0629
CHLD 71452 620.109375 1765334219.0629
CHLD 71453 606.203125 1765334219.0629
MEM 198.609375 1765334219.1665
CHLD 71441 6.203125 1765334219.1717
CHLD 71442 261.453125 1765334219.1717
CHLD 71451 629.093750 1765334219.1717
CHLD 71452 620.109375 1765334219.1717
CHLD 71453 606.203125 1765334219.1717
MEM 198.609375 1765334219.2768
CHLD 71441 6.203125 1765334219.2824
CHLD 71442 261.453125 1765334219.2824
CHLD 71451 629.093750 1765334219.2824
CHLD 71452 620.109375 1765334219.2824
CHLD 71453 606.203125 1765334219.2824
MEM 198.609375 1765334219.3875
CHLD 71441 6.203125 1765334219.3910
CHLD 71442 261.453125 1765334219.3910
CHLD 71451 629.093750 1765334219.3910
CHLD 71452 620.109375 1765334219.3910
CHLD 71453 606.203125 1765334219.3910
MEM 198.609375 1765334219.4953
CHLD 71441 6.203125 1765334219.4988
CHLD 71442 261.453125 1765334219.4988
CHLD 71451 629.093750 1765334219.4988
CHLD 71452 620.109375 1765334219.4988
CHLD 71453 606.203125 1765334219.4988
MEM 198.609375 1765334219.6012
CHLD 71441 6.203125 1765334219.6046
CHLD 71442 261.453125 1765334219.6046
CHLD 71451 629.093750 1765334219.6047
CHLD 71452 620.109375 1765334219.6047
CHLD 71453 606.203125 1765334219.6047
MEM 198.609375 1765334219.7097
CHLD 71441 6.203125 1765334219.7132
CHLD 71442 261.453125 1765334219.7132
CHLD 71451 629.093750 1765334219.7132
CHLD 71452 620.109375 1765334219.7132
CHLD 71453 606.203125 1765334219.7132
MEM 198.609375 1765334219.8145
CHLD 71441 6.203125 1765334219.8198
CHLD 71442 261.453125 1765334219.8198
CHLD 71451 629.093750 1765334219.8198
CHLD 71452 620.109375 1765334219.8198
CHLD 71453 606.203125 1765334219.8198
MEM 198.609375 1765334219.9249
CHLD 71441 6.203125 1765334219.9304
CHLD 71442 261.453125 1765334219.9304
CHLD 71451 629.093750 1765334219.9304
CHLD 71452 620.109375 1765334219.9304
CHLD 71453 606.203125 1765334219.9304
MEM 198.609375 1765334220.0355
CHLD 71441 6.203125 1765334220.0408
CHLD 71442 261.453125 1765334220.0408
CHLD 71451 629.093750 1765334220.0408
CHLD 71452 620.109375 1765334220.0408
CHLD 71453 606.203125 1765334220.0408
MEM 198.609375 1765334220.1459
CHLD 71441 6.203125 1765334220.1515
CHLD 71442 261.453125 1765334220.1515
CHLD 71451 629.093750 1765334220.1515
CHLD 71452 620.109375 1765334220.1515
CHLD 71453 606.203125 1765334220.1515
MEM 198.609375 1765334220.2565
CHLD 71441 6.203125 1765334220.2621
CHLD 71442 261.453125 1765334220.2621
CHLD 71451 629.093750 1765334220.2622
CHLD 71452 620.109375 1765334220.2622
CHLD 71453 606.203125 1765334220.2622
MEM 198.609375 1765334220.3672
CHLD 71441 6.203125 1765334220.3706
CHLD 71442 261.453125 1765334220.3706
CHLD 71451 629.093750 1765334220.3706
CHLD 71452 620.109375 1765334220.3706
CHLD 71453 606.203125 1765334220.3706
MEM 198.609375 1765334220.4757
CHLD 71441 6.203125 1765334220.4791
CHLD 71442 261.453125 1765334220.4791
CHLD 71451 629.093750 1765334220.4791
CHLD 71452 620.109375 1765334220.4791
CHLD 71453 606.203125 1765334220.4791
MEM 198.609375 1765334220.5794
CHLD 71441 6.203125 1765334220.5848
CHLD 71442 261.453125 1765334220.5848
CHLD 71451 629.093750 1765334220.5848
CHLD 71452 620.109375 1765334220.5848
CHLD 71453 606.203125 1765334220.5848
MEM 198.609375 1765334220.6899
CHLD 71441 6.203125 1765334220.6953
CHLD 71442 261.453125 1765334220.6953
CHLD 71451 629.093750 1765334220.6953
CHLD 71452 620.109375 1765334220.6954
CHLD 71453 606.203125 1765334220.6954
MEM 198.609375 1765334220.8004
CHLD 71441 6.203125 1765334220.8054
CHLD 71442 261.453125 1765334220.8054
CHLD 71451 629.093750 1765334220.8054
CHLD 71452 620.109375 1765334220.8054
CHLD 71453 606.203125 1765334220.8054
MEM 198.609375 1765334220.9105
CHLD 71441 6.203125 1765334220.9155
CHLD 71442 261.453125 1765334220.9155
CHLD 71451 629.093750 1765334220.9155
CHLD 71452 620.109375 1765334220.9155
CHLD 71453 606.203125 1765334220.9155
MEM 198.609375 1765334221.0206
CHLD 71441 6.203125 1765334221.0257
CHLD 71442 261.453125 1765334221.0257
CHLD 71451 629.093750 1765334221.0257
CHLD 71452 620.109375 1765334221.0257
CHLD 71453 606.203125 1765334221.0257
MEM 198.609375 1765334221.1308
CHLD 71441 6.203125 1765334221.1355
CHLD 71442 261.453125 1765334221.1355
CHLD 71451 629.093750 1765334221.1356
CHLD 71452 620.109375 1765334221.1356
CHLD 71453 606.203125 1765334221.1356
MEM 198.609375 1765334221.2406
CHLD 71441 6.203125 1765334221.2482
CHLD 71442 261.453125 1765334221.2483
CHLD 71451 629.093750 1765334221.2483
CHLD 71452 620.109375 1765334221.2483
CHLD 71453 606.203125 1765334221.2483
MEM 198.609375 1765334221.3533
CHLD 71441 6.203125 1765334221.3584
CHLD 71442 261.453125 1765334221.3584
CHLD 71451 629.093750 1765334221.3584
CHLD 71452 620.109375 1765334221.3585
CHLD 71453 606.203125 1765334221.3585
MEM 198.609375 1765334221.4635
CHLD 71441 6.203125 1765334221.4688
CHLD 71442 261.453125 1765334221.4688
CHLD 71451 629.093750 1765334221.4688
CHLD 71452 620.109375 1765334221.4688
CHLD 71453 606.203125 1765334221.4688
MEM 198.609375 1765334221.5739
CHLD 71441 6.203125 1765334221.5773
CHLD 71442 261.453125 1765334221.5773
CHLD 71451 629.093750 1765334221.5774
CHLD 71452 620.109375 1765334221.5774
CHLD 71453 606.203125 1765334221.5774
MEM 198.609375 1765334221.6822
CHLD 71441 6.203125 1765334221.6859
CHLD 71442 261.453125 1765334221.6860
CHLD 71451 629.093750 1765334221.6860
CHLD 71452 620.109375 1765334221.6860
CHLD 71453 606.203125 1765334221.6860
MEM 198.609375 1765334221.7874
CHLD 71441 6.203125 1765334221.7929
CHLD 71442 261.453125 1765334221.7929
CHLD 71451 629.093750 1765334221.7929
CHLD 71452 620.109375 1765334221.7930
CHLD 71453 606.203125 1765334221.7930
MEM 198.734375 1765334221.8980
CHLD 71441 6.203125 1765334221.9023
CHLD 71442 261.453125 1765334221.9023
CHLD 71451 629.093750 1765334221.9023
CHLD 71452 634.531250 1765334221.9023
CHLD 71453 623.328125 1765334221.9023
MEM 199.218750 1765334222.0074
CHLD 71441 6.203125 1765334222.0113
CHLD 71442 262.359375 1765334222.0113
CHLD 71451 629.562500 1765334222.0113
CHLD 71452 638.453125 1765334222.0113
CHLD 71453 626.421875 1765334222.0113
MEM 199.218750 1765334222.1164
CHLD 71441 6.203125 1765334222.1199
CHLD 71442 262.359375 1765334222.1199
CHLD 71451 629.562500 1765334222.1199
CHLD 71452 638.453125 1765334222.1199
CHLD 71453 626.421875 1765334222.1199
MEM 199.218750 1765334222.2250
CHLD 71441 6.203125 1765334222.2284
CHLD 71442 262.359375 1765334222.2284
CHLD 71451 629.562500 1765334222.2284
CHLD 71452 638.453125 1765334222.2284
CHLD 71453 626.421875 1765334222.2284
MEM 199.218750 1765334222.3332
CHLD 71441 6.203125 1765334222.3370
CHLD 71442 262.359375 1765334222.3371
CHLD 71451 629.562500 1765334222.3371
CHLD 71452 638.453125 1765334222.3371
CHLD 71453 626.421875 1765334222.3371
MEM 199.218750 1765334222.4421
CHLD 71441 6.203125 1765334222.4459
CHLD 71442 262.359375 1765334222.4459
CHLD 71451 629.562500 1765334222.4459
CHLD 71452 638.453125 1765334222.4459
CHLD 71453 626.421875 1765334222.4459
MEM 199.218750 1765334222.5472
CHLD 71441 6.203125 1765334222.5525
CHLD 71442 262.359375 1765334222.5525
CHLD 71451 629.562500 1765334222.5525
CHLD 71452 638.453125 1765334222.5525
CHLD 71453 626.421875 1765334222.5525
MEM 199.218750 1765334222.6572
CHLD 71441 6.203125 1765334222.6623
CHLD 71442 262.359375 1765334222.6623
CHLD 71451 629.562500 1765334222.6623
CHLD 71452 638.453125 1765334222.6623
CHLD 71453 626.421875 1765334222.6623
MEM 199.218750 1765334222.7675
CHLD 71441 6.203125 1765334222.7734
CHLD 71442 262.359375 1765334222.7734
CHLD 71451 629.562500 1765334222.7734
CHLD 71452 638.453125 1765334222.7734
CHLD 71453 626.421875 1765334222.7734
MEM 199.250000 1765334222.8785
CHLD 71441 6.203125 1765334222.8843
CHLD 71442 262.359375 1765334222.8844
CHLD 71451 629.562500 1765334222.8844
CHLD 71452 652.937500 1765334222.8844
CHLD 71453 636.671875 1765334222.8844
MEM 199.484375 1765334222.9894
CHLD 71441 6.203125 1765334222.9952
CHLD 71442 262.984375 1765334222.9952
CHLD 71451 636.343750 1765334222.9952
CHLD 71452 662.265625 1765334222.9952
CHLD 71453 645.984375 1765334222.9952
MEM 199.484375 1765334223.1003
CHLD 71441 6.203125 1765334223.1056
CHLD 71442 262.984375 1765334223.1057
CHLD 71451 636.343750 1765334223.1057
CHLD 71452 662.265625 1765334223.1057
CHLD 71453 645.984375 1765334223.1057
MEM 199.484375 1765334223.2066
CHLD 71441 6.203125 1765334223.2103
CHLD 71442 262.984375 1765334223.2103
CHLD 71451 636.343750 1765334223.2103
CHLD 71452 662.265625 1765334223.2103
CHLD 71453 645.984375 1765334223.2103
MEM 199.484375 1765334223.3155
CHLD 71441 6.203125 1765334223.3193
CHLD 71442 262.984375 1765334223.3193
CHLD 71451 636.343750 1765334223.3193
CHLD 71452 662.265625 1765334223.3193
CHLD 71453 645.984375 1765334223.3193
MEM 199.484375 1765334223.4244
CHLD 71441 6.203125 1765334223.4299
CHLD 71442 262.984375 1765334223.4299
CHLD 71451 636.343750 1765334223.4299
CHLD 71452 662.265625 1765334223.4299
CHLD 71453 645.984375 1765334223.4299
MEM 199.484375 1765334223.5319
CHLD 71441 6.203125 1765334223.5359
CHLD 71442 262.984375 1765334223.5359
CHLD 71451 636.343750 1765334223.5359
CHLD 71452 662.265625 1765334223.5359
CHLD 71453 645.984375 1765334223.5359
MEM 199.484375 1765334223.6386
CHLD 71441 6.203125 1765334223.6421
CHLD 71442 262.984375 1765334223.6421
CHLD 71451 636.343750 1765334223.6422
CHLD 71452 662.265625 1765334223.6422
CHLD 71453 645.984375 1765334223.6422
MEM 199.484375 1765334223.7474
CHLD 71441 6.203125 1765334223.7508
CHLD 71442 262.984375 1765334223.7508
CHLD 71451 636.343750 1765334223.7508
CHLD 71452 662.265625 1765334223.7508
CHLD 71453 645.984375 1765334223.7508
MEM 199.484375 1765334223.8559
CHLD 71441 6.203125 1765334223.8598
CHLD 71442 262.984375 1765334223.8598
CHLD 71451 636.343750 1765334223.8598
CHLD 71452 662.265625 1765334223.8598
CHLD 71453 645.984375 1765334223.8598
MEM 199.484375 1765334223.9649
CHLD 71441 6.203125 1765334223.9690
CHLD 71442 262.984375 1765334223.9690
CHLD 71451 636.343750 1765334223.9690
CHLD 71452 662.265625 1765334223.9690
CHLD 71453 645.984375 1765334223.9690
MEM 199.484375 1765334224.0741
CHLD 71441 6.203125 1765334224.0787
CHLD 71442 262.984375 1765334224.0787
CHLD 71451 636.343750 1765334224.0787
CHLD 71452 662.265625 1765334224.0787
CHLD 71453 645.984375 1765334224.0787
MEM 199.484375 1765334224.1838
CHLD 71441 6.203125 1765334224.1886
CHLD 71442 262.984375 1765334224.1886
CHLD 71451 636.343750 1765334224.1886
CHLD 71452 662.265625 1765334224.1886
CHLD 71453 645.984375 1765334224.1886
MEM 199.484375 1765334224.2892
CHLD 71441 6.203125 1765334224.2928
CHLD 71442 262.984375 1765334224.2928
CHLD 71451 636.343750 1765334224.2928
CHLD 71452 662.265625 1765334224.2928
CHLD 71453 645.984375 1765334224.2928
MEM 199.484375 1765334224.3975
CHLD 71441 6.203125 1765334224.4016
CHLD 71442 262.984375 1765334224.4017
CHLD 71451 636.343750 1765334224.4017
CHLD 71452 662.265625 1765334224.4017
CHLD 71453 645.984375 1765334224.4017
MEM 199.484375 1765334224.5068
CHLD 71441 6.203125 1765334224.5109
CHLD 71442 262.984375 1765334224.5109
CHLD 71451 636.343750 1765334224.5110
CHLD 71452 662.265625 1765334224.5110
CHLD 71453 645.984375 1765334224.5110
MEM 199.484375 1765334224.6161
CHLD 71441 6.203125 1765334224.6204
CHLD 71442 262.984375 1765334224.6204
CHLD 71451 636.343750 1765334224.6204
CHLD 71452 662.265625 1765334224.6204
CHLD 71453 645.984375 1765334224.6204
MEM 199.484375 1765334224.7249
CHLD 71441 6.203125 1765334224.7290
CHLD 71442 262.984375 1765334224.7290
CHLD 71451 636.343750 1765334224.7290
CHLD 71452 662.265625 1765334224.7290
CHLD 71453 645.984375 1765334224.7290
MEM 199.484375 1765334224.8341
CHLD 71441 6.203125 1765334224.8394
CHLD 71442 262.984375 1765334224.8394
CHLD 71451 636.343750 1765334224.8394
CHLD 71452 662.265625 1765334224.8394
CHLD 71453 645.984375 1765334224.8394
MEM 199.484375 1765334224.9445
CHLD 71441 6.203125 1765334224.9498
CHLD 71442 262.984375 1765334224.9498
CHLD 71451 636.343750 1765334224.9499
CHLD 71452 662.265625 1765334224.9499
CHLD 71453 645.984375 1765334224.9499
MEM 199.484375 1765334225.0504
CHLD 71441 6.203125 1765334225.0555
CHLD 71442 262.984375 1765334225.0555
CHLD 71451 636.343750 1765334225.0555
CHLD 71452 662.265625 1765334225.0555
CHLD 71453 645.984375 1765334225.0555
MEM 199.484375 1765334225.1606
CHLD 71441 6.203125 1765334225.1651
CHLD 71442 262.984375 1765334225.1651
CHLD 71451 636.343750 1765334225.1651
CHLD 71452 662.265625 1765334225.1651
CHLD 71453 645.984375 1765334225.1651
MEM 199.484375 1765334225.2702
CHLD 71441 6.203125 1765334225.2747
CHLD 71442 262.984375 1765334225.2747
CHLD 71451 636.343750 1765334225.2747
CHLD 71452 662.265625 1765334225.2747
CHLD 71453 645.984375 1765334225.2747
MEM 199.484375 1765334225.3772
CHLD 71441 6.203125 1765334225.3809
CHLD 71442 262.984375 1765334225.3809
CHLD 71451 636.343750 1765334225.3809
CHLD 71452 662.265625 1765334225.3809
CHLD 71453 645.984375 1765334225.3809
MEM 199.484375 1765334225.4855
CHLD 71441 6.203125 1765334225.4898
CHLD 71442 262.984375 1765334225.4898
CHLD 71451 636.343750 1765334225.4898
CHLD 71452 662.265625 1765334225.4898
CHLD 71453 645.984375 1765334225.4898
MEM 199.484375 1765334225.5932
CHLD 71441 6.203125 1765334225.5987
CHLD 71442 262.984375 1765334225.5987
CHLD 71451 636.343750 1765334225.5987
CHLD 71452 662.265625 1765334225.5987
CHLD 71453 645.984375 1765334225.5987
MEM 199.484375 1765334225.7000
CHLD 71441 6.203125 1765334225.7034
CHLD 71442 262.984375 1765334225.7034
CHLD 71451 636.343750 1765334225.7034
CHLD 71452 662.265625 1765334225.7034
CHLD 71453 645.984375 1765334225.7034
MEM 199.484375 1765334225.8085
CHLD 71441 6.203125 1765334225.8138
CHLD 71442 262.984375 1765334225.8138
CHLD 71451 636.343750 1765334225.8138
CHLD 71452 662.265625 1765334225.8138
CHLD 71453 645.984375 1765334225.8138
MEM 199.484375 1765334225.9163
CHLD 71441 6.203125 1765334225.9202
CHLD 71442 262.984375 1765334225.9202
CHLD 71451 636.343750 1765334225.9202
CHLD 71452 662.265625 1765334225.9202
CHLD 71453 645.984375 1765334225.9202
MEM 199.484375 1765334226.0254
CHLD 71441 6.203125 1765334226.0296
CHLD 71442 262.984375 1765334226.0296
CHLD 71451 636.343750 1765334226.0296
CHLD 71452 662.265625 1765334226.0296
CHLD 71453 645.984375 1765334226.0296
MEM 199.484375 1765334226.1332
CHLD 71441 6.203125 1765334226.1365
CHLD 71442 262.984375 1765334226.1365
CHLD 71451 636.343750 1765334226.1365
CHLD 71452 662.265625 1765334226.1365
CHLD 71453 645.984375 1765334226.1366
MEM 199.484375 1765334226.2416
CHLD 71441 6.203125 1765334226.2451
CHLD 71442 262.984375 1765334226.2451
CHLD 71451 636.343750 1765334226.2451
CHLD 71452 662.265625 1765334226.2451
CHLD 71453 645.984375 1765334226.2451
MEM 199.484375 1765334226.3499
CHLD 71441 6.203125 1765334226.3535
CHLD 71442 262.984375 1765334226.3535
CHLD 71451 636.343750 1765334226.3535
CHLD 71452 662.265625 1765334226.3535
CHLD 71453 645.984375 1765334226.3535
MEM 199.484375 1765334226.4583
CHLD 71441 6.203125 1765334226.4624
CHLD 71442 262.984375 1765334226.4625
CHLD 71451 636.343750 1765334226.4625
CHLD 71452 662.265625 1765334226.4625
CHLD 71453 645.984375 1765334226.4625
MEM 199.484375 1765334226.5666
CHLD 71441 6.203125 1765334226.5721
CHLD 71442 262.984375 1765334226.5722
CHLD 71451 636.343750 1765334226.5722
CHLD 71452 662.265625 1765334226.5722
CHLD 71453 645.984375 1765334226.5722
MEM 199.484375 1765334226.6772
CHLD 71441 6.203125 1765334226.6807
CHLD 71442 262.984375 1765334226.6807
CHLD 71451 636.343750 1765334226.6807
CHLD 71452 662.265625 1765334226.6807
CHLD 71453 645.984375 1765334226.6807
MEM 199.484375 1765334226.7857
CHLD 71441 6.203125 1765334226.7892
CHLD 71442 262.984375 1765334226.7893
CHLD 71451 636.343750 1765334226.7893
CHLD 71452 662.265625 1765334226.7893
CHLD 71453 645.984375 1765334226.7893
MEM 199.484375 1765334226.8943
CHLD 71441 6.203125 1765334226.8977
CHLD 71442 262.984375 1765334226.8977
CHLD 71451 636.343750 1765334226.8977
CHLD 71452 662.265625 1765334226.8977
CHLD 71453 645.984375 1765334226.8977
MEM 199.484375 1765334226.9986
CHLD 71441 6.203125 1765334227.0026
CHLD 71442 262.984375 1765334227.0026
CHLD 71451 636.343750 1765334227.0026
CHLD 71452 662.265625 1765334227.0026
CHLD 71453 645.984375 1765334227.0026
MEM 199.484375 1765334227.1052
CHLD 71441 6.203125 1765334227.1102
CHLD 71442 262.984375 1765334227.1102
CHLD 71451 636.343750 1765334227.1102
CHLD 71452 662.265625 1765334227.1102
CHLD 71453 645.984375 1765334227.1102
MEM 199.484375 1765334227.2153
CHLD 71441 6.203125 1765334227.2205
CHLD 71442 262.984375 1765334227.2206
CHLD 71451 636.343750 1765334227.2206
CHLD 71452 662.265625 1765334227.2206
CHLD 71453 645.984375 1765334227.2206
MEM 199.484375 1765334227.3239
CHLD 71441 6.203125 1765334227.3279
CHLD 71442 262.984375 1765334227.3279
CHLD 71451 636.343750 1765334227.3279
CHLD 71452 662.265625 1765334227.3279
CHLD 71453 645.984375 1765334227.3279
MEM 199.484375 1765334227.4292
CHLD 71441 6.203125 1765334227.4324
CHLD 71442 262.984375 1765334227.4324
CHLD 71451 636.343750 1765334227.4325
CHLD 71452 662.265625 1765334227.4325
CHLD 71453 645.984375 1765334227.4325
MEM 199.484375 1765334227.5376
CHLD 71441 6.203125 1765334227.5410
CHLD 71442 262.984375 1765334227.5411
CHLD 71451 636.343750 1765334227.5411
CHLD 71452 662.265625 1765334227.5411
CHLD 71453 645.984375 1765334227.5411
MEM 199.484375 1765334227.6462
CHLD 71441 6.203125 1765334227.6497
CHLD 71442 262.984375 1765334227.6497
CHLD 71451 636.343750 1765334227.6497
CHLD 71452 662.265625 1765334227.6497
CHLD 71453 645.984375 1765334227.6497
MEM 199.484375 1765334227.7548
CHLD 71441 6.203125 1765334227.7601
CHLD 71442 262.984375 1765334227.7601
CHLD 71451 636.343750 1765334227.7609
CHLD 71452 662.265625 1765334227.7609
CHLD 71453 645.984375 1765334227.7609
MEM 199.484375 1765334227.8624
CHLD 71441 6.203125 1765334227.8663
CHLD 71442 262.984375 1765334227.8663
CHLD 71451 636.343750 1765334227.8663
CHLD 71452 662.265625 1765334227.8663
CHLD 71453 645.984375 1765334227.8663
MEM 199.484375 1765334227.9714
CHLD 71441 6.203125 1765334227.9767
CHLD 71442 262.984375 1765334227.9767
CHLD 71451 636.343750 1765334227.9767
CHLD 71452 662.265625 1765334227.9768
CHLD 71453 645.984375 1765334227.9768
MEM 199.484375 1765334228.0819
CHLD 71441 6.203125 1765334228.0872
CHLD 71442 262.984375 1765334228.0872
CHLD 71451 636.343750 1765334228.0872
CHLD 71452 662.265625 1765334228.0872
CHLD 71453 645.984375 1765334228.0872
MEM 199.484375 1765334228.1878
CHLD 71441 6.203125 1765334228.1924
CHLD 71442 262.984375 1765334228.1924
CHLD 71451 636.343750 1765334228.1924
CHLD 71452 662.265625 1765334228.1924
CHLD 71453 645.984375 1765334228.1924
MEM 199.484375 1765334228.2975
CHLD 71441 6.203125 1765334228.3013
CHLD 71442 262.984375 1765334228.3013
CHLD 71451 636.343750 1765334228.3014
CHLD 71452 662.265625 1765334228.3014
CHLD 71453 645.984375 1765334228.3014
MEM 199.484375 1765334228.4064
CHLD 71441 6.203125 1765334228.4107
CHLD 71442 262.984375 1765334228.4107
CHLD 71451 636.343750 1765334228.4107
CHLD 71452 662.265625 1765334228.4107
CHLD 71453 645.984375 1765334228.4107
MEM 199.484375 1765334228.5157
CHLD 71441 6.203125 1765334228.5200
CHLD 71442 262.984375 1765334228.5200
CHLD 71451 636.343750 1765334228.5200
CHLD 71452 662.265625 1765334228.5200
CHLD 71453 645.984375 1765334228.5200
MEM 199.484375 1765334228.6250
CHLD 71441 6.203125 1765334228.6283
CHLD 71442 262.984375 1765334228.6283
CHLD 71451 636.343750 1765334228.6283
CHLD 71452 662.265625 1765334228.6283
CHLD 71453 645.984375 1765334228.6283
MEM 199.484375 1765334228.7334
CHLD 71441 6.203125 1765334228.7368
CHLD 71442 262.984375 1765334228.7368
CHLD 71451 636.343750 1765334228.7368
CHLD 71452 662.265625 1765334228.7368
CHLD 71453 645.984375 1765334228.7368
MEM 199.484375 1765334228.8419
CHLD 71441 6.203125 1765334228.8453
CHLD 71442 262.984375 1765334228.8453
CHLD 71451 636.343750 1765334228.8453
CHLD 71452 662.265625 1765334228.8453
CHLD 71453 645.984375 1765334228.8453
MEM 199.484375 1765334228.9499
CHLD 71441 6.203125 1765334228.9532
CHLD 71442 262.984375 1765334228.9532
CHLD 71451 636.343750 1765334228.9532
CHLD 71452 662.265625 1765334228.9532
CHLD 71453 645.984375 1765334228.9533
MEM 199.484375 1765334229.0582
CHLD 71441 6.203125 1765334229.0616
CHLD 71442 262.984375 1765334229.0616
CHLD 71451 636.343750 1765334229.0616
CHLD 71452 662.265625 1765334229.0616
CHLD 71453 645.984375 1765334229.0616
MEM 199.484375 1765334229.1666
CHLD 71441 6.203125 1765334229.1697
CHLD 71442 262.984375 1765334229.1697
CHLD 71451 636.343750 1765334229.1697
CHLD 71452 662.265625 1765334229.1697
CHLD 71453 645.984375 1765334229.1697
MEM 199.484375 1765334229.2748
CHLD 71441 6.203125 1765334229.2780
CHLD 71442 262.984375 1765334229.2780
CHLD 71451 636.343750 1765334229.2780
CHLD 71452 662.265625 1765334229.2780
CHLD 71453 645.984375 1765334229.2780
MEM 199.484375 1765334229.3823
CHLD 71441 6.203125 1765334229.3855
CHLD 71442 262.984375 1765334229.3855
CHLD 71451 636.343750 1765334229.3855
CHLD 71452 662.265625 1765334229.3855
CHLD 71453 645.984375 1765334229.3855
MEM 199.484375 1765334229.4906
CHLD 71441 6.203125 1765334229.4941
CHLD 71442 262.984375 1765334229.4941
CHLD 71451 636.343750 1765334229.4941
CHLD 71452 662.265625 1765334229.4941
CHLD 71453 645.984375 1765334229.4941
MEM 199.484375 1765334229.5991
CHLD 71441 6.203125 1765334229.6026
CHLD 71442 262.984375 1765334229.6026
CHLD 71451 636.343750 1765334229.6026
CHLD 71452 662.265625 1765334229.6026
CHLD 71453 645.984375 1765334229.6026
MEM 199.484375 1765334229.7067
CHLD 71441 6.203125 1765334229.7102
CHLD 71442 262.984375 1765334229.7102
CHLD 71451 636.343750 1765334229.7102
CHLD 71452 662.265625 1765334229.7102
CHLD 71453 645.984375 1765334229.7102
MEM 199.484375 1765334229.8153
CHLD 71441 6.203125 1765334229.8187
CHLD 71442 262.984375 1765334229.8187
CHLD 71451 636.343750 1765334229.8187
CHLD 71452 662.265625 1765334229.8187
CHLD 71453 645.984375 1765334229.8187
MEM 199.484375 1765334229.9238
CHLD 71441 6.203125 1765334229.9270
CHLD 71442 262.984375 1765334229.9270
CHLD 71451 636.343750 1765334229.9270
CHLD 71452 662.265625 1765334229.9270
CHLD 71453 645.984375 1765334229.9270
MEM 199.484375 1765334230.0321
CHLD 71441 6.203125 1765334230.0353
CHLD 71442 262.984375 1765334230.0353
CHLD 71451 636.343750 1765334230.0353
CHLD 71452 662.265625 1765334230.0353
CHLD 71453 645.984375 1765334230.0353
MEM 199.484375 1765334230.1374
CHLD 71441 6.203125 1765334230.1409
CHLD 71442 262.984375 1765334230.1410
CHLD 71451 636.343750 1765334230.1410
CHLD 71452 662.265625 1765334230.1410
CHLD 71453 645.984375 1765334230.1410
MEM 199.484375 1765334230.2457
CHLD 71441 6.203125 1765334230.2491
CHLD 71442 262.984375 1765334230.2491
CHLD 71451 636.343750 1765334230.2492
CHLD 71452 662.265625 1765334230.2492
CHLD 71453 645.984375 1765334230.2492
MEM 199.484375 1765334230.3531
CHLD 71441 6.203125 1765334230.3568
CHLD 71442 262.984375 1765334230.3568
CHLD 71451 636.343750 1765334230.3568
CHLD 71452 662.265625 1765334230.3568
CHLD 71453 645.984375 1765334230.3568
MEM 199.484375 1765334230.4619
CHLD 71441 6.203125 1765334230.4652
CHLD 71442 262.984375 1765334230.4652
CHLD 71451 636.343750 1765334230.4653
CHLD 71452 662.265625 1765334230.4653
CHLD 71453 645.984375 1765334230.4653
MEM 199.484375 1765334230.5703
CHLD 71441 6.203125 1765334230.5738
CHLD 71442 262.984375 1765334230.5738
CHLD 71451 636.343750 1765334230.5738
CHLD 71452 662.265625 1765334230.5738
CHLD 71453 645.984375 1765334230.5738
MEM 199.484375 1765334230.6789
CHLD 71441 6.203125 1765334230.6824
CHLD 71442 262.984375 1765334230.6824
CHLD 71451 636.343750 1765334230.6824
CHLD 71452 662.265625 1765334230.6824
CHLD 71453 645.984375 1765334230.6824
MEM 199.484375 1765334230.7875
CHLD 71441 6.203125 1765334230.7910
CHLD 71442 262.984375 1765334230.7910
CHLD 71451 636.343750 1765334230.7910
CHLD 71452 662.265625 1765334230.7910
CHLD 71453 645.984375 1765334230.7910
MEM 199.484375 1765334230.8961
CHLD 71441 6.203125 1765334230.8995
CHLD 71442 262.984375 1765334230.8995
CHLD 71451 636.343750 1765334230.8995
CHLD 71452 662.265625 1765334230.8995
CHLD 71453 645.984375 1765334230.8995
MEM 199.484375 1765334231.0046
CHLD 71441 6.203125 1765334231.0080
CHLD 71442 262.984375 1765334231.0080
CHLD 71451 636.343750 1765334231.0080
CHLD 71452 662.265625 1765334231.0080
CHLD 71453 645.984375 1765334231.0080
MEM 199.484375 1765334231.1131
CHLD 71441 6.203125 1765334231.1162
CHLD 71442 262.984375 1765334231.1163
CHLD 71451 636.343750 1765334231.1163
CHLD 71452 662.265625 1765334231.1163
CHLD 71453 645.984375 1765334231.1163
MEM 199.484375 1765334231.2208
CHLD 71441 6.203125 1765334231.2241
CHLD 71442 262.984375 1765334231.2241
CHLD 71451 636.343750 1765334231.2241
CHLD 71452 662.265625 1765334231.2241
CHLD 71453 645.984375 1765334231.2241
MEM 199.484375 1765334231.3291
CHLD 71441 6.203125 1765334231.3324
CHLD 71442 262.984375 1765334231.3324
CHLD 71451 636.343750 1765334231.3324
CHLD 71452 662.265625 1765334231.3324
CHLD 71453 645.984375 1765334231.3324
MEM 199.484375 1765334231.4375
CHLD 71441 6.203125 1765334231.4411
CHLD 71442 262.984375 1765334231.4411
CHLD 71451 636.343750 1765334231.4411
CHLD 71452 662.265625 1765334231.4411
CHLD 71453 645.984375 1765334231.4411
MEM 199.484375 1765334231.5426
CHLD 71441 6.203125 1765334231.5459
CHLD 71442 262.984375 1765334231.5459
CHLD 71451 636.343750 1765334231.5459
CHLD 71452 662.265625 1765334231.5459
CHLD 71453 645.984375 1765334231.5459
MEM 199.484375 1765334231.6511
CHLD 71441 6.203125 1765334231.6544
CHLD 71442 262.984375 1765334231.6544
CHLD 71451 636.343750 1765334231.6544
CHLD 71452 662.265625 1765334231.6544
CHLD 71453 645.984375 1765334231.6544
MEM 199.484375 1765334231.7595
CHLD 71441 6.203125 1765334231.7632
CHLD 71442 262.984375 1765334231.7632
CHLD 71451 636.343750 1765334231.7632
CHLD 71452 662.265625 1765334231.7632
CHLD 71453 645.984375 1765334231.7632
MEM 199.484375 1765334231.8679
CHLD 71441 6.203125 1765334231.8714
CHLD 71442 262.984375 1765334231.8714
CHLD 71451 636.343750 1765334231.8714
CHLD 71452 662.265625 1765334231.8714
CHLD 71453 645.984375 1765334231.8714
MEM 199.484375 1765334231.9765
CHLD 71441 6.203125 1765334231.9800
CHLD 71442 262.984375 1765334231.9800
CHLD 71451 636.343750 1765334231.9800
CHLD 71452 662.265625 1765334231.9800
CHLD 71453 645.984375 1765334231.9800
MEM 199.484375 1765334232.0822
CHLD 71441 6.203125 1765334232.0857
CHLD 71442 262.984375 1765334232.0857
CHLD 71451 636.343750 1765334232.0857
CHLD 71452 662.265625 1765334232.0857
CHLD 71453 645.984375 1765334232.0857
MEM 199.484375 1765334232.1879
CHLD 71441 6.203125 1765334232.1914
CHLD 71442 262.984375 1765334232.1914
CHLD 71451 636.343750 1765334232.1914
CHLD 71452 662.265625 1765334232.1914
CHLD 71453 645.984375 1765334232.1914
MEM 199.484375 1765334232.2957
CHLD 71441 6.203125 1765334232.2991
CHLD 71442 262.984375 1765334232.2991
CHLD 71451 636.343750 1765334232.2992
CHLD 71452 662.265625 1765334232.2992
CHLD 71453 645.984375 1765334232.2992
MEM 199.484375 1765334232.4043
CHLD 71441 6.203125 1765334232.4078
CHLD 71442 262.984375 1765334232.4078
CHLD 71451 636.343750 1765334232.4078
CHLD 71452 662.265625 1765334232.4078
CHLD 71453 645.984375 1765334232.4078
MEM 199.484375 1765334232.5130
CHLD 71441 6.203125 1765334232.5166
CHLD 71442 262.984375 1765334232.5166
CHLD 71451 636.343750 1765334232.5166
CHLD 71452 662.265625 1765334232.5166
CHLD 71453 645.984375 1765334232.5166
MEM 199.484375 1765334232.6216
CHLD 71441 6.203125 1765334232.6253
CHLD 71442 262.984375 1765334232.6253
CHLD 71451 636.343750 1765334232.6253
CHLD 71452 662.265625 1765334232.6253
CHLD 71453 645.984375 1765334232.6253
MEM 199.484375 1765334232.7282
CHLD 71441 6.203125 1765334232.7318
CHLD 71442 262.984375 1765334232.7318
CHLD 71451 636.343750 1765334232.7318
CHLD 71452 662.265625 1765334232.7318
CHLD 71453 645.984375 1765334232.7318
MEM 199.484375 1765334232.8370
CHLD 71441 6.203125 1765334232.8411
CHLD 71442 262.984375 1765334232.8411
CHLD 71451 636.343750 1765334232.8411
CHLD 71452 662.265625 1765334232.8411
CHLD 71453 645.984375 1765334232.8411
MEM 199.484375 1765334232.9462
CHLD 71441 6.203125 1765334232.9496
CHLD 71442 262.984375 1765334232.9496
CHLD 71451 636.343750 1765334232.9496
CHLD 71452 662.265625 1765334232.9497
CHLD 71453 645.984375 1765334232.9497
MEM 199.484375 1765334233.0541
CHLD 71441 6.203125 1765334233.0579
CHLD 71442 262.984375 1765334233.0579
CHLD 71451 636.343750 1765334233.0579
CHLD 71452 662.265625 1765334233.0579
CHLD 71453 645.984375 1765334233.0579
MEM 199.484375 1765334233.1631
CHLD 71441 6.203125 1765334233.1667
CHLD 71442 262.984375 1765334233.1667
CHLD 71451 636.343750 1765334233.1667
CHLD 71452 662.265625 1765334233.1667
CHLD 71453 645.984375 1765334233.1667
MEM 199.484375 1765334233.2718
CHLD 71441 6.203125 1765334233.2751
CHLD 71442 262.984375 1765334233.2752
CHLD 71451 636.343750 1765334233.2752
CHLD 71452 662.265625 1765334233.2752
CHLD 71453 645.984375 1765334233.2752
MEM 199.484375 1765334233.3803
CHLD 71441 6.203125 1765334233.3837
CHLD 71442 262.984375 1765334233.3837
CHLD 71451 636.343750 1765334233.3837
CHLD 71452 662.265625 1765334233.3837
CHLD 71453 645.984375 1765334233.3837
MEM 199.484375 1765334233.4869
CHLD 71441 6.203125 1765334233.4901
CHLD 71442 262.984375 1765334233.4901
CHLD 71451 636.343750 1765334233.4902
CHLD 71452 662.265625 1765334233.4902
CHLD 71453 645.984375 1765334233.4902
MEM 199.484375 1765334233.5953
CHLD 71441 6.203125 1765334233.5989
CHLD 71442 262.984375 1765334233.5989
CHLD 71451 636.343750 1765334233.5990
CHLD 71452 662.265625 1765334233.5990
CHLD 71453 645.984375 1765334233.5990
MEM 199.484375 1765334233.7040
CHLD 71441 6.203125 1765334233.7076
CHLD 71442 262.984375 1765334233.7076
CHLD 71451 636.343750 1765334233.7076
CHLD 71452 662.265625 1765334233.7076
CHLD 71453 645.984375 1765334233.7076
MEM 199.484375 1765334233.8125
CHLD 71441 6.203125 1765334233.8161
CHLD 71442 262.984375 1765334233.8161
CHLD 71451 636.343750 1765334233.8161
CHLD 71452 662.265625 1765334233.8161
CHLD 71453 645.984375 1765334233.8162
MEM 199.484375 1765334233.9212
CHLD 71441 6.203125 1765334233.9247
CHLD 71442 262.984375 1765334233.9247
CHLD 71451 636.343750 1765334233.9247
CHLD 71452 662.265625 1765334233.9247
CHLD 71453 645.984375 1765334233.9247
MEM 199.484375 1765334234.0259
CHLD 71441 6.203125 1765334234.0295
CHLD 71442 262.984375 1765334234.0295
CHLD 71451 636.343750 1765334234.0295
CHLD 71452 662.265625 1765334234.0295
CHLD 71453 645.984375 1765334234.0295
MEM 199.484375 1765334234.1345
CHLD 71441 6.203125 1765334234.1379
CHLD 71442 262.984375 1765334234.1379
CHLD 71451 636.343750 1765334234.1379
CHLD 71452 662.265625 1765334234.1379
CHLD 71453 645.984375 1765334234.1379
MEM 199.484375 1765334234.2430
CHLD 71441 6.203125 1765334234.2465
CHLD 71442 262.984375 1765334234.2465
CHLD 71451 636.343750 1765334234.2465
CHLD 71452 662.265625 1765334234.2465
CHLD 71453 645.984375 1765334234.2465
MEM 199.484375 1765334234.3516
CHLD 71441 6.203125 1765334234.3551
CHLD 71442 262.984375 1765334234.3551
CHLD 71451 636.343750 1765334234.3551
CHLD 71452 662.265625 1765334234.3551
CHLD 71453 645.984375 1765334234.3551
MEM 199.484375 1765334234.4599
CHLD 71441 6.203125 1765334234.4634
CHLD 71442 262.984375 1765334234.4634
CHLD 71451 636.343750 1765334234.4634
CHLD 71452 662.265625 1765334234.4634
CHLD 71453 645.984375 1765334234.4634
MEM 199.484375 1765334234.5685
CHLD 71441 6.203125 1765334234.5720
CHLD 71442 262.984375 1765334234.5720
CHLD 71451 636.343750 1765334234.5720
CHLD 71452 662.265625 1765334234.5720
CHLD 71453 645.984375 1765334234.5720
MEM 199.484375 1765334234.6725
CHLD 71441 6.203125 1765334234.6767
CHLD 71442 262.984375 1765334234.6767
CHLD 71451 636.343750 1765334234.6767
CHLD 71452 662.265625 1765334234.6767
CHLD 71453 645.984375 1765334234.6768
MEM 199.484375 1765334234.7819
CHLD 71441 6.203125 1765334234.7855
CHLD 71442 262.984375 1765334234.7855
CHLD 71451 636.343750 1765334234.7855
CHLD 71452 662.265625 1765334234.7855
CHLD 71453 645.984375 1765334234.7855
MEM 199.484375 1765334234.8874
CHLD 71441 6.203125 1765334234.8923
CHLD 71442 262.984375 1765334234.8923
CHLD 71451 636.343750 1765334234.8923
CHLD 71452 662.265625 1765334234.8923
CHLD 71453 645.984375 1765334234.8923
MEM 199.484375 1765334234.9974
CHLD 71441 6.203125 1765334235.0015
CHLD 71442 262.984375 1765334235.0015
CHLD 71451 636.343750 1765334235.0015
CHLD 71452 662.265625 1765334235.0015
CHLD 71453 645.984375 1765334235.0015
MEM 199.484375 1765334235.1042
CHLD 71441 6.203125 1765334235.1089
CHLD 71442 262.984375 1765334235.1089
CHLD 71451 636.343750 1765334235.1089
CHLD 71452 662.265625 1765334235.1090
CHLD 71453 645.984375 1765334235.1090
MEM 199.484375 1765334235.2141
CHLD 71441 6.203125 1765334235.2191
CHLD 71442 262.984375 1765334235.2191
CHLD 71451 636.343750 1765334235.2191
CHLD 71452 662.265625 1765334235.2191
CHLD 71453 645.984375 1765334235.2191
MEM 199.484375 1765334235.3242
CHLD 71441 6.203125 1765334235.3292
CHLD 71442 262.984375 1765334235.3292
CHLD 71451 636.343750 1765334235.3292
CHLD 71452 662.265625 1765334235.3292
CHLD 71453 645.984375 1765334235.3292
MEM 199.484375 1765334235.4344
CHLD 71441 6.203125 1765334235.4398
CHLD 71442 262.984375 1765334235.4398
CHLD 71451 636.343750 1765334235.4398
CHLD 71452 662.265625 1765334235.4398
CHLD 71453 645.984375 1765334235.4398
MEM 199.484375 1765334235.5450
CHLD 71441 6.203125 1765334235.5504
CHLD 71442 262.984375 1765334235.5505
CHLD 71451 636.343750 1765334235.5505
CHLD 71452 662.265625 1765334235.5505
CHLD 71453 645.984375 1765334235.5505
MEM 199.484375 1765334235.6555
CHLD 71441 6.203125 1765334235.6602
CHLD 71442 262.984375 1765334235.6602
CHLD 71451 636.343750 1765334235.6602
CHLD 71452 662.265625 1765334235.6602
CHLD 71453 645.984375 1765334235.6602
MEM 199.484375 1765334235.7653
CHLD 71441 6.203125 1765334235.7689
CHLD 71442 262.984375 1765334235.7689
CHLD 71451 636.343750 1765334235.7689
CHLD 71452 662.265625 1765334235.7689
CHLD 71453 645.984375 1765334235.7689
MEM 199.484375 1765334235.8740
CHLD 71441 6.203125 1765334235.8775
CHLD 71442 262.984375 1765334235.8775
CHLD 71451 636.343750 1765334235.8775
CHLD 71452 662.265625 1765334235.8775
CHLD 71453 645.984375 1765334235.8775
MEM 199.484375 1765334235.9799
CHLD 71441 6.203125 1765334235.9834
CHLD 71442 262.984375 1765334235.9834
CHLD 71451 636.343750 1765334235.9834
CHLD 71452 662.265625 1765334235.9834
CHLD 71453 645.984375 1765334235.9834
MEM 199.484375 1765334236.0885
CHLD 71441 6.203125 1765334236.0920
CHLD 71442 262.984375 1765334236.0920
CHLD 71451 636.343750 1765334236.0920
CHLD 71452 662.265625 1765334236.0920
CHLD 71453 645.984375 1765334236.0920
MEM 199.484375 1765334236.1958
CHLD 71441 6.203125 1765334236.1994
CHLD 71442 262.984375 1765334236.1994
CHLD 71451 636.343750 1765334236.1994
CHLD 71452 662.265625 1765334236.1994
CHLD 71453 645.984375 1765334236.1994
MEM 199.484375 1765334236.3045
CHLD 71441 6.203125 1765334236.3081
CHLD 71442 262.984375 1765334236.3081
CHLD 71451 636.343750 1765334236.3081
CHLD 71452 662.265625 1765334236.3081
CHLD 71453 645.984375 1765334236.3081
MEM 199.484375 1765334236.4122
CHLD 71441 6.203125 1765334236.4154
CHLD 71442 262.984375 1765334236.4154
CHLD 71451 636.343750 1765334236.4154
CHLD 71452 662.265625 1765334236.4154
CHLD 71453 645.984375 1765334236.4154
MEM 199.484375 1765334236.5186
CHLD 71441 6.203125 1765334236.5220
CHLD 71442 262.984375 1765334236.5220
CHLD 71451 636.343750 1765334236.5220
CHLD 71452 662.265625 1765334236.5220
CHLD 71453 645.984375 1765334236.5220
MEM 199.484375 1765334236.6271
CHLD 71441 6.203125 1765334236.6304
CHLD 71442 262.984375 1765334236.6305
CHLD 71451 636.343750 1765334236.6305
CHLD 71452 662.265625 1765334236.6305
CHLD 71453 645.984375 1765334236.6305
MEM 199.484375 1765334236.7327
CHLD 71441 6.203125 1765334236.7362
CHLD 71442 262.984375 1765334236.7362
CHLD 71451 636.343750 1765334236.7362
CHLD 71452 662.265625 1765334236.7362
CHLD 71453 645.984375 1765334236.7362
MEM 199.484375 1765334236.8409
CHLD 71441 6.203125 1765334236.8442
CHLD 71442 262.984375 1765334236.8442
CHLD 71451 636.343750 1765334236.8442
CHLD 71452 662.265625 1765334236.8442
CHLD 71453 645.984375 1765334236.8442
MEM 199.484375 1765334236.9458
CHLD 71441 6.203125 1765334236.9498
CHLD 71442 262.984375 1765334236.9498
CHLD 71451 636.343750 1765334236.9498
CHLD 71452 662.265625 1765334236.9498
CHLD 71453 645.984375 1765334236.9498
MEM 199.484375 1765334237.0520
CHLD 71441 6.203125 1765334237.0567
CHLD 71442 262.984375 1765334237.0567
CHLD 71451 636.343750 1765334237.0567
CHLD 71452 662.265625 1765334237.0567
CHLD 71453 645.984375 1765334237.0567
MEM 199.484375 1765334237.1618
CHLD 71441 6.203125 1765334237.1667
CHLD 71442 262.984375 1765334237.1667
CHLD 71451 636.343750 1765334237.1667
CHLD 71452 662.265625 1765334237.1667
CHLD 71453 645.984375 1765334237.1667
MEM 199.484375 1765334237.2708
CHLD 71441 6.203125 1765334237.2755
CHLD 71442 262.984375 1765334237.2755
CHLD 71451 636.343750 1765334237.2755
CHLD 71452 662.265625 1765334237.2755
CHLD 71453 645.984375 1765334237.2755
MEM 199.484375 1765334237.3792
CHLD 71441 6.203125 1765334237.3846
CHLD 71442 262.984375 1765334237.3846
CHLD 71451 636.343750 1765334237.3846
CHLD 71452 662.265625 1765334237.3846
CHLD 71453 645.984375 1765334237.3846
MEM 199.484375 1765334237.4897
CHLD 71441 6.203125 1765334237.4954
CHLD 71442 262.984375 1765334237.4954
CHLD 71451 636.343750 1765334237.4954
CHLD 71452 662.265625 1765334237.4954
CHLD 71453 645.984375 1765334237.4954
MEM 199.484375 1765334237.6005
CHLD 71441 6.203125 1765334237.6062
CHLD 71442 262.984375 1765334237.6062
CHLD 71451 636.343750 1765334237.6062
CHLD 71452 662.265625 1765334237.6062
CHLD 71453 645.984375 1765334237.6062
MEM 199.500000 1765334237.7113
CHLD 71441 6.203125 1765334237.7174
CHLD 71442 262.984375 1765334237.7174
CHLD 71451 636.343750 1765334237.7174
CHLD 71452 662.593750 1765334237.7174
CHLD 71453 648.187500 1765334237.7174
MEM 199.500000 1765334237.8225
CHLD 71441 6.203125 1765334237.8278
CHLD 71442 262.984375 1765334237.8278
CHLD 71451 636.343750 1765334237.8278
CHLD 71452 664.218750 1765334237.8278
CHLD 71453 656.187500 1765334237.8278
MEM 199.734375 1765334237.9329
CHLD 71441 6.203125 1765334237.9382
CHLD 71442 263.437500 1765334237.9382
CHLD 71451 638.750000 1765334237.9382
CHLD 71452 664.296875 1765334237.9382
CHLD 71453 656.375000 1765334237.9382
MEM 199.734375 1765334238.0433
CHLD 71441 6.203125 1765334238.0466
CHLD 71442 263.437500 1765334238.0466
CHLD 71451 638.750000 1765334238.0467
CHLD 71452 664.296875 1765334238.0467
CHLD 71453 656.375000 1765334238.0467
MEM 199.734375 1765334238.1518
CHLD 71441 6.203125 1765334238.1552
CHLD 71442 263.437500 1765334238.1552
CHLD 71451 638.750000 1765334238.1552
CHLD 71452 664.296875 1765334238.1552
CHLD 71453 656.375000 1765334238.1552
MEM 199.734375 1765334238.2573
CHLD 71441 6.203125 1765334238.2610
CHLD 71442 263.437500 1765334238.2610
CHLD 71451 638.750000 1765334238.2610
CHLD 71452 664.296875 1765334238.2610
CHLD 71453 656.375000 1765334238.2610
MEM 199.734375 1765334238.3661
CHLD 71441 6.203125 1765334238.3693
CHLD 71442 263.437500 1765334238.3693
CHLD 71451 638.750000 1765334238.3693
CHLD 71452 664.296875 1765334238.3693
CHLD 71453 656.375000 1765334238.3693
MEM 199.734375 1765334238.4744
CHLD 71441 6.203125 1765334238.4777
CHLD 71442 263.437500 1765334238.4778
CHLD 71451 638.750000 1765334238.4778
CHLD 71452 664.296875 1765334238.4778
CHLD 71453 656.375000 1765334238.4778
MEM 199.734375 1765334238.5792
CHLD 71441 6.203125 1765334238.5845
CHLD 71442 263.437500 1765334238.5845
CHLD 71451 638.750000 1765334238.5845
CHLD 71452 664.296875 1765334238.5845
CHLD 71453 656.375000 1765334238.5845
MEM 199.734375 1765334238.6891
CHLD 71441 6.203125 1765334238.6959
CHLD 71442 263.437500 1765334238.6959
CHLD 71451 638.750000 1765334238.6959
CHLD 71452 664.296875 1765334238.6959
CHLD 71453 656.375000 1765334238.6960
MEM 199.734375 1765334238.7983
CHLD 71441 6.203125 1765334238.8023
CHLD 71442 263.437500 1765334238.8024
CHLD 71451 638.750000 1765334238.8024
CHLD 71452 664.296875 1765334238.8024
CHLD 71453 656.375000 1765334238.8024
MEM 199.734375 1765334238.9075
CHLD 71441 6.203125 1765334238.9117
CHLD 71442 263.437500 1765334238.9117
CHLD 71451 638.750000 1765334238.9117
CHLD 71452 664.421875 1765334238.9117
CHLD 71453 656.468750 1765334238.9117
MEM 199.734375 1765334239.0169
CHLD 71441 6.203125 1765334239.0212
CHLD 71442 263.437500 1765334239.0212
CHLD 71451 638.750000 1765334239.0212
CHLD 71452 666.921875 1765334239.0212
CHLD 71453 664.640625 1765334239.0212
MEM 200.062500 1765334239.1264
CHLD 71441 6.203125 1765334239.1308
CHLD 71442 263.687500 1765334239.1308
CHLD 71451 641.093750 1765334239.1308
CHLD 71452 666.984375 1765334239.1308
CHLD 71453 664.750000 1765334239.1308
MEM 200.062500 1765334239.2360
CHLD 71441 6.203125 1765334239.2403
CHLD 71442 263.687500 1765334239.2403
CHLD 71451 641.093750 1765334239.2403
CHLD 71452 666.984375 1765334239.2403
CHLD 71453 664.750000 1765334239.2403
MEM 200.062500 1765334239.3455
CHLD 71441 6.203125 1765334239.3501
CHLD 71442 263.687500 1765334239.3502
CHLD 71451 641.093750 1765334239.3502
CHLD 71452 666.984375 1765334239.3502
CHLD 71453 664.750000 1765334239.3502
MEM 200.062500 1765334239.4542
CHLD 71441 6.203125 1765334239.4597
CHLD 71442 263.687500 1765334239.4597
CHLD 71451 641.093750 1765334239.4597
CHLD 71452 666.984375 1765334239.4598
CHLD 71453 664.750000 1765334239.4598
MEM 200.062500 1765334239.5640
CHLD 71441 6.203125 1765334239.5691
CHLD 71442 263.687500 1765334239.5691
CHLD 71451 641.093750 1765334239.5691
CHLD 71452 666.984375 1765334239.5691
CHLD 71453 664.750000 1765334239.5691
MEM 200.062500 1765334239.6743
CHLD 71441 6.203125 1765334239.6802
CHLD 71442 263.687500 1765334239.6802
CHLD 71451 641.093750 1765334239.6802
CHLD 71452 666.984375 1765334239.6802
CHLD 71453 664.750000 1765334239.6802
MEM 200.062500 1765334239.7827
CHLD 71441 6.203125 1765334239.7868
CHLD 71442 263.687500 1765334239.7868
CHLD 71451 641.093750 1765334239.7868
CHLD 71452 666.984375 1765334239.7868
CHLD 71453 664.750000 1765334239.7868
MEM 200.062500 1765334239.8894
CHLD 71441 6.203125 1765334239.8927
CHLD 71442 263.687500 1765334239.8927
CHLD 71451 641.093750 1765334239.8927
CHLD 71452 666.984375 1765334239.8927
CHLD 71453 664.750000 1765334239.8927
MEM 200.062500 1765334239.9958
CHLD 71441 6.203125 1765334239.9994
CHLD 71442 263.687500 1765334239.9995
CHLD 71451 641.093750 1765334239.9995
CHLD 71452 666.984375 1765334239.9995
CHLD 71453 664.750000 1765334239.9995
MEM 200.062500 1765334240.1005
CHLD 71441 6.203125 1765334240.1040
CHLD 71442 263.687500 1765334240.1040
CHLD 71451 641.093750 1765334240.1040
CHLD 71452 666.984375 1765334240.1040
CHLD 71453 664.750000 1765334240.1040
MEM 200.062500 1765334240.2091
CHLD 71441 6.203125 1765334240.2127
CHLD 71442 263.687500 1765334240.2127
CHLD 71451 641.093750 1765334240.2127
CHLD 71452 666.984375 1765334240.2127
CHLD 71453 664.750000 1765334240.2127
MEM 200.062500 1765334240.3179
CHLD 71441 6.203125 1765334240.3218
CHLD 71442 263.687500 1765334240.3218
CHLD 71451 641.093750 1765334240.3218
CHLD 71452 666.984375 1765334240.3218
CHLD 71453 664.750000 1765334240.3218
MEM 200.062500 1765334240.4269
CHLD 71441 6.203125 1765334240.4305
CHLD 71442 263.687500 1765334240.4305
CHLD 71451 641.093750 1765334240.4305
CHLD 71452 666.984375 1765334240.4305
CHLD 71453 664.750000 1765334240.4305
MEM 200.062500 1765334240.5356
CHLD 71441 6.203125 1765334240.5391
CHLD 71442 263.687500 1765334240.5391
CHLD 71451 641.093750 1765334240.5391
CHLD 71452 666.984375 1765334240.5391
CHLD 71453 664.750000 1765334240.5391
MEM 200.062500 1765334240.6442
CHLD 71441 6.203125 1765334240.6476
CHLD 71442 263.687500 1765334240.6476
CHLD 71451 641.093750 1765334240.6476
CHLD 71452 666.984375 1765334240.6477
CHLD 71453 664.750000 1765334240.6477
MEM 200.062500 1765334240.7528
CHLD 71441 6.203125 1765334240.7560
CHLD 71442 263.687500 1765334240.7560
CHLD 71451 641.093750 1765334240.7560
CHLD 71452 666.984375 1765334240.7560
CHLD 71453 664.750000 1765334240.7560
MEM 200.062500 1765334240.8611
CHLD 71441 6.203125 1765334240.8646
CHLD 71442 263.687500 1765334240.8646
CHLD 71451 641.093750 1765334240.8646
CHLD 71452 666.984375 1765334240.8646
CHLD 71453 664.750000 1765334240.8646
MEM 200.062500 1765334240.9667
CHLD 71441 6.203125 1765334240.9699
CHLD 71442 263.687500 1765334240.9699
CHLD 71451 641.093750 1765334240.9699
CHLD 71452 666.984375 1765334240.9699
CHLD 71453 664.750000 1765334240.9700
MEM 200.062500 1765334241.0734
CHLD 71441 6.203125 1765334241.0768
CHLD 71442 263.687500 1765334241.0768
CHLD 71451 641.093750 1765334241.0768
CHLD 71452 666.984375 1765334241.0768
CHLD 71453 664.750000 1765334241.0768
MEM 200.062500 1765334241.1819
CHLD 71441 6.203125 1765334241.1851
CHLD 71442 263.687500 1765334241.1851
CHLD 71451 641.093750 1765334241.1851
CHLD 71452 666.984375 1765334241.1851
CHLD 71453 664.750000 1765334241.1851
MEM 200.062500 1765334241.2868
CHLD 71441 6.203125 1765334241.2904
CHLD 71442 263.687500 1765334241.2904
CHLD 71451 641.093750 1765334241.2904
CHLD 71452 666.984375 1765334241.2904
CHLD 71453 664.750000 1765334241.2904
MEM 200.062500 1765334241.3934
CHLD 71441 6.203125 1765334241.3970
CHLD 71442 263.687500 1765334241.3970
CHLD 71451 641.093750 1765334241.3970
CHLD 71452 666.984375 1765334241.3970
CHLD 71453 664.750000 1765334241.3970
MEM 200.062500 1765334241.5021
CHLD 71441 6.203125 1765334241.5056
CHLD 71442 263.687500 1765334241.5056
CHLD 71451 641.093750 1765334241.5056
CHLD 71452 666.984375 1765334241.5056
CHLD 71453 664.750000 1765334241.5056
MEM 200.062500 1765334241.6108
CHLD 71441 6.203125 1765334241.6144
CHLD 71442 263.687500 1765334241.6144
CHLD 71451 641.093750 1765334241.6144
CHLD 71452 666.984375 1765334241.6144
CHLD 71453 664.750000 1765334241.6144
MEM 200.062500 1765334241.7196
CHLD 71441 6.203125 1765334241.7228
CHLD 71442 263.687500 1765334241.7228
CHLD 71451 641.093750 1765334241.7228
CHLD 71452 666.984375 1765334241.7228
CHLD 71453 664.750000 1765334241.7228
MEM 200.062500 1765334241.8254
CHLD 71441 6.203125 1765334241.8289
CHLD 71442 263.687500 1765334241.8289
CHLD 71451 641.093750 1765334241.8289
CHLD 71452 666.984375 1765334241.8289
CHLD 71453 664.750000 1765334241.8289
MEM 200.062500 1765334241.9292
CHLD 71441 6.203125 1765334241.9325
CHLD 71442 263.687500 1765334241.9325
CHLD 71451 641.093750 1765334241.9325
CHLD 71452 666.984375 1765334241.9325
CHLD 71453 664.750000 1765334241.9326
MEM 200.062500 1765334242.0377
CHLD 71441 6.203125 1765334242.0413
CHLD 71442 263.687500 1765334242.0413
CHLD 71451 641.093750 1765334242.0413
CHLD 71452 666.984375 1765334242.0413
CHLD 71453 664.750000 1765334242.0413
MEM 200.062500 1765334242.1459
CHLD 71441 6.203125 1765334242.1494
CHLD 71442 263.687500 1765334242.1494
CHLD 71451 641.093750 1765334242.1494
CHLD 71452 666.984375 1765334242.1494
CHLD 71453 664.750000 1765334242.1494
MEM 200.062500 1765334242.2545
CHLD 71441 6.203125 1765334242.2582
CHLD 71442 263.687500 1765334242.2582
CHLD 71451 641.093750 1765334242.2582
CHLD 71452 666.984375 1765334242.2583
CHLD 71453 664.750000 1765334242.2583
MEM 200.062500 1765334242.3634
CHLD 71441 6.203125 1765334242.3672
CHLD 71442 263.687500 1765334242.3672
CHLD 71451 641.093750 1765334242.3672
CHLD 71452 666.984375 1765334242.3672
CHLD 71453 664.750000 1765334242.3672
MEM 200.062500 1765334242.4713
CHLD 71441 6.203125 1765334242.4750
CHLD 71442 263.687500 1765334242.4750
CHLD 71451 641.093750 1765334242.4750
CHLD 71452 666.984375 1765334242.4750
CHLD 71453 664.750000 1765334242.4750
MEM 200.062500 1765334242.5801
CHLD 71441 6.203125 1765334242.5857
CHLD 71442 263.687500 1765334242.5857
CHLD 71451 641.093750 1765334242.5857
CHLD 71452 666.984375 1765334242.5857
CHLD 71453 664.750000 1765334242.5857
MEM 200.062500 1765334242.6876
CHLD 71441 6.203125 1765334242.6911
CHLD 71442 263.687500 1765334242.6911
CHLD 71451 641.093750 1765334242.6911
CHLD 71452 666.984375 1765334242.6911
CHLD 71453 664.750000 1765334242.6911
MEM 200.062500 1765334242.7962
CHLD 71441 6.203125 1765334242.8003
CHLD 71442 263.687500 1765334242.8003
CHLD 71451 641.093750 1765334242.8003
CHLD 71452 666.984375 1765334242.8003
CHLD 71453 664.750000 1765334242.8003
MEM 200.062500 1765334242.9054
CHLD 71441 6.203125 1765334242.9103
CHLD 71442 263.687500 1765334242.9103
CHLD 71451 641.093750 1765334242.9103
CHLD 71452 666.984375 1765334242.9103
CHLD 71453 664.750000 1765334242.9103
MEM 200.062500 1765334243.0147
CHLD 71441 6.203125 1765334243.0202
CHLD 71442 263.687500 1765334243.0202
CHLD 71451 641.093750 1765334243.0202
CHLD 71452 666.984375 1765334243.0202
CHLD 71453 664.750000 1765334243.0202
MEM 200.062500 1765334243.1253
CHLD 71441 6.203125 1765334243.1306
CHLD 71442 263.687500 1765334243.1306
CHLD 71451 641.093750 1765334243.1307
CHLD 71452 666.984375 1765334243.1307
CHLD 71453 664.750000 1765334243.1307
MEM 200.062500 1765334243.2357
CHLD 71441 6.203125 1765334243.2413
CHLD 71442 263.687500 1765334243.2413
CHLD 71451 641.093750 1765334243.2413
CHLD 71452 666.984375 1765334243.2413
CHLD 71453 664.750000 1765334243.2413
MEM 200.062500 1765334243.3438
CHLD 71441 6.203125 1765334243.3495
CHLD 71442 263.687500 1765334243.3495
CHLD 71451 641.093750 1765334243.3495
CHLD 71452 666.984375 1765334243.3495
CHLD 71453 664.750000 1765334243.3495
MEM 200.062500 1765334243.4546
CHLD 71441 6.203125 1765334243.4600
CHLD 71442 263.687500 1765334243.4600
CHLD 71451 641.093750 1765334243.4600
CHLD 71452 666.984375 1765334243.4600
CHLD 71453 664.750000 1765334243.4600
MEM 200.062500 1765334243.5651
CHLD 71441 6.203125 1765334243.5702
CHLD 71442 263.687500 1765334243.5702
CHLD 71451 641.093750 1765334243.5702
CHLD 71452 666.984375 1765334243.5702
CHLD 71453 664.750000 1765334243.5702
MEM 200.062500 1765334243.6743
CHLD 71441 6.203125 1765334243.6775
CHLD 71442 263.687500 1765334243.6775
CHLD 71451 641.093750 1765334243.6775
CHLD 71452 666.984375 1765334243.6775
CHLD 71453 664.750000 1765334243.6775
MEM 200.062500 1765334243.7826
CHLD 71441 6.203125 1765334243.7859
CHLD 71442 263.687500 1765334243.7859
CHLD 71451 641.093750 1765334243.7860
CHLD 71452 666.984375 1765334243.7860
CHLD 71453 664.750000 1765334243.7860
MEM 200.062500 1765334243.8894
CHLD 71441 6.203125 1765334243.8929
CHLD 71442 263.687500 1765334243.8929
CHLD 71451 641.093750 1765334243.8929
CHLD 71452 666.984375 1765334243.8929
CHLD 71453 664.750000 1765334243.8929
MEM 200.062500 1765334243.9959
CHLD 71441 6.203125 1765334243.9993
CHLD 71442 263.687500 1765334243.9993
CHLD 71451 641.093750 1765334243.9993
CHLD 71452 666.984375 1765334243.9993
CHLD 71453 664.750000 1765334243.9993
MEM 200.062500 1765334244.1042
CHLD 71441 6.203125 1765334244.1075
CHLD 71442 263.687500 1765334244.1075
CHLD 71451 641.093750 1765334244.1075
CHLD 71452 666.984375 1765334244.1075
CHLD 71453 664.750000 1765334244.1075
MEM 200.062500 1765334244.2126
CHLD 71441 6.203125 1765334244.2162
CHLD 71442 263.687500 1765334244.2162
CHLD 71451 641.093750 1765334244.2162
CHLD 71452 666.984375 1765334244.2162
CHLD 71453 664.750000 1765334244.2162
MEM 200.062500 1765334244.3213
CHLD 71441 6.203125 1765334244.3247
CHLD 71442 263.687500 1765334244.3247
CHLD 71451 641.093750 1765334244.3247
CHLD 71452 666.984375 1765334244.3248
CHLD 71453 664.750000 1765334244.3248
MEM 200.062500 1765334244.4280
CHLD 71441 6.203125 1765334244.4314
CHLD 71442 263.687500 1765334244.4314
CHLD 71451 641.093750 1765334244.4314
CHLD 71452 666.984375 1765334244.4314
CHLD 71453 664.750000 1765334244.4314
MEM 200.062500 1765334244.5347
CHLD 71441 6.203125 1765334244.5378
CHLD 71442 263.687500 1765334244.5378
CHLD 71451 641.093750 1765334244.5379
CHLD 71452 666.984375 1765334244.5379
CHLD 71453 664.750000 1765334244.5379
MEM 200.062500 1765334244.6429
CHLD 71441 6.203125 1765334244.6465
CHLD 71442 263.687500 1765334244.6465
CHLD 71451 641.093750 1765334244.6465
CHLD 71452 666.984375 1765334244.6465
CHLD 71453 664.750000 1765334244.6465
MEM 200.062500 1765334244.7516
CHLD 71441 6.203125 1765334244.7552
CHLD 71442 263.687500 1765334244.7552
CHLD 71451 641.093750 1765334244.7552
CHLD 71452 666.984375 1765334244.7552
CHLD 71453 664.750000 1765334244.7552
MEM 200.062500 1765334244.8603
CHLD 71441 6.203125 1765334244.8636
CHLD 71442 263.687500 1765334244.8636
CHLD 71451 641.093750 1765334244.8636
CHLD 71452 666.984375 1765334244.8636
CHLD 71453 664.750000 1765334244.8636
MEM 200.062500 1765334244.9654
CHLD 71441 6.203125 1765334244.9697
CHLD 71442 263.687500 1765334244.9697
CHLD 71451 641.093750 1765334244.9697
CHLD 71452 666.984375 1765334244.9697
CHLD 71453 664.750000 1765334244.9697
MEM 200.062500 1765334245.0733
CHLD 71441 6.203125 1765334245.0784
CHLD 71442 263.687500 1765334245.0784
CHLD 71451 641.093750 1765334245.0784
CHLD 71452 666.984375 1765334245.0784
CHLD 71453 664.750000 1765334245.0784
MEM 200.062500 1765334245.1792
CHLD 71441 6.203125 1765334245.1827
CHLD 71442 263.687500 1765334245.1827
CHLD 71451 641.093750 1765334245.1827
CHLD 71452 666.984375 1765334245.1827
CHLD 71453 664.750000 1765334245.1827
MEM 200.062500 1765334245.2878
CHLD 71441 6.203125 1765334245.2932
CHLD 71442 263.687500 1765334245.2932
CHLD 71451 641.093750 1765334245.2932
CHLD 71452 666.984375 1765334245.2932
CHLD 71453 664.750000 1765334245.2932
MEM 200.062500 1765334245.3982
CHLD 71441 6.203125 1765334245.4025
CHLD 71442 263.687500 1765334245.4025
CHLD 71451 641.093750 1765334245.4025
CHLD 71452 666.984375 1765334245.4025
CHLD 71453 664.750000 1765334245.4025
MEM 200.062500 1765334245.5076
CHLD 71441 6.203125 1765334245.5118
CHLD 71442 263.687500 1765334245.5118
CHLD 71451 641.093750 1765334245.5118
CHLD 71452 666.984375 1765334245.5118
CHLD 71453 664.750000 1765334245.5118
MEM 200.062500 1765334245.6121
CHLD 71441 6.203125 1765334245.6176
CHLD 71442 263.687500 1765334245.6176
CHLD 71451 641.093750 1765334245.6176
CHLD 71452 666.984375 1765334245.6176
CHLD 71453 664.750000 1765334245.6176
MEM 200.062500 1765334245.7227
CHLD 71441 6.203125 1765334245.7265
CHLD 71442 263.687500 1765334245.7265
CHLD 71451 641.093750 1765334245.7265
CHLD 71452 666.984375 1765334245.7265
CHLD 71453 664.750000 1765334245.7265
MEM 200.062500 1765334245.8316
CHLD 71441 6.203125 1765334245.8355
CHLD 71442 263.687500 1765334245.8355
CHLD 71451 641.093750 1765334245.8355
CHLD 71452 666.984375 1765334245.8355
CHLD 71453 664.750000 1765334245.8355
MEM 200.062500 1765334245.9405
CHLD 71441 6.203125 1765334245.9453
CHLD 71442 263.687500 1765334245.9453
CHLD 71451 641.093750 1765334245.9453
CHLD 71452 666.984375 1765334245.9453
CHLD 71453 664.750000 1765334245.9453
MEM 200.062500 1765334246.0504
CHLD 71441 6.203125 1765334246.0545
CHLD 71442 263.687500 1765334246.0546
CHLD 71451 641.093750 1765334246.0546
CHLD 71452 666.984375 1765334246.0546
CHLD 71453 664.750000 1765334246.0546
MEM 200.062500 1765334246.1574
CHLD 71441 6.203125 1765334246.1629
CHLD 71442 263.687500 1765334246.1629
CHLD 71451 641.093750 1765334246.1630
CHLD 71452 666.984375 1765334246.1630
CHLD 71453 664.750000 1765334246.1630
MEM 200.062500 1765334246.2680
CHLD 71441 6.203125 1765334246.2744
CHLD 71442 263.687500 1765334246.2744
CHLD 71451 641.093750 1765334246.2745
CHLD 71452 666.984375 1765334246.2745
CHLD 71453 664.750000 1765334246.2745
MEM 200.062500 1765334246.3795
CHLD 71441 6.203125 1765334246.3837
CHLD 71442 263.687500 1765334246.3837
CHLD 71451 641.093750 1765334246.3837
CHLD 71452 666.984375 1765334246.3837
CHLD 71453 664.750000 1765334246.3837
MEM 200.062500 1765334246.4884
CHLD 71441 6.203125 1765334246.4929
CHLD 71442 263.687500 1765334246.4929
CHLD 71451 641.093750 1765334246.4929
CHLD 71452 666.984375 1765334246.4929
CHLD 71453 664.750000 1765334246.4929
MEM 200.062500 1765334246.5980
CHLD 71441 6.203125 1765334246.6024
CHLD 71442 263.687500 1765334246.6024
CHLD 71451 641.093750 1765334246.6024
CHLD 71452 666.984375 1765334246.6024
CHLD 71453 664.750000 1765334246.6024
MEM 200.062500 1765334246.7053
CHLD 71441 6.203125 1765334246.7088
CHLD 71442 263.687500 1765334246.7088
CHLD 71451 641.093750 1765334246.7088
CHLD 71452 666.984375 1765334246.7088
CHLD 71453 664.750000 1765334246.7088
MEM 200.062500 1765334246.8139
CHLD 71441 6.203125 1765334246.8192
CHLD 71442 263.687500 1765334246.8192
CHLD 71451 641.093750 1765334246.8192
CHLD 71452 666.984375 1765334246.8192
CHLD 71453 664.750000 1765334246.8192
MEM 200.062500 1765334246.9220
CHLD 71441 6.203125 1765334246.9267
CHLD 71442 263.687500 1765334246.9268
CHLD 71451 641.093750 1765334246.9268
CHLD 71452 666.984375 1765334246.9268
CHLD 71453 664.750000 1765334246.9268
MEM 200.062500 1765334247.0318
CHLD 71441 6.203125 1765334247.0369
CHLD 71442 263.687500 1765334247.0369
CHLD 71451 641.093750 1765334247.0369
CHLD 71452 666.984375 1765334247.0369
CHLD 71453 664.750000 1765334247.0369
MEM 200.062500 1765334247.1420
CHLD 71441 6.203125 1765334247.1471
CHLD 71442 263.687500 1765334247.1471
CHLD 71451 641.093750 1765334247.1471
CHLD 71452 666.984375 1765334247.1472
CHLD 71453 664.750000 1765334247.1472
MEM 200.062500 1765334247.2522
CHLD 71441 6.203125 1765334247.2560
CHLD 71442 263.687500 1765334247.2560
CHLD 71451 641.093750 1765334247.2560
CHLD 71452 666.984375 1765334247.2560
CHLD 71453 664.750000 1765334247.2560
MEM 200.062500 1765334247.3611
CHLD 71441 6.203125 1765334247.3651
CHLD 71442 263.687500 1765334247.3651
CHLD 71451 641.093750 1765334247.3651
CHLD 71452 666.984375 1765334247.3651
CHLD 71453 664.750000 1765334247.3651
MEM 200.062500 1765334247.4702
CHLD 71441 6.203125 1765334247.4741
CHLD 71442 263.687500 1765334247.4741
CHLD 71451 641.093750 1765334247.4741
CHLD 71452 666.984375 1765334247.4741
CHLD 71453 664.750000 1765334247.4741
MEM 200.062500 1765334247.5753
CHLD 71441 6.203125 1765334247.5809
CHLD 71442 263.687500 1765334247.5809
CHLD 71451 641.093750 1765334247.5809
CHLD 71452 666.984375 1765334247.5809
CHLD 71453 664.750000 1765334247.5809
MEM 200.062500 1765334247.6834
CHLD 71441 6.203125 1765334247.6874
CHLD 71442 263.687500 1765334247.6874
CHLD 71451 641.093750 1765334247.6874
CHLD 71452 666.984375 1765334247.6874
CHLD 71453 664.750000 1765334247.6874
MEM 200.062500 1765334247.7917
CHLD 71441 6.203125 1765334247.7963
CHLD 71442 263.687500 1765334247.7963
CHLD 71451 641.093750 1765334247.7963
CHLD 71452 666.984375 1765334247.7963
CHLD 71453 664.750000 1765334247.7963
MEM 200.062500 1765334247.9014
CHLD 71441 6.203125 1765334247.9060
CHLD 71442 263.687500 1765334247.9060
CHLD 71451 641.093750 1765334247.9060
CHLD 71452 666.984375 1765334247.9060
CHLD 71453 664.750000 1765334247.9060
MEM 200.062500 1765334248.0068
CHLD 71441 6.203125 1765334248.0102
CHLD 71442 263.687500 1765334248.0102
CHLD 71451 641.093750 1765334248.0102
CHLD 71452 666.984375 1765334248.0102
CHLD 71453 664.750000 1765334248.0102
MEM 200.062500 1765334248.1152
CHLD 71441 6.203125 1765334248.1189
CHLD 71442 263.687500 1765334248.1189
CHLD 71451 641.093750 1765334248.1189
CHLD 71452 666.984375 1765334248.1189
CHLD 71453 664.750000 1765334248.1189
MEM 200.062500 1765334248.2209
CHLD 71441 6.203125 1765334248.2243
CHLD 71442 263.687500 1765334248.2243
CHLD 71451 641.093750 1765334248.2243
CHLD 71452 666.984375 1765334248.2243
CHLD 71453 664.750000 1765334248.2243
MEM 200.062500 1765334248.3292
CHLD 71441 6.203125 1765334248.3326
CHLD 71442 263.687500 1765334248.3326
CHLD 71451 641.093750 1765334248.3326
CHLD 71452 666.984375 1765334248.3326
CHLD 71453 664.750000 1765334248.3326
MEM 200.062500 1765334248.4375
CHLD 71441 6.203125 1765334248.4408
CHLD 71442 263.687500 1765334248.4408
CHLD 71451 641.093750 1765334248.4408
CHLD 71452 666.984375 1765334248.4408
CHLD 71453 664.750000 1765334248.4408
MEM 200.062500 1765334248.5458
CHLD 71441 6.203125 1765334248.5510
CHLD 71442 263.687500 1765334248.5510
CHLD 71451 641.093750 1765334248.5510
CHLD 71452 666.984375 1765334248.5510
CHLD 71453 664.750000 1765334248.5510
MEM 200.062500 1765334248.6542
CHLD 71441 6.203125 1765334248.6593
CHLD 71442 263.687500 1765334248.6593
CHLD 71451 641.093750 1765334248.6593
CHLD 71452 666.984375 1765334248.6593
CHLD 71453 664.750000 1765334248.6593
MEM 200.062500 1765334248.7644
CHLD 71441 6.203125 1765334248.7689
CHLD 71442 263.687500 1765334248.7689
CHLD 71451 641.093750 1765334248.7689
CHLD 71452 666.984375 1765334248.7689
CHLD 71453 664.750000 1765334248.7689
MEM 200.062500 1765334248.8707
CHLD 71441 6.203125 1765334248.8753
CHLD 71442 263.687500 1765334248.8754
CHLD 71451 641.093750 1765334248.8754
CHLD 71452 666.984375 1765334248.8754
CHLD 71453 664.750000 1765334248.8754
MEM 200.062500 1765334248.9792
CHLD 71441 6.203125 1765334248.9841
CHLD 71442 263.687500 1765334248.9841
CHLD 71451 641.093750 1765334248.9841
CHLD 71452 666.984375 1765334248.9841
CHLD 71453 664.750000 1765334248.9841
MEM 200.062500 1765334249.0893
CHLD 71441 6.203125 1765334249.0949
CHLD 71442 263.687500 1765334249.0949
CHLD 71451 641.093750 1765334249.0949
CHLD 71452 666.984375 1765334249.0949
CHLD 71453 664.750000 1765334249.0949
MEM 200.062500 1765334249.2000
CHLD 71441 6.203125 1765334249.2054
CHLD 71442 263.687500 1765334249.2054
CHLD 71451 641.093750 1765334249.2054
CHLD 71452 666.984375 1765334249.2054
CHLD 71453 664.750000 1765334249.2054
MEM 200.062500 1765334249.3104
CHLD 71441 6.203125 1765334249.3157
CHLD 71442 263.687500 1765334249.3158
CHLD 71451 641.093750 1765334249.3158
CHLD 71452 666.984375 1765334249.3158
CHLD 71453 664.750000 1765334249.3158
MEM 200.062500 1765334249.4208
CHLD 71441 6.203125 1765334249.4260
CHLD 71442 263.687500 1765334249.4260
CHLD 71451 641.093750 1765334249.4260
CHLD 71452 666.984375 1765334249.4260
CHLD 71453 664.750000 1765334249.4260
MEM 200.062500 1765334249.5311
CHLD 71441 6.203125 1765334249.5365
CHLD 71442 263.687500 1765334249.5365
CHLD 71451 641.093750 1765334249.5365
CHLD 71452 666.984375 1765334249.5365
CHLD 71453 664.750000 1765334249.5365
MEM 200.062500 1765334249.6415
CHLD 71441 6.203125 1765334249.6468
CHLD 71442 263.687500 1765334249.6468
CHLD 71451 641.093750 1765334249.6468
CHLD 71452 666.984375 1765334249.6468
CHLD 71453 664.750000 1765334249.6468
MEM 200.062500 1765334249.7507
CHLD 71441 6.203125 1765334249.7556
CHLD 71442 263.687500 1765334249.7557
CHLD 71451 641.093750 1765334249.7557
CHLD 71452 666.984375 1765334249.7557
CHLD 71453 664.750000 1765334249.7557
MEM 200.062500 1765334249.8559
CHLD 71441 6.203125 1765334249.8594
CHLD 71442 263.687500 1765334249.8594
CHLD 71451 641.093750 1765334249.8594
CHLD 71452 666.984375 1765334249.8594
CHLD 71453 664.750000 1765334249.8594
MEM 200.062500 1765334249.9627
CHLD 71441 6.203125 1765334249.9663
CHLD 71442 263.687500 1765334249.9663
CHLD 71451 641.093750 1765334249.9663
CHLD 71452 666.984375 1765334249.9663
CHLD 71453 664.750000 1765334249.9663
MEM 200.062500 1765334250.0714
CHLD 71441 6.203125 1765334250.0750
CHLD 71442 263.687500 1765334250.0750
CHLD 71451 641.093750 1765334250.0750
CHLD 71452 666.984375 1765334250.0750
CHLD 71453 664.750000 1765334250.0750
MEM 200.062500 1765334250.1801
CHLD 71441 6.203125 1765334250.1837
CHLD 71442 263.687500 1765334250.1837
CHLD 71451 641.093750 1765334250.1837
CHLD 71452 666.984375 1765334250.1837
CHLD 71453 664.750000 1765334250.1837
MEM 200.062500 1765334250.2888
CHLD 71441 6.203125 1765334250.2922
CHLD 71442 263.687500 1765334250.2922
CHLD 71451 641.093750 1765334250.2922
CHLD 71452 666.984375 1765334250.2922
CHLD 71453 664.750000 1765334250.2922
MEM 200.062500 1765334250.3955
CHLD 71441 6.203125 1765334250.4009
CHLD 71442 263.687500 1765334250.4009
CHLD 71451 641.093750 1765334250.4009
CHLD 71452 666.984375 1765334250.4009
CHLD 71453 664.750000 1765334250.4009
MEM 200.062500 1765334250.5042
CHLD 71441 6.203125 1765334250.5085
CHLD 71442 263.687500 1765334250.5085
CHLD 71451 641.093750 1765334250.5085
CHLD 71452 666.984375 1765334250.5085
CHLD 71453 664.750000 1765334250.5085
MEM 200.062500 1765334250.6136
CHLD 71441 6.203125 1765334250.6179
CHLD 71442 263.687500 1765334250.6179
CHLD 71451 641.093750 1765334250.6179
CHLD 71452 666.984375 1765334250.6179
CHLD 71453 664.750000 1765334250.6179
MEM 200.062500 1765334250.7230
CHLD 71441 6.203125 1765334250.7273
CHLD 71442 263.687500 1765334250.7273
CHLD 71451 641.093750 1765334250.7273
CHLD 71452 666.984375 1765334250.7273
CHLD 71453 664.750000 1765334250.7273
MEM 200.062500 1765334250.8316
CHLD 71441 6.203125 1765334250.8366
CHLD 71442 263.687500 1765334250.8366
CHLD 71451 641.093750 1765334250.8366
CHLD 71452 666.984375 1765334250.8366
CHLD 71453 664.750000 1765334250.8366
MEM 200.062500 1765334250.9376
CHLD 71441 6.203125 1765334250.9416
CHLD 71442 263.687500 1765334250.9417
CHLD 71451 641.093750 1765334250.9417
CHLD 71452 666.984375 1765334250.9417
CHLD 71453 664.750000 1765334250.9417
MEM 200.062500 1765334251.0468
CHLD 71441 6.203125 1765334251.0510
CHLD 71442 263.687500 1765334251.0510
CHLD 71451 641.093750 1765334251.0510
CHLD 71452 666.984375 1765334251.0510
CHLD 71453 664.750000 1765334251.0510
MEM 200.062500 1765334251.1561
CHLD 71441 6.203125 1765334251.1604
CHLD 71442 263.687500 1765334251.1604
CHLD 71451 641.093750 1765334251.1604
CHLD 71452 666.984375 1765334251.1604
CHLD 71453 664.750000 1765334251.1604
MEM 200.062500 1765334251.2654
CHLD 71441 6.203125 1765334251.2690
CHLD 71442 263.687500 1765334251.2690
CHLD 71451 641.093750 1765334251.2690
CHLD 71452 666.984375 1765334251.2690
CHLD 71453 664.750000 1765334251.2690
MEM 200.062500 1765334251.3741
CHLD 71441 6.203125 1765334251.3775
CHLD 71442 263.687500 1765334251.3775
CHLD 71451 641.093750 1765334251.3775
CHLD 71452 666.984375 1765334251.3775
CHLD 71453 664.750000 1765334251.3775
MEM 200.062500 1765334251.4826
CHLD 71441 6.203125 1765334251.4861
CHLD 71442 263.687500 1765334251.4861
CHLD 71451 641.093750 1765334251.4861
CHLD 71452 666.984375 1765334251.4861
CHLD 71453 664.750000 1765334251.4861
MEM 200.062500 1765334251.5912
CHLD 71441 6.203125 1765334251.5946
CHLD 71442 263.687500 1765334251.5946
CHLD 71451 641.093750 1765334251.5946
CHLD 71452 666.984375 1765334251.5946
CHLD 71453 664.750000 1765334251.5946
MEM 200.062500 1765334251.6997
CHLD 71441 6.203125 1765334251.7029
CHLD 71442 263.687500 1765334251.7029
CHLD 71451 641.093750 1765334251.7029
CHLD 71452 666.984375 1765334251.7029
CHLD 71453 664.750000 1765334251.7029
MEM 200.062500 1765334251.8043
CHLD 71441 6.203125 1765334251.8095
CHLD 71442 263.687500 1765334251.8095
CHLD 71451 641.093750 1765334251.8095
CHLD 71452 666.984375 1765334251.8095
CHLD 71453 664.750000 1765334251.8095
MEM 200.062500 1765334251.9146
CHLD 71441 6.203125 1765334251.9195
CHLD 71442 263.687500 1765334251.9195
CHLD 71451 641.093750 1765334251.9195
CHLD 71452 666.984375 1765334251.9195
CHLD 71453 664.750000 1765334251.9195
MEM 200.062500 1765334252.0210
CHLD 71441 6.203125 1765334252.0243
CHLD 71442 263.687500 1765334252.0243
CHLD 71451 641.093750 1765334252.0243
CHLD 71452 666.984375 1765334252.0243
CHLD 71453 664.750000 1765334252.0243
MEM 200.062500 1765334252.1294
CHLD 71441 6.203125 1765334252.1326
CHLD 71442 263.687500 1765334252.1326
CHLD 71451 641.093750 1765334252.1326
CHLD 71452 666.984375 1765334252.1326
CHLD 71453 664.750000 1765334252.1326
MEM 200.062500 1765334252.2376
CHLD 71441 6.203125 1765334252.2410
CHLD 71442 263.687500 1765334252.2410
CHLD 71451 641.093750 1765334252.2410
CHLD 71452 666.984375 1765334252.2410
CHLD 71453 664.750000 1765334252.2410
MEM 200.062500 1765334252.3428
CHLD 71441 6.203125 1765334252.3462
CHLD 71442 263.687500 1765334252.3462
CHLD 71451 641.093750 1765334252.3463
CHLD 71452 666.984375 1765334252.3463
CHLD 71453 664.750000 1765334252.3463
MEM 200.062500 1765334252.4495
CHLD 71441 6.203125 1765334252.4528
CHLD 71442 263.687500 1765334252.4528
CHLD 71451 641.093750 1765334252.4528
CHLD 71452 666.984375 1765334252.4528
CHLD 71453 664.750000 1765334252.4528
MEM 200.062500 1765334252.5543
CHLD 71441 6.203125 1765334252.5578
CHLD 71442 263.687500 1765334252.5578
CHLD 71451 641.093750 1765334252.5578
CHLD 71452 666.984375 1765334252.5578
CHLD 71453 664.750000 1765334252.5578
MEM 200.062500 1765334252.6628
CHLD 71441 6.203125 1765334252.6660
CHLD 71442 263.687500 1765334252.6660
CHLD 71451 641.093750 1765334252.6661
CHLD 71452 666.984375 1765334252.6661
CHLD 71453 664.750000 1765334252.6661
MEM 200.062500 1765334252.7710
CHLD 71441 6.203125 1765334252.7745
CHLD 71442 263.687500 1765334252.7745
CHLD 71451 641.093750 1765334252.7745
CHLD 71452 666.984375 1765334252.7745
CHLD 71453 664.750000 1765334252.7745
MEM 200.062500 1765334252.8761
CHLD 71441 6.203125 1765334252.8795
CHLD 71442 263.687500 1765334252.8795
CHLD 71451 641.093750 1765334252.8795
CHLD 71452 666.984375 1765334252.8795
CHLD 71453 664.750000 1765334252.8795
MEM 200.062500 1765334252.9846
CHLD 71441 6.203125 1765334252.9881
CHLD 71442 263.687500 1765334252.9881
CHLD 71451 641.093750 1765334252.9881
CHLD 71452 666.984375 1765334252.9882
CHLD 71453 664.750000 1765334252.9882
MEM 200.062500 1765334253.0933
CHLD 71441 6.203125 1765334253.0965
CHLD 71442 263.687500 1765334253.0966
CHLD 71451 641.093750 1765334253.0966
CHLD 71452 666.984375 1765334253.0966
CHLD 71453 664.750000 1765334253.0966
MEM 200.062500 1765334253.2010
CHLD 71441 6.203125 1765334253.2043
CHLD 71442 263.687500 1765334253.2043
CHLD 71451 641.093750 1765334253.2043
CHLD 71452 666.984375 1765334253.2043
CHLD 71453 664.750000 1765334253.2043
MEM 200.062500 1765334253.3094
CHLD 71441 6.203125 1765334253.3127
CHLD 71442 263.687500 1765334253.3127
CHLD 71451 641.093750 1765334253.3127
CHLD 71452 666.984375 1765334253.3127
CHLD 71453 664.750000 1765334253.3127
MEM 200.062500 1765334253.4177
CHLD 71441 6.203125 1765334253.4210
CHLD 71442 263.687500 1765334253.4210
CHLD 71451 641.093750 1765334253.4210
CHLD 71452 666.984375 1765334253.4210
CHLD 71453 664.750000 1765334253.4210
MEM 200.062500 1765334253.5251
CHLD 71441 6.203125 1765334253.5289
CHLD 71442 263.687500 1765334253.5289
CHLD 71451 641.093750 1765334253.5289
CHLD 71452 666.984375 1765334253.5289
CHLD 71453 664.750000 1765334253.5289
MEM 200.062500 1765334253.6335
CHLD 71441 6.203125 1765334253.6371
CHLD 71442 263.687500 1765334253.6371
CHLD 71451 641.093750 1765334253.6371
CHLD 71452 666.984375 1765334253.6371
CHLD 71453 664.750000 1765334253.6372
MEM 200.453125 1765334253.7418
CHLD 71441 6.203125 1765334253.7453
CHLD 71442 263.687500 1765334253.7453
CHLD 71451 641.093750 1765334253.7453
CHLD 71452 668.359375 1765334253.7453
CHLD 71453 666.109375 1765334253.7453
MEM 200.515625 1765334253.8505
CHLD 71441 6.203125 1765334253.8552
CHLD 71442 263.937500 1765334253.8552
CHLD 71451 641.093750 1765334253.8552
CHLD 71452 669.328125 1765334253.8552
CHLD 71453 666.203125 1765334253.8552
MEM 200.656250 1765334253.9604
CHLD 71441 6.203125 1765334253.9655
CHLD 71442 264.015625 1765334253.9656
CHLD 71451 643.671875 1765334253.9656
CHLD 71452 669.328125 1765334253.9656
CHLD 71453 666.203125 1765334253.9656
MEM 200.671875 1765334254.0707
CHLD 71441 6.203125 1765334254.0763
CHLD 71442 264.015625 1765334254.0763
CHLD 71451 643.671875 1765334254.0763
CHLD 71452 669.875000 1765334254.0763
CHLD 71453 666.218750 1765334254.0763
MEM 200.671875 1765334254.1815
CHLD 71441 6.203125 1765334254.1872
CHLD 71442 264.062500 1765334254.1872
CHLD 71451 643.671875 1765334254.1872
CHLD 71452 670.671875 1765334254.1872
CHLD 71453 667.875000 1765334254.1872
MEM 200.890625 1765334254.2918
CHLD 71441 6.203125 1765334254.2958
CHLD 71442 264.265625 1765334254.2958
CHLD 71451 643.843750 1765334254.2958
CHLD 71452 673.953125 1765334254.2958
CHLD 71453 667.875000 1765334254.2958
MEM 200.890625 1765334254.4009
CHLD 71441 6.203125 1765334254.4051
CHLD 71442 264.265625 1765334254.4051
CHLD 71451 643.843750 1765334254.4051
CHLD 71452 673.953125 1765334254.4051
CHLD 71453 667.875000 1765334254.4051
MEM 200.890625 1765334254.5102
CHLD 71441 6.203125 1765334254.5147
CHLD 71442 264.265625 1765334254.5147
CHLD 71451 643.843750 1765334254.5147
CHLD 71452 673.953125 1765334254.5147
CHLD 71453 667.875000 1765334254.5148
MEM 200.890625 1765334254.6168
CHLD 71441 6.203125 1765334254.6218
CHLD 71442 264.265625 1765334254.6218
CHLD 71451 643.843750 1765334254.6218
CHLD 71452 673.953125 1765334254.6218
CHLD 71453 667.875000 1765334254.6218
MEM 200.890625 1765334254.7270
CHLD 71441 6.203125 1765334254.7320
CHLD 71442 264.265625 1765334254.7320
CHLD 71451 643.843750 1765334254.7320
CHLD 71452 673.953125 1765334254.7320
CHLD 71453 667.875000 1765334254.7320
MEM 200.890625 1765334254.8372
CHLD 71441 6.203125 1765334254.8423
CHLD 71442 264.265625 1765334254.8423
CHLD 71451 643.843750 1765334254.8423
CHLD 71452 673.953125 1765334254.8423
CHLD 71453 667.875000 1765334254.8423
MEM 200.890625 1765334254.9475
CHLD 71441 6.203125 1765334254.9530
CHLD 71442 264.265625 1765334254.9531
CHLD 71451 643.843750 1765334254.9531
CHLD 71452 673.953125 1765334254.9531
CHLD 71453 667.875000 1765334254.9531
MEM 200.890625 1765334255.0582
CHLD 71441 6.203125 1765334255.0639
CHLD 71442 264.265625 1765334255.0640
CHLD 71451 643.843750 1765334255.0640
CHLD 71452 673.953125 1765334255.0640
CHLD 71453 667.875000 1765334255.0640
MEM 200.890625 1765334255.1642
CHLD 71441 6.203125 1765334255.1680
CHLD 71442 264.265625 1765334255.1680
CHLD 71451 643.843750 1765334255.1681
CHLD 71452 673.953125 1765334255.1681
CHLD 71453 667.875000 1765334255.1681
MEM 200.890625 1765334255.2732
CHLD 71441 6.203125 1765334255.2785
CHLD 71442 264.265625 1765334255.2785
CHLD 71451 643.843750 1765334255.2785
CHLD 71452 673.953125 1765334255.2785
CHLD 71453 667.875000 1765334255.2785
MEM 200.890625 1765334255.3832
CHLD 71441 6.203125 1765334255.3886
CHLD 71442 264.265625 1765334255.3886
CHLD 71451 643.843750 1765334255.3886
CHLD 71452 673.953125 1765334255.3886
CHLD 71453 667.875000 1765334255.3886
MEM 200.890625 1765334255.4937
CHLD 71441 6.203125 1765334255.4972
CHLD 71442 264.265625 1765334255.4972
CHLD 71451 643.843750 1765334255.4972
CHLD 71452 673.953125 1765334255.4972
CHLD 71453 667.875000 1765334255.4972
MEM 200.890625 1765334255.6001
CHLD 71441 6.203125 1765334255.6043
CHLD 71442 264.265625 1765334255.6043
CHLD 71451 643.843750 1765334255.6043
CHLD 71452 673.953125 1765334255.6043
CHLD 71453 667.875000 1765334255.6043
MEM 200.890625 1765334255.7094
CHLD 71441 6.203125 1765334255.7128
CHLD 71442 264.265625 1765334255.7128
CHLD 71451 643.843750 1765334255.7128
CHLD 71452 673.953125 1765334255.7128
CHLD 71453 667.875000 1765334255.7128
MEM 200.890625 1765334255.8147
CHLD 71441 6.203125 1765334255.8179
CHLD 71442 264.265625 1765334255.8179
CHLD 71451 643.843750 1765334255.8179
CHLD 71452 673.953125 1765334255.8180
CHLD 71453 667.875000 1765334255.8180
MEM 200.890625 1765334255.9230
CHLD 71441 6.203125 1765334255.9262
CHLD 71442 264.265625 1765334255.9262
CHLD 71451 643.843750 1765334255.9262
CHLD 71452 673.953125 1765334255.9262
CHLD 71453 667.875000 1765334255.9262
MEM 200.890625 1765334256.0312
CHLD 71441 6.203125 1765334256.0344
CHLD 71442 264.265625 1765334256.0345
CHLD 71451 643.843750 1765334256.0345
CHLD 71452 673.953125 1765334256.0345
CHLD 71453 667.875000 1765334256.0345
MEM 200.890625 1765334256.1347
CHLD 71441 6.203125 1765334256.1388
CHLD 71442 264.265625 1765334256.1389
CHLD 71451 643.843750 1765334256.1389
CHLD 71452 673.953125 1765334256.1389
CHLD 71453 667.875000 1765334256.1389
MEM 200.890625 1765334256.2415
CHLD 71441 6.203125 1765334256.2467
CHLD 71442 264.265625 1765334256.2467
CHLD 71451 643.843750 1765334256.2467
CHLD 71452 673.953125 1765334256.2467
CHLD 71453 667.875000 1765334256.2467
MEM 200.890625 1765334256.3518
CHLD 71441 6.203125 1765334256.3568
CHLD 71442 264.265625 1765334256.3568
CHLD 71451 643.843750 1765334256.3568
CHLD 71452 673.953125 1765334256.3568
CHLD 71453 667.875000 1765334256.3568
MEM 200.890625 1765334256.4617
CHLD 71441 6.203125 1765334256.4667
CHLD 71442 264.265625 1765334256.4667
CHLD 71451 643.843750 1765334256.4667
CHLD 71452 673.953125 1765334256.4667
CHLD 71453 667.875000 1765334256.4667
MEM 200.890625 1765334256.5719
CHLD 71441 6.203125 1765334256.5768
CHLD 71442 264.265625 1765334256.5768
CHLD 71451 643.843750 1765334256.5768
CHLD 71452 673.953125 1765334256.5768
CHLD 71453 667.875000 1765334256.5768
MEM 200.890625 1765334256.6806
CHLD 71441 6.203125 1765334256.6855
CHLD 71442 264.265625 1765334256.6856
CHLD 71451 643.843750 1765334256.6856
CHLD 71452 673.953125 1765334256.6856
CHLD 71453 667.875000 1765334256.6856
MEM 200.890625 1765334256.7906
CHLD 71441 6.203125 1765334256.7950
CHLD 71442 264.265625 1765334256.7950
CHLD 71451 643.843750 1765334256.7950
CHLD 71452 673.953125 1765334256.7950
CHLD 71453 667.875000 1765334256.7950
MEM 200.890625 1765334256.9001
CHLD 71441 6.203125 1765334256.9037
CHLD 71442 264.265625 1765334256.9037
CHLD 71451 643.843750 1765334256.9037
CHLD 71452 673.953125 1765334256.9037
CHLD 71453 667.875000 1765334256.9037
MEM 200.890625 1765334257.0088
CHLD 71441 6.203125 1765334257.0122
CHLD 71442 264.265625 1765334257.0123
CHLD 71451 643.843750 1765334257.0123
CHLD 71452 673.953125 1765334257.0123
CHLD 71453 667.875000 1765334257.0123
MEM 200.890625 1765334257.1168
CHLD 71441 6.203125 1765334257.1207
CHLD 71442 264.265625 1765334257.1208
CHLD 71451 643.843750 1765334257.1208
CHLD 71452 673.953125 1765334257.1208
CHLD 71453 667.875000 1765334257.1208
MEM 200.890625 1765334257.2258
CHLD 71441 6.203125 1765334257.2298
CHLD 71442 264.265625 1765334257.2298
CHLD 71451 643.843750 1765334257.2298
CHLD 71452 673.953125 1765334257.2298
CHLD 71453 667.875000 1765334257.2298
MEM 200.890625 1765334257.3346
CHLD 71441 6.203125 1765334257.3390
CHLD 71442 264.265625 1765334257.3390
CHLD 71451 643.843750 1765334257.3390
CHLD 71452 673.953125 1765334257.3390
CHLD 71453 667.875000 1765334257.3390
MEM 200.890625 1765334257.4441
CHLD 71441 6.203125 1765334257.4479
CHLD 71442 264.265625 1765334257.4479
CHLD 71451 643.843750 1765334257.4479
CHLD 71452 673.953125 1765334257.4479
CHLD 71453 667.875000 1765334257.4479
MEM 200.890625 1765334257.5530
CHLD 71441 6.203125 1765334257.5569
CHLD 71442 264.265625 1765334257.5569
CHLD 71451 643.843750 1765334257.5569
CHLD 71452 673.953125 1765334257.5569
CHLD 71453 667.875000 1765334257.5569
MEM 200.890625 1765334257.6620
CHLD 71441 6.203125 1765334257.6654
CHLD 71442 264.265625 1765334257.6654
CHLD 71451 643.843750 1765334257.6654
CHLD 71452 673.953125 1765334257.6654
CHLD 71453 667.875000 1765334257.6654
MEM 200.890625 1765334257.7693
CHLD 71441 6.203125 1765334257.7732
CHLD 71442 264.265625 1765334257.7732
CHLD 71451 643.843750 1765334257.7732
CHLD 71452 673.953125 1765334257.7732
CHLD 71453 667.875000 1765334257.7732
MEM 200.890625 1765334257.8757
CHLD 71441 6.203125 1765334257.8810
CHLD 71442 264.265625 1765334257.8810
CHLD 71451 643.843750 1765334257.8810
CHLD 71452 673.953125 1765334257.8810
CHLD 71453 667.875000 1765334257.8810
MEM 200.890625 1765334257.9861
CHLD 71441 6.203125 1765334257.9899
CHLD 71442 264.265625 1765334257.9900
CHLD 71451 643.843750 1765334257.9900
CHLD 71452 673.953125 1765334257.9900
CHLD 71453 667.875000 1765334257.9900
MEM 200.890625 1765334258.0922
CHLD 71441 6.203125 1765334258.0973
CHLD 71442 264.265625 1765334258.0973
CHLD 71451 643.843750 1765334258.0973
CHLD 71452 673.953125 1765334258.0973
CHLD 71453 667.875000 1765334258.0973
MEM 200.890625 1765334258.2024
CHLD 71441 6.203125 1765334258.2076
CHLD 71442 264.265625 1765334258.2076
CHLD 71451 643.843750 1765334258.2076
CHLD 71452 673.953125 1765334258.2077
CHLD 71453 667.875000 1765334258.2077
MEM 200.890625 1765334258.3127
CHLD 71441 6.203125 1765334258.3178
CHLD 71442 264.265625 1765334258.3178
CHLD 71451 643.843750 1765334258.3178
CHLD 71452 673.953125 1765334258.3178
CHLD 71453 667.875000 1765334258.3178
MEM 200.890625 1765334258.4229
CHLD 71441 6.203125 1765334258.4279
CHLD 71442 264.265625 1765334258.4280
CHLD 71451 643.843750 1765334258.4280
CHLD 71452 673.953125 1765334258.4280
CHLD 71453 667.875000 1765334258.4280
MEM 200.890625 1765334258.5330
CHLD 71441 6.203125 1765334258.5379
CHLD 71442 264.265625 1765334258.5379
CHLD 71451 643.843750 1765334258.5379
CHLD 71452 673.953125 1765334258.5379
CHLD 71453 667.875000 1765334258.5379
MEM 200.890625 1765334258.6430
CHLD 71441 6.203125 1765334258.6473
CHLD 71442 264.265625 1765334258.6474
CHLD 71451 643.843750 1765334258.6474
CHLD 71452 673.953125 1765334258.6474
CHLD 71453 667.875000 1765334258.6474
MEM 200.890625 1765334258.7524
CHLD 71441 6.203125 1765334258.7557
CHLD 71442 264.265625 1765334258.7557
CHLD 71451 643.843750 1765334258.7558
CHLD 71452 673.953125 1765334258.7558
CHLD 71453 667.875000 1765334258.7558
MEM 200.890625 1765334258.8585
CHLD 71441 6.203125 1765334258.8624
CHLD 71442 264.265625 1765334258.8624
CHLD 71451 643.843750 1765334258.8625
CHLD 71452 673.953125 1765334258.8625
CHLD 71453 667.875000 1765334258.8625
MEM 200.890625 1765334258.9636
CHLD 71441 6.203125 1765334258.9685
CHLD 71442 264.265625 1765334258.9686
CHLD 71451 643.843750 1765334258.9686
CHLD 71452 673.953125 1765334258.9686
CHLD 71453 667.875000 1765334258.9686
MEM 200.890625 1765334259.0736
CHLD 71441 6.203125 1765334259.0772
CHLD 71442 264.265625 1765334259.0772
CHLD 71451 643.843750 1765334259.0772
CHLD 71452 673.953125 1765334259.0772
CHLD 71453 667.875000 1765334259.0772
MEM 200.890625 1765334259.1822
CHLD 71441 6.203125 1765334259.1856
CHLD 71442 264.265625 1765334259.1856
CHLD 71451 643.843750 1765334259.1856
CHLD 71452 673.953125 1765334259.1856
CHLD 71453 667.875000 1765334259.1856
MEM 200.890625 1765334259.2907
CHLD 71441 6.203125 1765334259.2942
CHLD 71442 264.265625 1765334259.2942
CHLD 71451 643.843750 1765334259.2942
CHLD 71452 673.953125 1765334259.2942
CHLD 71453 667.875000 1765334259.2942
MEM 200.890625 1765334259.3993
CHLD 71441 6.203125 1765334259.4029
CHLD 71442 264.265625 1765334259.4029
CHLD 71451 643.843750 1765334259.4029
CHLD 71452 673.953125 1765334259.4029
CHLD 71453 667.875000 1765334259.4029
MEM 200.890625 1765334259.5080
CHLD 71441 6.203125 1765334259.5115
CHLD 71442 264.265625 1765334259.5115
CHLD 71451 643.843750 1765334259.5115
CHLD 71452 673.953125 1765334259.5115
CHLD 71453 667.875000 1765334259.5115
MEM 200.890625 1765334259.6166
CHLD 71441 6.203125 1765334259.6198
CHLD 71442 264.265625 1765334259.6198
CHLD 71451 643.843750 1765334259.6198
CHLD 71452 673.953125 1765334259.6198
CHLD 71453 667.875000 1765334259.6198
MEM 200.890625 1765334259.7208
CHLD 71441 6.203125 1765334259.7245
CHLD 71442 264.265625 1765334259.7245
CHLD 71451 643.843750 1765334259.7245
CHLD 71452 673.953125 1765334259.7245
CHLD 71453 667.875000 1765334259.7245
MEM 200.890625 1765334259.8296
CHLD 71441 6.203125 1765334259.8328
CHLD 71442 264.265625 1765334259.8328
CHLD 71451 643.843750 1765334259.8328
CHLD 71452 673.953125 1765334259.8328
CHLD 71453 667.875000 1765334259.8328
MEM 200.890625 1765334259.9341
CHLD 71441 6.203125 1765334259.9395
CHLD 71442 264.265625 1765334259.9395
CHLD 71451 643.843750 1765334259.9396
CHLD 71452 673.953125 1765334259.9396
CHLD 71453 667.875000 1765334259.9396
MEM 200.890625 1765334260.0446
CHLD 71441 6.203125 1765334260.0500
CHLD 71442 264.265625 1765334260.0500
CHLD 71451 643.843750 1765334260.0501
CHLD 71452 673.953125 1765334260.0501
CHLD 71453 667.875000 1765334260.0501
MEM 200.890625 1765334260.1551
CHLD 71441 6.203125 1765334260.1606
CHLD 71442 264.265625 1765334260.1606
CHLD 71451 643.843750 1765334260.1606
CHLD 71452 673.953125 1765334260.1606
CHLD 71453 667.875000 1765334260.1606
MEM 200.890625 1765334260.2656
CHLD 71441 6.203125 1765334260.2711
CHLD 71442 264.265625 1765334260.2711
CHLD 71451 643.843750 1765334260.2711
CHLD 71452 673.953125 1765334260.2711
CHLD 71453 667.875000 1765334260.2711
MEM 200.890625 1765334260.3762
CHLD 71441 6.203125 1765334260.3816
CHLD 71442 264.265625 1765334260.3816
CHLD 71451 643.843750 1765334260.3817
CHLD 71452 673.953125 1765334260.3817
CHLD 71453 667.875000 1765334260.3817
MEM 200.890625 1765334260.4835
CHLD 71441 6.203125 1765334260.4879
CHLD 71442 264.265625 1765334260.4879
CHLD 71451 643.843750 1765334260.4879
CHLD 71452 673.953125 1765334260.4879
CHLD 71453 667.875000 1765334260.4880
MEM 200.890625 1765334260.5930
CHLD 71441 6.203125 1765334260.5974
CHLD 71442 264.265625 1765334260.5974
CHLD 71451 643.843750 1765334260.5974
CHLD 71452 673.953125 1765334260.5974
CHLD 71453 667.875000 1765334260.5974
MEM 200.890625 1765334260.7025
CHLD 71441 6.203125 1765334260.7071
CHLD 71442 264.265625 1765334260.7071
CHLD 71451 643.843750 1765334260.7071
CHLD 71452 673.953125 1765334260.7071
CHLD 71453 667.875000 1765334260.7071
MEM 200.890625 1765334260.8085
CHLD 71441 6.203125 1765334260.8124
CHLD 71442 264.265625 1765334260.8124
CHLD 71451 643.843750 1765334260.8124
CHLD 71452 673.953125 1765334260.8124
CHLD 71453 667.875000 1765334260.8124
MEM 200.890625 1765334260.9168
CHLD 71441 6.203125 1765334260.9210
CHLD 71442 264.265625 1765334260.9210
CHLD 71451 643.843750 1765334260.9210
CHLD 71452 673.953125 1765334260.9210
CHLD 71453 667.875000 1765334260.9210
MEM 200.890625 1765334261.0262
CHLD 71441 6.203125 1765334261.0297
CHLD 71442 264.265625 1765334261.0297
CHLD 71451 643.843750 1765334261.0297
CHLD 71452 673.953125 1765334261.0297
CHLD 71453 667.875000 1765334261.0297
MEM 200.890625 1765334261.1335
CHLD 71441 6.203125 1765334261.1367
CHLD 71442 264.265625 1765334261.1367
CHLD 71451 643.843750 1765334261.1367
CHLD 71452 673.953125 1765334261.1367
CHLD 71453 667.875000 1765334261.1367
MEM 200.890625 1765334261.2419
CHLD 71441 6.203125 1765334261.2452
CHLD 71442 264.265625 1765334261.2452
CHLD 71451 643.843750 1765334261.2452
CHLD 71452 673.953125 1765334261.2452
CHLD 71453 667.875000 1765334261.2452
MEM 200.890625 1765334261.3502
CHLD 71441 6.203125 1765334261.3535
CHLD 71442 264.265625 1765334261.3535
CHLD 71451 643.843750 1765334261.3535
CHLD 71452 673.953125 1765334261.3535
CHLD 71453 667.875000 1765334261.3535
MEM 200.890625 1765334261.4587
CHLD 71441 6.203125 1765334261.4622
CHLD 71442 264.265625 1765334261.4622
CHLD 71451 643.843750 1765334261.4622
CHLD 71452 673.953125 1765334261.4622
CHLD 71453 667.875000 1765334261.4622
MEM 200.890625 1765334261.5668
CHLD 71441 6.203125 1765334261.5702
CHLD 71442 264.265625 1765334261.5702
CHLD 71451 643.843750 1765334261.5703
CHLD 71452 673.953125 1765334261.5703
CHLD 71453 667.875000 1765334261.5703
MEM 200.890625 1765334261.6754
CHLD 71441 6.203125 1765334261.6788
CHLD 71442 264.265625 1765334261.6788
CHLD 71451 643.843750 1765334261.6788
CHLD 71452 673.953125 1765334261.6788
CHLD 71453 667.875000 1765334261.6788
MEM 200.890625 1765334261.7829
CHLD 71441 6.203125 1765334261.7864
CHLD 71442 264.265625 1765334261.7864
CHLD 71451 643.843750 1765334261.7864
CHLD 71452 673.953125 1765334261.7864
CHLD 71453 667.875000 1765334261.7864
MEM 200.890625 1765334261.8915
CHLD 71441 6.203125 1765334261.8953
CHLD 71442 264.265625 1765334261.8953
CHLD 71451 643.843750 1765334261.8954
CHLD 71452 673.953125 1765334261.8954
CHLD 71453 667.875000 1765334261.8954
MEM 200.890625 1765334262.0005
CHLD 71441 6.203125 1765334262.0054
CHLD 71442 264.265625 1765334262.0054
CHLD 71451 643.843750 1765334262.0054
CHLD 71452 673.953125 1765334262.0054
CHLD 71453 667.875000 1765334262.0054
MEM 200.890625 1765334262.1105
CHLD 71441 6.203125 1765334262.1177
CHLD 71442 264.265625 1765334262.1177
CHLD 71451 643.843750 1765334262.1177
CHLD 71452 673.953125 1765334262.1177
CHLD 71453 667.875000 1765334262.1177
MEM 200.890625 1765334262.2228
CHLD 71441 6.203125 1765334262.2301
CHLD 71442 264.265625 1765334262.2301
CHLD 71451 643.843750 1765334262.2301
CHLD 71452 673.953125 1765334262.2301
CHLD 71453 667.875000 1765334262.2301
MEM 200.890625 1765334262.3352
CHLD 71441 6.203125 1765334262.3409
CHLD 71442 264.265625 1765334262.3409
CHLD 71451 643.843750 1765334262.3409
CHLD 71452 673.953125 1765334262.3409
CHLD 71453 667.875000 1765334262.3409
MEM 200.890625 1765334262.4470
CHLD 71441 6.203125 1765334262.4518
CHLD 71442 264.265625 1765334262.4519
CHLD 71451 643.843750 1765334262.4519
CHLD 71452 673.953125 1765334262.4519
CHLD 71453 667.875000 1765334262.4519
MEM 200.890625 1765334262.5562
CHLD 71441 6.203125 1765334262.5626
CHLD 71442 264.265625 1765334262.5626
CHLD 71451 643.843750 1765334262.5626
CHLD 71452 673.953125 1765334262.5626
CHLD 71453 667.875000 1765334262.5626
MEM 200.890625 1765334262.6676
CHLD 71441 6.203125 1765334262.6744
CHLD 71442 264.265625 1765334262.6744
CHLD 71451 643.843750 1765334262.6744
CHLD 71452 673.953125 1765334262.6744
CHLD 71453 667.875000 1765334262.6744
MEM 200.890625 1765334262.7794
CHLD 71441 6.203125 1765334262.7864
CHLD 71442 264.265625 1765334262.7865
CHLD 71451 643.843750 1765334262.7865
CHLD 71452 673.953125 1765334262.7865
CHLD 71453 667.875000 1765334262.7865
MEM 200.890625 1765334262.8915
CHLD 71441 6.203125 1765334262.8987
CHLD 71442 264.265625 1765334262.8987
CHLD 71451 643.843750 1765334262.8987
CHLD 71452 673.953125 1765334262.8987
CHLD 71453 667.875000 1765334262.8987
MEM 200.890625 1765334263.0037
CHLD 71441 6.203125 1765334263.0085
CHLD 71442 264.265625 1765334263.0085
CHLD 71451 643.843750 1765334263.0086
CHLD 71452 673.953125 1765334263.0086
CHLD 71453 667.875000 1765334263.0086
MEM 200.890625 1765334263.1136
CHLD 71441 6.203125 1765334263.1184
CHLD 71442 264.265625 1765334263.1184
CHLD 71451 643.843750 1765334263.1184
CHLD 71452 673.953125 1765334263.1184
CHLD 71453 667.875000 1765334263.1184
MEM 200.890625 1765334263.2234
CHLD 71441 6.203125 1765334263.2281
CHLD 71442 264.265625 1765334263.2281
CHLD 71451 643.843750 1765334263.2281
CHLD 71452 673.953125 1765334263.2281
CHLD 71453 667.875000 1765334263.2281
MEM 200.890625 1765334263.3332
CHLD 71441 6.203125 1765334263.3377
CHLD 71442 264.265625 1765334263.3377
CHLD 71451 643.843750 1765334263.3377
CHLD 71452 673.953125 1765334263.3377
CHLD 71453 667.875000 1765334263.3377
MEM 200.890625 1765334263.4428
CHLD 71441 6.203125 1765334263.4475
CHLD 71442 264.265625 1765334263.4475
CHLD 71451 643.843750 1765334263.4475
CHLD 71452 673.953125 1765334263.4475
CHLD 71453 667.875000 1765334263.4475
MEM 200.890625 1765334263.5526
CHLD 71441 6.203125 1765334263.5573
CHLD 71442 264.265625 1765334263.5573
CHLD 71451 643.843750 1765334263.5573
CHLD 71452 673.953125 1765334263.5573
CHLD 71453 667.875000 1765334263.5573
MEM 200.890625 1765334263.6623
CHLD 71441 6.203125 1765334263.6670
CHLD 71442 264.265625 1765334263.6670
CHLD 71451 643.843750 1765334263.6670
CHLD 71452 673.953125 1765334263.6670
CHLD 71453 667.875000 1765334263.6671
MEM 200.890625 1765334263.7721
CHLD 71441 6.203125 1765334263.7767
CHLD 71442 264.265625 1765334263.7767
CHLD 71451 643.843750 1765334263.7767
CHLD 71452 673.953125 1765334263.7767
CHLD 71453 667.875000 1765334263.7767
MEM 200.890625 1765334263.8818
CHLD 71441 6.203125 1765334263.8866
CHLD 71442 264.265625 1765334263.8866
CHLD 71451 643.843750 1765334263.8866
CHLD 71452 673.953125 1765334263.8866
CHLD 71453 667.875000 1765334263.8866
MEM 200.890625 1765334263.9917
CHLD 71441 6.203125 1765334263.9963
CHLD 71442 264.265625 1765334263.9963
CHLD 71451 643.843750 1765334263.9963
CHLD 71452 673.953125 1765334263.9963
CHLD 71453 667.875000 1765334263.9963
MEM 200.890625 1765334264.1014
CHLD 71441 6.203125 1765334264.1061
CHLD 71442 264.265625 1765334264.1061
CHLD 71451 643.843750 1765334264.1061
CHLD 71452 673.953125 1765334264.1061
CHLD 71453 667.875000 1765334264.1061
MEM 200.890625 1765334264.2085
CHLD 71441 6.203125 1765334264.2134
CHLD 71442 264.265625 1765334264.2134
CHLD 71451 643.843750 1765334264.2134
CHLD 71452 673.953125 1765334264.2134
CHLD 71453 667.875000 1765334264.2134
MEM 200.890625 1765334264.3185
CHLD 71441 6.203125 1765334264.3233
CHLD 71442 264.265625 1765334264.3233
CHLD 71451 643.843750 1765334264.3234
CHLD 71452 673.953125 1765334264.3234
CHLD 71453 667.875000 1765334264.3234
MEM 200.890625 1765334264.4285
CHLD 71441 6.203125 1765334264.4335
CHLD 71442 264.265625 1765334264.4335
CHLD 71451 643.843750 1765334264.4335
CHLD 71452 673.953125 1765334264.4335
CHLD 71453 667.875000 1765334264.4335
MEM 200.890625 1765334264.5386
CHLD 71441 6.203125 1765334264.5420
CHLD 71442 264.265625 1765334264.5420
CHLD 71451 643.843750 1765334264.5420
CHLD 71452 673.953125 1765334264.5420
CHLD 71453 667.875000 1765334264.5420
MEM 200.890625 1765334264.6468
CHLD 71441 6.203125 1765334264.6501
CHLD 71442 264.265625 1765334264.6502
CHLD 71451 643.843750 1765334264.6502
CHLD 71452 673.953125 1765334264.6502
CHLD 71453 667.875000 1765334264.6502
MEM 200.890625 1765334264.7553
CHLD 71441 6.203125 1765334264.7587
CHLD 71442 264.265625 1765334264.7587
CHLD 71451 643.843750 1765334264.7587
CHLD 71452 673.953125 1765334264.7588
CHLD 71453 667.875000 1765334264.7588
MEM 200.890625 1765334264.8602
CHLD 71441 6.203125 1765334264.8652
CHLD 71442 264.265625 1765334264.8652
CHLD 71451 643.843750 1765334264.8652
CHLD 71452 673.953125 1765334264.8652
CHLD 71453 667.875000 1765334264.8652
MEM 200.890625 1765334264.9703
CHLD 71441 6.203125 1765334264.9745
CHLD 71442 264.265625 1765334264.9745
CHLD 71451 643.843750 1765334264.9745
CHLD 71452 673.953125 1765334264.9745
CHLD 71453 667.875000 1765334264.9745
MEM 200.890625 1765334265.0752
CHLD 71441 6.203125 1765334265.0808
CHLD 71442 264.265625 1765334265.0808
CHLD 71451 643.843750 1765334265.0808
CHLD 71452 673.953125 1765334265.0808
CHLD 71453 667.875000 1765334265.0808
MEM 200.890625 1765334265.1815
CHLD 71441 6.203125 1765334265.1852
CHLD 71442 264.265625 1765334265.1852
CHLD 71451 643.843750 1765334265.1852
CHLD 71452 673.953125 1765334265.1852
CHLD 71453 667.875000 1765334265.1852
MEM 200.890625 1765334265.2904
CHLD 71441 6.203125 1765334265.2946
CHLD 71442 264.265625 1765334265.2946
CHLD 71451 643.843750 1765334265.2947
CHLD 71452 673.953125 1765334265.2947
CHLD 71453 667.875000 1765334265.2947
MEM 200.890625 1765334265.3998
CHLD 71441 6.203125 1765334265.4053
CHLD 71442 264.265625 1765334265.4053
CHLD 71451 643.843750 1765334265.4053
CHLD 71452 673.953125 1765334265.4053
CHLD 71453 667.875000 1765334265.4053
MEM 200.890625 1765334265.5099
CHLD 71441 6.203125 1765334265.5151
CHLD 71442 264.265625 1765334265.5152
CHLD 71451 643.843750 1765334265.5152
CHLD 71452 673.953125 1765334265.5152
CHLD 71453 667.875000 1765334265.5152
MEM 200.890625 1765334265.6203
CHLD 71441 6.203125 1765334265.6257
CHLD 71442 264.265625 1765334265.6257
CHLD 71451 643.843750 1765334265.6257
CHLD 71452 673.953125 1765334265.6257
CHLD 71453 667.875000 1765334265.6257
MEM 200.890625 1765334265.7309
CHLD 71441 6.203125 1765334265.7362
CHLD 71442 264.265625 1765334265.7362
CHLD 71451 643.843750 1765334265.7362
CHLD 71452 673.953125 1765334265.7362
CHLD 71453 667.875000 1765334265.7362
MEM 200.890625 1765334265.8413
CHLD 71441 6.203125 1765334265.8469
CHLD 71442 264.265625 1765334265.8469
CHLD 71451 643.843750 1765334265.8469
CHLD 71452 673.953125 1765334265.8469
CHLD 71453 667.875000 1765334265.8469
MEM 200.890625 1765334265.9520
CHLD 71441 6.203125 1765334265.9574
CHLD 71442 264.265625 1765334265.9574
CHLD 71451 643.843750 1765334265.9574
CHLD 71452 673.953125 1765334265.9574
CHLD 71453 667.875000 1765334265.9574
MEM 200.890625 1765334266.0581
CHLD 71441 6.203125 1765334266.0616
CHLD 71442 264.265625 1765334266.0616
CHLD 71451 643.843750 1765334266.0616
CHLD 71452 673.953125 1765334266.0616
CHLD 71453 667.875000 1765334266.0616
MEM 200.890625 1765334266.1667
CHLD 71441 6.203125 1765334266.1723
CHLD 71442 264.265625 1765334266.1723
CHLD 71451 643.843750 1765334266.1723
CHLD 71452 673.953125 1765334266.1723
CHLD 71453 667.875000 1765334266.1723
MEM 200.890625 1765334266.2774
CHLD 71441 6.203125 1765334266.2825
CHLD 71442 264.265625 1765334266.2825
CHLD 71451 643.843750 1765334266.2825
CHLD 71452 673.953125 1765334266.2825
CHLD 71453 667.875000 1765334266.2825
MEM 200.890625 1765334266.3876
CHLD 71441 6.203125 1765334266.3924
CHLD 71442 264.265625 1765334266.3924
CHLD 71451 643.843750 1765334266.3924
CHLD 71452 673.953125 1765334266.3925
CHLD 71453 667.875000 1765334266.3925
MEM 200.890625 1765334266.4975
CHLD 71441 6.203125 1765334266.5020
CHLD 71442 264.265625 1765334266.5020
CHLD 71451 643.843750 1765334266.5021
CHLD 71452 673.953125 1765334266.5021
CHLD 71453 667.875000 1765334266.5021
MEM 200.890625 1765334266.6071
CHLD 71441 6.203125 1765334266.6118
CHLD 71442 264.265625 1765334266.6118
CHLD 71451 643.843750 1765334266.6118
CHLD 71452 673.953125 1765334266.6118
CHLD 71453 667.875000 1765334266.6118
MEM 200.890625 1765334266.7169
CHLD 71441 6.203125 1765334266.7217
CHLD 71442 264.265625 1765334266.7217
CHLD 71451 643.843750 1765334266.7217
CHLD 71452 673.953125 1765334266.7217
CHLD 71453 667.875000 1765334266.7217
MEM 200.890625 1765334266.8254
CHLD 71441 6.203125 1765334266.8305
CHLD 71442 264.265625 1765334266.8305
CHLD 71451 643.843750 1765334266.8305
CHLD 71452 673.953125 1765334266.8305
CHLD 71453 667.875000 1765334266.8305
MEM 200.890625 1765334266.9356
CHLD 71441 6.203125 1765334266.9410
CHLD 71442 264.265625 1765334266.9410
CHLD 71451 643.843750 1765334266.9411
CHLD 71452 673.953125 1765334266.9411
CHLD 71453 667.875000 1765334266.9411
MEM 200.890625 1765334267.0458
CHLD 71441 6.203125 1765334267.0491
CHLD 71442 264.265625 1765334267.0491
CHLD 71451 643.843750 1765334267.0491
CHLD 71452 673.953125 1765334267.0491
CHLD 71453 667.875000 1765334267.0491
MEM 200.890625 1765334267.1542
CHLD 71441 6.203125 1765334267.1575
CHLD 71442 264.265625 1765334267.1575
CHLD 71451 643.843750 1765334267.1575
CHLD 71452 673.953125 1765334267.1575
CHLD 71453 667.875000 1765334267.1575
MEM 200.890625 1765334267.2602
CHLD 71441 6.203125 1765334267.2647
CHLD 71442 264.265625 1765334267.2647
CHLD 71451 643.843750 1765334267.2647
CHLD 71452 673.953125 1765334267.2647
CHLD 71453 667.875000 1765334267.2647
MEM 200.890625 1765334267.3669
CHLD 71441 6.203125 1765334267.3713
CHLD 71442 264.265625 1765334267.3713
CHLD 71451 643.843750 1765334267.3713
CHLD 71452 673.953125 1765334267.3713
CHLD 71453 667.875000 1765334267.3713
MEM 200.890625 1765334267.4752
CHLD 71441 6.203125 1765334267.4806
CHLD 71442 264.265625 1765334267.4806
CHLD 71451 643.843750 1765334267.4806
CHLD 71452 673.953125 1765334267.4806
CHLD 71453 667.875000 1765334267.4806
MEM 200.890625 1765334267.5857
CHLD 71441 6.203125 1765334267.5909
CHLD 71442 264.265625 1765334267.5909
CHLD 71451 643.843750 1765334267.5909
CHLD 71452 673.953125 1765334267.5910
CHLD 71453 667.875000 1765334267.5910
MEM 200.890625 1765334267.6960
CHLD 71441 6.203125 1765334267.7015
CHLD 71442 264.265625 1765334267.7015
CHLD 71451 643.843750 1765334267.7015
CHLD 71452 673.953125 1765334267.7015
CHLD 71453 667.875000 1765334267.7015
MEM 200.890625 1765334267.8053
CHLD 71441 6.203125 1765334267.8100
CHLD 71442 264.265625 1765334267.8100
CHLD 71451 643.843750 1765334267.8100
CHLD 71452 673.953125 1765334267.8100
CHLD 71453 667.875000 1765334267.8100
MEM 200.890625 1765334267.9151
CHLD 71441 6.203125 1765334267.9202
CHLD 71442 264.265625 1765334267.9202
CHLD 71451 643.843750 1765334267.9202
CHLD 71452 673.953125 1765334267.9202
CHLD 71453 667.875000 1765334267.9202
MEM 200.890625 1765334268.0249
CHLD 71441 6.203125 1765334268.0298
CHLD 71442 264.265625 1765334268.0298
CHLD 71451 643.843750 1765334268.0298
CHLD 71452 673.953125 1765334268.0298
CHLD 71453 667.875000 1765334268.0298
MEM 200.890625 1765334268.1350
CHLD 71441 6.203125 1765334268.1399
CHLD 71442 264.265625 1765334268.1399
CHLD 71451 643.843750 1765334268.1399
CHLD 71452 673.953125 1765334268.1399
CHLD 71453 667.875000 1765334268.1399
MEM 200.890625 1765334268.2450
CHLD 71441 6.203125 1765334268.2495
CHLD 71442 264.265625 1765334268.2495
CHLD 71451 643.843750 1765334268.2495
CHLD 71452 673.953125 1765334268.2495
CHLD 71453 667.875000 1765334268.2495
MEM 200.890625 1765334268.3514
CHLD 71441 6.203125 1765334268.3559
CHLD 71442 264.265625 1765334268.3559
CHLD 71451 643.843750 1765334268.3559
CHLD 71452 673.953125 1765334268.3559
CHLD 71453 667.875000 1765334268.3559
MEM 200.890625 1765334268.4586
CHLD 71441 6.203125 1765334268.4628
CHLD 71442 264.265625 1765334268.4628
CHLD 71451 643.843750 1765334268.4628
CHLD 71452 673.953125 1765334268.4628
CHLD 71453 667.875000 1765334268.4628
MEM 200.890625 1765334268.5669
CHLD 71441 6.203125 1765334268.5703
CHLD 71442 264.265625 1765334268.5703
CHLD 71451 643.843750 1765334268.5703
CHLD 71452 673.953125 1765334268.5703
CHLD 71453 667.875000 1765334268.5703
MEM 200.890625 1765334268.6755
CHLD 71441 6.203125 1765334268.6809
CHLD 71442 264.265625 1765334268.6809
CHLD 71451 643.843750 1765334268.6809
CHLD 71452 673.953125 1765334268.6809
CHLD 71453 667.875000 1765334268.6809
MEM 200.890625 1765334268.7860
CHLD 71441 6.203125 1765334268.7914
CHLD 71442 264.265625 1765334268.7914
CHLD 71451 643.843750 1765334268.7914
CHLD 71452 673.953125 1765334268.7914
CHLD 71453 667.875000 1765334268.7914
MEM 200.890625 1765334268.8919
CHLD 71441 6.203125 1765334268.8976
CHLD 71442 264.265625 1765334268.8976
CHLD 71451 643.843750 1765334268.8976
CHLD 71452 673.953125 1765334268.8976
CHLD 71453 667.875000 1765334268.8976
MEM 200.890625 1765334269.0016
CHLD 71441 6.203125 1765334269.0057
CHLD 71442 264.265625 1765334269.0057
CHLD 71451 643.843750 1765334269.0057
CHLD 71452 674.343750 1765334269.0057
CHLD 71453 667.875000 1765334269.0057
MEM 200.890625 1765334269.1085
CHLD 71441 6.203125 1765334269.1140
CHLD 71442 264.375000 1765334269.1140
CHLD 71451 643.843750 1765334269.1140
CHLD 71452 675.250000 1765334269.1140
CHLD 71453 669.296875 1765334269.1140
MEM 201.156250 1765334269.2145
CHLD 71441 6.203125 1765334269.2186
CHLD 71442 264.531250 1765334269.2186
CHLD 71451 643.906250 1765334269.2186
CHLD 71452 675.265625 1765334269.2186
CHLD 71453 669.296875 1765334269.2186
MEM 201.156250 1765334269.3237
CHLD 71441 6.203125 1765334269.3282
CHLD 71442 264.531250 1765334269.3282
CHLD 71451 643.906250 1765334269.3282
CHLD 71452 675.265625 1765334269.3282
CHLD 71453 669.296875 1765334269.3282
MEM 201.156250 1765334269.4334
CHLD 71441 6.203125 1765334269.4383
CHLD 71442 264.531250 1765334269.4383
CHLD 71451 643.906250 1765334269.4383
CHLD 71452 675.265625 1765334269.4383
CHLD 71453 669.296875 1765334269.4383
MEM 201.156250 1765334269.5434
CHLD 71441 6.203125 1765334269.5488
CHLD 71442 264.531250 1765334269.5488
CHLD 71451 643.906250 1765334269.5488
CHLD 71452 675.265625 1765334269.5488
CHLD 71453 669.296875 1765334269.5489
MEM 201.156250 1765334269.6529
CHLD 71441 6.203125 1765334269.6589
CHLD 71442 264.531250 1765334269.6589
CHLD 71451 643.906250 1765334269.6589
CHLD 71452 676.218750 1765334269.6589
CHLD 71453 669.328125 1765334269.6589
MEM 201.156250 1765334269.7640
CHLD 71441 6.203125 1765334269.7699
CHLD 71442 264.531250 1765334269.7699
CHLD 71451 643.906250 1765334269.7699
CHLD 71452 677.718750 1765334269.7699
CHLD 71453 671.781250 1765334269.7699
MEM 201.296875 1765334269.8751
CHLD 71441 6.203125 1765334269.8807
CHLD 71442 264.812500 1765334269.8807
CHLD 71451 643.937500 1765334269.8807
CHLD 71452 678.937500 1765334269.8807
CHLD 71453 671.921875 1765334269.8807
MEM 201.296875 1765334269.9858
CHLD 71441 6.203125 1765334269.9902
CHLD 71442 264.812500 1765334269.9902
CHLD 71451 643.937500 1765334269.9902
CHLD 71452 678.937500 1765334269.9902
CHLD 71453 671.921875 1765334269.9902
MEM 201.296875 1765334270.0932
CHLD 71441 6.203125 1765334270.0985
CHLD 71442 264.812500 1765334270.0985
CHLD 71451 643.937500 1765334270.0985
CHLD 71452 678.937500 1765334270.0985
CHLD 71453 671.921875 1765334270.0985
MEM 201.296875 1765334270.2036
CHLD 71441 6.203125 1765334270.2093
CHLD 71442 264.812500 1765334270.2093
CHLD 71451 643.937500 1765334270.2093
CHLD 71452 678.937500 1765334270.2093
CHLD 71453 671.921875 1765334270.2093
MEM 201.296875 1765334270.3109
CHLD 71441 6.203125 1765334270.3146
CHLD 71442 264.812500 1765334270.3147
CHLD 71451 643.937500 1765334270.3147
CHLD 71452 678.937500 1765334270.3147
CHLD 71453 671.921875 1765334270.3147
MEM 201.296875 1765334270.4169
CHLD 71441 6.203125 1765334270.4209
CHLD 71442 264.812500 1765334270.4209
CHLD 71451 643.937500 1765334270.4209
CHLD 71452 678.937500 1765334270.4209
CHLD 71453 671.921875 1765334270.4209
MEM 201.296875 1765334270.5261
CHLD 71441 6.203125 1765334270.5295
CHLD 71442 264.812500 1765334270.5295
CHLD 71451 643.937500 1765334270.5295
CHLD 71452 678.937500 1765334270.5295
CHLD 71453 671.921875 1765334270.5295
MEM 201.296875 1765334270.6336
CHLD 71441 6.203125 1765334270.6373
CHLD 71442 264.812500 1765334270.6373
CHLD 71451 643.937500 1765334270.6373
CHLD 71452 678.937500 1765334270.6373
CHLD 71453 671.921875 1765334270.6373
MEM 201.296875 1765334270.7419
CHLD 71441 6.203125 1765334270.7452
CHLD 71442 264.812500 1765334270.7452
CHLD 71451 643.937500 1765334270.7452
CHLD 71452 678.937500 1765334270.7452
CHLD 71453 671.921875 1765334270.7452
MEM 201.296875 1765334270.8503
CHLD 71441 6.203125 1765334270.8541
CHLD 71442 264.812500 1765334270.8541
CHLD 71451 643.937500 1765334270.8541
CHLD 71452 678.937500 1765334270.8541
CHLD 71453 671.921875 1765334270.8541
MEM 201.296875 1765334270.9592
CHLD 71441 6.203125 1765334270.9629
CHLD 71442 264.812500 1765334270.9629
CHLD 71451 643.937500 1765334270.9629
CHLD 71452 678.937500 1765334270.9629
CHLD 71453 671.921875 1765334270.9629
MEM 201.296875 1765334271.0680
CHLD 71441 6.203125 1765334271.0716
CHLD 71442 264.812500 1765334271.0716
CHLD 71451 643.937500 1765334271.0716
CHLD 71452 678.937500 1765334271.0716
CHLD 71453 671.921875 1765334271.0716
MEM 201.296875 1765334271.1749
CHLD 71441 6.203125 1765334271.1781
CHLD 71442 264.812500 1765334271.1781
CHLD 71451 643.937500 1765334271.1781
CHLD 71452 678.937500 1765334271.1781
CHLD 71453 671.921875 1765334271.1781
MEM 201.296875 1765334271.2811
CHLD 71441 6.203125 1765334271.2843
CHLD 71442 264.812500 1765334271.2843
CHLD 71451 643.937500 1765334271.2843
CHLD 71452 678.937500 1765334271.2843
CHLD 71453 671.921875 1765334271.2843
MEM 201.296875 1765334271.3894
CHLD 71441 6.203125 1765334271.3926
CHLD 71442 264.812500 1765334271.3926
CHLD 71451 643.937500 1765334271.3926
CHLD 71452 678.937500 1765334271.3926
CHLD 71453 671.921875 1765334271.3926
MEM 201.296875 1765334271.4977
CHLD 71441 6.203125 1765334271.5008
CHLD 71442 264.812500 1765334271.5009
CHLD 71451 643.937500 1765334271.5009
CHLD 71452 678.937500 1765334271.5009
CHLD 71453 671.921875 1765334271.5009
MEM 201.296875 1765334271.6059
CHLD 71441 6.203125 1765334271.6092
CHLD 71442 264.812500 1765334271.6092
CHLD 71451 643.937500 1765334271.6092
CHLD 71452 678.937500 1765334271.6092
CHLD 71453 671.921875 1765334271.6092
MEM 201.296875 1765334271.7143
CHLD 71441 6.203125 1765334271.7176
CHLD 71442 264.812500 1765334271.7177
CHLD 71451 643.937500 1765334271.7177
CHLD 71452 678.937500 1765334271.7177
CHLD 71453 671.921875 1765334271.7177
MEM 201.296875 1765334271.8228
CHLD 71441 6.203125 1765334271.8261
CHLD 71442 264.812500 1765334271.8261
CHLD 71451 643.937500 1765334271.8261
CHLD 71452 678.937500 1765334271.8261
CHLD 71453 671.921875 1765334271.8261
MEM 201.296875 1765334271.9305
CHLD 71441 6.203125 1765334271.9339
CHLD 71442 264.812500 1765334271.9339
CHLD 71451 643.937500 1765334271.9339
CHLD 71452 678.937500 1765334271.9339
CHLD 71453 671.921875 1765334271.9339
MEM 201.296875 1765334272.0390
CHLD 71441 6.203125 1765334272.0424
CHLD 71442 264.812500 1765334272.0424
CHLD 71451 643.937500 1765334272.0424
CHLD 71452 678.937500 1765334272.0424
CHLD 71453 671.921875 1765334272.0424
MEM 201.296875 1765334272.1475
CHLD 71441 6.203125 1765334272.1507
CHLD 71442 264.812500 1765334272.1507
CHLD 71451 643.937500 1765334272.1507
CHLD 71452 678.937500 1765334272.1507
CHLD 71453 671.921875 1765334272.1507
MEM 201.296875 1765334272.2558
CHLD 71441 6.203125 1765334272.2594
CHLD 71442 264.812500 1765334272.2594
CHLD 71451 643.937500 1765334272.2594
CHLD 71452 678.937500 1765334272.2594
CHLD 71453 671.921875 1765334272.2594
MEM 201.296875 1765334272.3642
CHLD 71441 6.203125 1765334272.3677
CHLD 71442 264.812500 1765334272.3677
CHLD 71451 643.937500 1765334272.3677
CHLD 71452 678.937500 1765334272.3677
CHLD 71453 671.921875 1765334272.3677
MEM 201.296875 1765334272.4728
CHLD 71441 6.203125 1765334272.4762
CHLD 71442 264.812500 1765334272.4762
CHLD 71451 643.937500 1765334272.4762
CHLD 71452 678.937500 1765334272.4762
CHLD 71453 671.921875 1765334272.4762
MEM 201.296875 1765334272.5814
CHLD 71441 6.203125 1765334272.5848
CHLD 71442 264.812500 1765334272.5848
CHLD 71451 643.937500 1765334272.5849
CHLD 71452 678.937500 1765334272.5849
CHLD 71453 671.921875 1765334272.5849
MEM 201.296875 1765334272.6852
CHLD 71441 6.203125 1765334272.6884
CHLD 71442 264.812500 1765334272.6884
CHLD 71451 643.937500 1765334272.6884
CHLD 71452 678.937500 1765334272.6885
CHLD 71453 671.921875 1765334272.6885
MEM 201.296875 1765334272.7909
CHLD 71441 6.203125 1765334272.7944
CHLD 71442 264.812500 1765334272.7944
CHLD 71451 643.937500 1765334272.7944
CHLD 71452 678.937500 1765334272.7944
CHLD 71453 671.921875 1765334272.7944
MEM 201.296875 1765334272.8996
CHLD 71441 6.203125 1765334272.9029
CHLD 71442 264.812500 1765334272.9029
CHLD 71451 643.937500 1765334272.9029
CHLD 71452 678.937500 1765334272.9029
CHLD 71453 671.921875 1765334272.9029
MEM 201.296875 1765334273.0080
CHLD 71441 6.203125 1765334273.0115
CHLD 71442 264.812500 1765334273.0115
CHLD 71451 643.937500 1765334273.0115
CHLD 71452 678.937500 1765334273.0115
CHLD 71453 671.921875 1765334273.0115
MEM 201.296875 1765334273.1167
CHLD 71441 6.203125 1765334273.1198
CHLD 71442 264.812500 1765334273.1198
CHLD 71451 643.937500 1765334273.1199
CHLD 71452 678.937500 1765334273.1199
CHLD 71453 671.921875 1765334273.1199
MEM 201.296875 1765334273.2250
CHLD 71441 6.203125 1765334273.2284
CHLD 71442 264.812500 1765334273.2285
CHLD 71451 643.937500 1765334273.2285
CHLD 71452 678.937500 1765334273.2285
CHLD 71453 671.921875 1765334273.2285
MEM 201.296875 1765334273.3318
CHLD 71441 6.203125 1765334273.3356
CHLD 71442 264.812500 1765334273.3356
CHLD 71451 643.937500 1765334273.3356
CHLD 71452 678.937500 1765334273.3356
CHLD 71453 671.921875 1765334273.3356
MEM 201.296875 1765334273.4363
CHLD 71441 6.203125 1765334273.4397
CHLD 71442 264.812500 1765334273.4397
CHLD 71451 643.937500 1765334273.4397
CHLD 71452 678.937500 1765334273.4397
CHLD 71453 671.921875 1765334273.4397
MEM 201.296875 1765334273.5432
CHLD 71441 6.203125 1765334273.5468
CHLD 71442 264.812500 1765334273.5468
CHLD 71451 643.937500 1765334273.5468
CHLD 71452 678.937500 1765334273.5468
CHLD 71453 671.921875 1765334273.5468
MEM 201.296875 1765334273.6520
CHLD 71441 6.203125 1765334273.6554
CHLD 71442 264.812500 1765334273.6554
CHLD 71451 643.937500 1765334273.6554
CHLD 71452 678.937500 1765334273.6554
CHLD 71453 671.921875 1765334273.6554
MEM 201.296875 1765334273.7602
CHLD 71441 6.203125 1765334273.7637
CHLD 71442 264.812500 1765334273.7637
CHLD 71451 643.937500 1765334273.7637
CHLD 71452 678.937500 1765334273.7638
CHLD 71453 671.921875 1765334273.7638
MEM 201.296875 1765334273.8670
CHLD 71441 6.203125 1765334273.8705
CHLD 71442 264.812500 1765334273.8705
CHLD 71451 643.937500 1765334273.8705
CHLD 71452 678.937500 1765334273.8705
CHLD 71453 671.921875 1765334273.8705
MEM 201.296875 1765334273.9753
CHLD 71441 6.203125 1765334273.9786
CHLD 71442 264.812500 1765334273.9786
CHLD 71451 643.937500 1765334273.9786
CHLD 71452 678.937500 1765334273.9786
CHLD 71453 671.921875 1765334273.9786
MEM 201.296875 1765334274.0816
CHLD 71441 6.203125 1765334274.0851
CHLD 71442 264.812500 1765334274.0851
CHLD 71451 643.937500 1765334274.0851
CHLD 71452 678.937500 1765334274.0851
CHLD 71453 671.921875 1765334274.0852
MEM 201.296875 1765334274.1879
CHLD 71441 6.203125 1765334274.1914
CHLD 71442 264.812500 1765334274.1914
CHLD 71451 643.937500 1765334274.1914
CHLD 71452 678.937500 1765334274.1914
CHLD 71453 671.921875 1765334274.1914
MEM 201.296875 1765334274.2965
CHLD 71441 6.203125 1765334274.3001
CHLD 71442 264.812500 1765334274.3001
CHLD 71451 643.937500 1765334274.3001
CHLD 71452 678.937500 1765334274.3001
CHLD 71453 671.921875 1765334274.3001
MEM 201.296875 1765334274.4003
CHLD 71441 6.203125 1765334274.4037
CHLD 71442 264.812500 1765334274.4037
CHLD 71451 643.937500 1765334274.4037
CHLD 71452 678.937500 1765334274.4037
CHLD 71453 671.921875 1765334274.4037
MEM 201.296875 1765334274.5088
CHLD 71441 6.203125 1765334274.5123
CHLD 71442 264.812500 1765334274.5123
CHLD 71451 643.937500 1765334274.5123
CHLD 71452 678.937500 1765334274.5123
CHLD 71453 671.921875 1765334274.5123
MEM 201.296875 1765334274.6175
CHLD 71441 6.203125 1765334274.6210
CHLD 71442 264.812500 1765334274.6210
CHLD 71451 643.937500 1765334274.6210
CHLD 71452 678.937500 1765334274.6210
CHLD 71453 671.921875 1765334274.6210
MEM 201.296875 1765334274.7261
CHLD 71441 6.203125 1765334274.7295
CHLD 71442 264.812500 1765334274.7295
CHLD 71451 643.937500 1765334274.7296
CHLD 71452 678.937500 1765334274.7296
CHLD 71453 671.921875 1765334274.7296
MEM 201.296875 1765334274.8347
CHLD 71441 6.203125 1765334274.8381
CHLD 71442 264.812500 1765334274.8381
CHLD 71451 643.937500 1765334274.8381
CHLD 71452 678.937500 1765334274.8381
CHLD 71453 671.921875 1765334274.8381
MEM 201.296875 1765334274.9403
CHLD 71441 6.203125 1765334274.9437
CHLD 71442 264.812500 1765334274.9437
CHLD 71451 643.937500 1765334274.9437
CHLD 71452 678.937500 1765334274.9437
CHLD 71453 671.921875 1765334274.9437
MEM 201.296875 1765334275.0469
CHLD 71441 6.203125 1765334275.0501
CHLD 71442 264.812500 1765334275.0501
CHLD 71451 643.937500 1765334275.0501
CHLD 71452 678.937500 1765334275.0501
CHLD 71453 671.921875 1765334275.0501
MEM 201.296875 1765334275.1552
CHLD 71441 6.203125 1765334275.1584
CHLD 71442 264.812500 1765334275.1584
CHLD 71451 643.937500 1765334275.1584
CHLD 71452 678.937500 1765334275.1584
CHLD 71453 671.921875 1765334275.1584
MEM 201.296875 1765334275.2635
CHLD 71441 6.203125 1765334275.2670
CHLD 71442 264.812500 1765334275.2670
CHLD 71451 643.937500 1765334275.2670
CHLD 71452 678.937500 1765334275.2670
CHLD 71453 671.921875 1765334275.2671
MEM 201.296875 1765334275.3721
CHLD 71441 6.203125 1765334275.3755
CHLD 71442 264.812500 1765334275.3755
CHLD 71451 643.937500 1765334275.3755
CHLD 71452 678.937500 1765334275.3755
CHLD 71453 671.921875 1765334275.3755
MEM 201.296875 1765334275.4806
CHLD 71441 6.203125 1765334275.4840
CHLD 71442 264.812500 1765334275.4840
CHLD 71451 643.937500 1765334275.4840
CHLD 71452 678.937500 1765334275.4840
CHLD 71453 671.921875 1765334275.4840
MEM 201.296875 1765334275.5891
CHLD 71441 6.203125 1765334275.5925
CHLD 71442 264.812500 1765334275.5925
CHLD 71451 643.937500 1765334275.5925
CHLD 71452 678.937500 1765334275.5925
CHLD 71453 671.921875 1765334275.5925
MEM 201.296875 1765334275.6976
CHLD 71441 6.203125 1765334275.7009
CHLD 71442 264.812500 1765334275.7010
CHLD 71451 643.937500 1765334275.7010
CHLD 71452 678.937500 1765334275.7010
CHLD 71453 671.921875 1765334275.7010
MEM 201.296875 1765334275.8060
CHLD 71441 6.203125 1765334275.8094
CHLD 71442 264.812500 1765334275.8094
CHLD 71451 643.937500 1765334275.8094
CHLD 71452 678.937500 1765334275.8094
CHLD 71453 671.921875 1765334275.8094
MEM 201.296875 1765334275.9145
CHLD 71441 6.203125 1765334275.9181
CHLD 71442 264.812500 1765334275.9181
CHLD 71451 643.937500 1765334275.9181
CHLD 71452 678.937500 1765334275.9181
CHLD 71453 671.921875 1765334275.9181
MEM 201.296875 1765334276.0232
CHLD 71441 6.203125 1765334276.0267
CHLD 71442 264.812500 1765334276.0267
CHLD 71451 643.937500 1765334276.0267
CHLD 71452 678.937500 1765334276.0267
CHLD 71453 671.921875 1765334276.0267
MEM 201.296875 1765334276.1296
CHLD 71441 6.203125 1765334276.1328
CHLD 71442 264.812500 1765334276.1328
CHLD 71451 643.937500 1765334276.1328
CHLD 71452 678.937500 1765334276.1328
CHLD 71453 671.921875 1765334276.1328
MEM 201.296875 1765334276.2379
CHLD 71441 6.203125 1765334276.2412
CHLD 71442 264.812500 1765334276.2412
CHLD 71451 643.937500 1765334276.2412
CHLD 71452 678.937500 1765334276.2412
CHLD 71453 671.921875 1765334276.2412
MEM 201.296875 1765334276.3464
CHLD 71441 6.203125 1765334276.3499
CHLD 71442 264.812500 1765334276.3499
CHLD 71451 643.937500 1765334276.3499
CHLD 71452 678.937500 1765334276.3499
CHLD 71453 671.921875 1765334276.3499
MEM 201.296875 1765334276.4550
CHLD 71441 6.203125 1765334276.4583
CHLD 71442 264.812500 1765334276.4583
CHLD 71451 643.937500 1765334276.4583
CHLD 71452 678.937500 1765334276.4583
CHLD 71453 671.921875 1765334276.4583
MEM 201.296875 1765334276.5635
CHLD 71441 6.203125 1765334276.5669
CHLD 71442 264.812500 1765334276.5669
CHLD 71451 643.937500 1765334276.5669
CHLD 71452 678.937500 1765334276.5669
CHLD 71453 671.921875 1765334276.5669
MEM 201.296875 1765334276.6721
CHLD 71441 6.203125 1765334276.6755
CHLD 71442 264.812500 1765334276.6756
CHLD 71451 643.937500 1765334276.6756
CHLD 71452 678.937500 1765334276.6756
CHLD 71453 671.921875 1765334276.6756
MEM 201.296875 1765334276.7807
CHLD 71441 6.203125 1765334276.7842
CHLD 71442 264.812500 1765334276.7842
CHLD 71451 643.937500 1765334276.7842
CHLD 71452 678.937500 1765334276.7842
CHLD 71453 671.921875 1765334276.7842
MEM 201.296875 1765334276.8894
CHLD 71441 6.203125 1765334276.8930
CHLD 71442 264.812500 1765334276.8930
CHLD 71451 643.937500 1765334276.8930
CHLD 71452 678.937500 1765334276.8930
CHLD 71453 671.921875 1765334276.8930
MEM 201.296875 1765334276.9981
CHLD 71441 6.203125 1765334277.0015
CHLD 71442 264.812500 1765334277.0015
CHLD 71451 643.937500 1765334277.0015
CHLD 71452 678.937500 1765334277.0015
CHLD 71453 671.921875 1765334277.0015
MEM 201.296875 1765334277.1067
CHLD 71441 6.203125 1765334277.1100
CHLD 71442 264.812500 1765334277.1100
CHLD 71451 643.937500 1765334277.1100
CHLD 71452 678.937500 1765334277.1100
CHLD 71453 671.921875 1765334277.1100
MEM 201.296875 1765334277.2125
CHLD 71441 6.203125 1765334277.2160
CHLD 71442 264.812500 1765334277.2160
CHLD 71451 643.937500 1765334277.2160
CHLD 71452 678.937500 1765334277.2160
CHLD 71453 671.921875 1765334277.2160
MEM 201.296875 1765334277.3212
CHLD 71441 6.203125 1765334277.3246
CHLD 71442 264.812500 1765334277.3246
CHLD 71451 643.937500 1765334277.3246
CHLD 71452 678.937500 1765334277.3246
CHLD 71453 671.921875 1765334277.3246
MEM 201.296875 1765334277.4253
CHLD 71441 6.203125 1765334277.4290
CHLD 71442 264.812500 1765334277.4290
CHLD 71451 643.937500 1765334277.4290
CHLD 71452 678.937500 1765334277.4290
CHLD 71453 671.921875 1765334277.4290
MEM 201.296875 1765334277.5341
CHLD 71441 6.203125 1765334277.5376
CHLD 71442 264.812500 1765334277.5376
CHLD 71451 643.937500 1765334277.5377
CHLD 71452 678.937500 1765334277.5377
CHLD 71453 671.921875 1765334277.5377
MEM 201.296875 1765334277.6429
CHLD 71441 6.203125 1765334277.6463
CHLD 71442 264.812500 1765334277.6463
CHLD 71451 643.937500 1765334277.6463
CHLD 71452 678.937500 1765334277.6463
CHLD 71453 671.921875 1765334277.6463
MEM 201.296875 1765334277.7515
CHLD 71441 6.203125 1765334277.7550
CHLD 71442 264.812500 1765334277.7550
CHLD 71451 643.937500 1765334277.7550
CHLD 71452 678.937500 1765334277.7550
CHLD 71453 671.921875 1765334277.7550
MEM 201.296875 1765334277.8601
CHLD 71441 6.203125 1765334277.8635
CHLD 71442 264.812500 1765334277.8635
CHLD 71451 643.937500 1765334277.8635
CHLD 71452 678.937500 1765334277.8635
CHLD 71453 671.921875 1765334277.8635
MEM 201.296875 1765334277.9669
CHLD 71441 6.203125 1765334277.9703
CHLD 71442 264.812500 1765334277.9703
CHLD 71451 643.937500 1765334277.9704
CHLD 71452 678.937500 1765334277.9704
CHLD 71453 671.921875 1765334277.9704
MEM 201.296875 1765334278.0755
CHLD 71441 6.203125 1765334278.0788
CHLD 71442 264.812500 1765334278.0788
CHLD 71451 643.937500 1765334278.0788
CHLD 71452 678.937500 1765334278.0788
CHLD 71453 671.921875 1765334278.0788
MEM 201.296875 1765334278.1839
CHLD 71441 6.203125 1765334278.1872
CHLD 71442 264.812500 1765334278.1872
CHLD 71451 643.937500 1765334278.1872
CHLD 71452 678.937500 1765334278.1873
CHLD 71453 671.921875 1765334278.1873
MEM 201.296875 1765334278.2923
CHLD 71441 6.203125 1765334278.2956
CHLD 71442 264.812500 1765334278.2956
CHLD 71451 643.937500 1765334278.2956
CHLD 71452 678.937500 1765334278.2956
CHLD 71453 671.921875 1765334278.2957
MEM 201.296875 1765334278.4003
CHLD 71441 6.203125 1765334278.4037
CHLD 71442 264.812500 1765334278.4037
CHLD 71451 643.937500 1765334278.4037
CHLD 71452 678.937500 1765334278.4037
CHLD 71453 671.921875 1765334278.4037
MEM 201.296875 1765334278.5088
CHLD 71441 6.203125 1765334278.5121
CHLD 71442 264.812500 1765334278.5121
CHLD 71451 643.937500 1765334278.5121
CHLD 71452 678.937500 1765334278.5121
CHLD 71453 671.921875 1765334278.5121
MEM 201.296875 1765334278.6172
CHLD 71441 6.203125 1765334278.6205
CHLD 71442 264.812500 1765334278.6205
CHLD 71451 643.937500 1765334278.6205
CHLD 71452 678.937500 1765334278.6205
CHLD 71453 671.921875 1765334278.6205
MEM 201.296875 1765334278.7256
CHLD 71441 6.203125 1765334278.7290
CHLD 71442 264.812500 1765334278.7290
CHLD 71451 643.937500 1765334278.7290
CHLD 71452 678.937500 1765334278.7290
CHLD 71453 671.921875 1765334278.7290
MEM 201.296875 1765334278.8341
CHLD 71441 6.203125 1765334278.8376
CHLD 71442 264.812500 1765334278.8376
CHLD 71451 643.937500 1765334278.8376
CHLD 71452 678.937500 1765334278.8376
CHLD 71453 671.921875 1765334278.8376
MEM 201.296875 1765334278.9420
CHLD 71441 6.203125 1765334278.9453
CHLD 71442 264.812500 1765334278.9453
CHLD 71451 643.937500 1765334278.9453
CHLD 71452 678.937500 1765334278.9453
CHLD 71453 671.921875 1765334278.9453
MEM 201.296875 1765334279.0504
CHLD 71441 6.203125 1765334279.0535
CHLD 71442 264.812500 1765334279.0535
CHLD 71451 643.937500 1765334279.0535
CHLD 71452 678.937500 1765334279.0536
CHLD 71453 671.921875 1765334279.0536
MEM 201.296875 1765334279.1586
CHLD 71441 6.203125 1765334279.1620
CHLD 71442 264.812500 1765334279.1620
CHLD 71451 643.937500 1765334279.1620
CHLD 71452 678.937500 1765334279.1620
CHLD 71453 671.921875 1765334279.1620
MEM 201.296875 1765334279.2671
CHLD 71441 6.203125 1765334279.2705
CHLD 71442 264.812500 1765334279.2705
CHLD 71451 643.937500 1765334279.2705
CHLD 71452 678.937500 1765334279.2705
CHLD 71453 671.921875 1765334279.2705
MEM 201.296875 1765334279.3753
CHLD 71441 6.203125 1765334279.3785
CHLD 71442 264.812500 1765334279.3786
CHLD 71451 643.937500 1765334279.3786
CHLD 71452 678.937500 1765334279.3786
CHLD 71453 671.921875 1765334279.3786
MEM 201.296875 1765334279.4837
CHLD 71441 6.203125 1765334279.4869
CHLD 71442 264.812500 1765334279.4869
CHLD 71451 643.937500 1765334279.4870
CHLD 71452 678.937500 1765334279.4870
CHLD 71453 671.921875 1765334279.4870
MEM 201.296875 1765334279.5921
CHLD 71441 6.203125 1765334279.5954
CHLD 71442 264.812500 1765334279.5954
CHLD 71451 643.937500 1765334279.5954
CHLD 71452 678.937500 1765334279.5954
CHLD 71453 671.921875 1765334279.5954
MEM 201.296875 1765334279.7005
CHLD 71441 6.203125 1765334279.7037
CHLD 71442 264.812500 1765334279.7037
CHLD 71451 643.937500 1765334279.7037
CHLD 71452 678.937500 1765334279.7037
CHLD 71453 671.921875 1765334279.7037
MEM 201.296875 1765334279.8089
CHLD 71441 6.203125 1765334279.8122
CHLD 71442 264.812500 1765334279.8122
CHLD 71451 643.937500 1765334279.8122
CHLD 71452 678.937500 1765334279.8122
CHLD 71453 671.921875 1765334279.8122
MEM 201.296875 1765334279.9170
CHLD 71441 6.203125 1765334279.9206
CHLD 71442 264.812500 1765334279.9206
CHLD 71451 643.937500 1765334279.9206
CHLD 71452 678.937500 1765334279.9206
CHLD 71453 671.921875 1765334279.9206
MEM 201.296875 1765334280.0230
CHLD 71441 6.203125 1765334280.0265
CHLD 71442 264.812500 1765334280.0265
CHLD 71451 643.937500 1765334280.0265
CHLD 71452 678.937500 1765334280.0265
CHLD 71453 671.921875 1765334280.0265
MEM 201.296875 1765334280.1317
CHLD 71441 6.203125 1765334280.1354
CHLD 71442 264.812500 1765334280.1354
CHLD 71451 643.937500 1765334280.1354
CHLD 71452 678.937500 1765334280.1354
CHLD 71453 671.921875 1765334280.1354
MEM 201.296875 1765334280.2406
CHLD 71441 6.203125 1765334280.2441
CHLD 71442 264.812500 1765334280.2441
CHLD 71451 643.937500 1765334280.2441
CHLD 71452 678.937500 1765334280.2441
CHLD 71453 671.921875 1765334280.2441
MEM 201.296875 1765334280.3446
CHLD 71441 6.203125 1765334280.3481
CHLD 71442 264.812500 1765334280.3481
CHLD 71451 643.937500 1765334280.3482
CHLD 71452 678.937500 1765334280.3482
CHLD 71453 671.921875 1765334280.3482
MEM 201.296875 1765334280.4486
CHLD 71441 6.203125 1765334280.4521
CHLD 71442 264.812500 1765334280.4521
CHLD 71451 643.937500 1765334280.4521
CHLD 71452 678.937500 1765334280.4521
CHLD 71453 671.921875 1765334280.4521
MEM 201.296875 1765334280.5573
CHLD 71441 6.203125 1765334280.5607
CHLD 71442 264.812500 1765334280.5607
CHLD 71451 643.937500 1765334280.5607
CHLD 71452 678.937500 1765334280.5607
CHLD 71453 671.921875 1765334280.5607
MEM 201.296875 1765334280.6659
CHLD 71441 6.203125 1765334280.6695
CHLD 71442 264.812500 1765334280.6695
CHLD 71451 643.937500 1765334280.6696
CHLD 71452 678.937500 1765334280.6696
CHLD 71453 671.921875 1765334280.6696
MEM 201.296875 1765334280.7747
CHLD 71441 6.203125 1765334280.7781
CHLD 71442 264.812500 1765334280.7781
CHLD 71451 643.937500 1765334280.7781
CHLD 71452 678.937500 1765334280.7781
CHLD 71453 671.921875 1765334280.7781
MEM 201.296875 1765334280.8833
CHLD 71441 6.203125 1765334280.8865
CHLD 71442 264.812500 1765334280.8865
CHLD 71451 643.937500 1765334280.8865
CHLD 71452 678.937500 1765334280.8865
CHLD 71453 671.921875 1765334280.8865
MEM 201.296875 1765334280.9917
CHLD 71441 6.203125 1765334280.9953
CHLD 71442 264.812500 1765334280.9953
CHLD 71451 643.937500 1765334280.9953
CHLD 71452 678.937500 1765334280.9953
CHLD 71453 671.921875 1765334280.9953
MEM 201.296875 1765334281.1005
CHLD 71441 6.203125 1765334281.1041
CHLD 71442 264.812500 1765334281.1041
CHLD 71451 643.937500 1765334281.1041
CHLD 71452 678.937500 1765334281.1041
CHLD 71453 671.921875 1765334281.1041
MEM 201.296875 1765334281.2092
CHLD 71441 6.203125 1765334281.2125
CHLD 71442 264.812500 1765334281.2125
CHLD 71451 643.937500 1765334281.2126
CHLD 71452 678.937500 1765334281.2126
CHLD 71453 671.921875 1765334281.2126
MEM 201.296875 1765334281.3177
CHLD 71441 6.203125 1765334281.3210
CHLD 71442 264.812500 1765334281.3211
CHLD 71451 643.937500 1765334281.3211
CHLD 71452 678.937500 1765334281.3211
CHLD 71453 671.921875 1765334281.3211
MEM 201.296875 1765334281.4262
CHLD 71441 6.203125 1765334281.4296
CHLD 71442 264.812500 1765334281.4296
CHLD 71451 643.937500 1765334281.4296
CHLD 71452 678.937500 1765334281.4296
CHLD 71453 671.921875 1765334281.4296
MEM 201.296875 1765334281.5348
CHLD 71441 6.203125 1765334281.5382
CHLD 71442 264.812500 1765334281.5382
CHLD 71451 643.937500 1765334281.5382
CHLD 71452 678.937500 1765334281.5382
CHLD 71453 671.921875 1765334281.5382
MEM 201.296875 1765334281.6434
CHLD 71441 6.203125 1765334281.6468
CHLD 71442 264.812500 1765334281.6469
CHLD 71451 643.937500 1765334281.6469
CHLD 71452 678.937500 1765334281.6469
CHLD 71453 671.921875 1765334281.6469
MEM 201.296875 1765334281.7520
CHLD 71441 6.203125 1765334281.7554
CHLD 71442 264.812500 1765334281.7554
CHLD 71451 643.937500 1765334281.7554
CHLD 71452 678.937500 1765334281.7554
CHLD 71453 671.921875 1765334281.7554
MEM 201.296875 1765334281.8586
CHLD 71441 6.203125 1765334281.8619
CHLD 71442 264.812500 1765334281.8619
CHLD 71451 643.937500 1765334281.8619
CHLD 71452 678.937500 1765334281.8619
CHLD 71453 671.921875 1765334281.8619
MEM 201.296875 1765334281.9670
CHLD 71441 6.203125 1765334281.9705
CHLD 71442 264.812500 1765334281.9705
CHLD 71451 643.937500 1765334281.9705
CHLD 71452 678.937500 1765334281.9705
CHLD 71453 671.921875 1765334281.9705
MEM 201.296875 1765334282.0756
CHLD 71441 6.203125 1765334282.0790
CHLD 71442 264.812500 1765334282.0790
CHLD 71451 643.937500 1765334282.0790
CHLD 71452 678.937500 1765334282.0790
CHLD 71453 671.921875 1765334282.0790
MEM 201.296875 1765334282.1841
CHLD 71441 6.203125 1765334282.1874
CHLD 71442 264.812500 1765334282.1874
CHLD 71451 643.937500 1765334282.1874
CHLD 71452 678.937500 1765334282.1874
CHLD 71453 671.921875 1765334282.1874
MEM 201.296875 1765334282.2926
CHLD 71441 6.203125 1765334282.2960
CHLD 71442 264.812500 1765334282.2960
CHLD 71451 643.937500 1765334282.2960
CHLD 71452 678.937500 1765334282.2960
CHLD 71453 671.921875 1765334282.2960
MEM 201.296875 1765334282.4011
CHLD 71441 6.203125 1765334282.4044
CHLD 71442 264.812500 1765334282.4044
CHLD 71451 643.937500 1765334282.4044
CHLD 71452 678.937500 1765334282.4044
CHLD 71453 671.921875 1765334282.4045
MEM 201.296875 1765334282.5095
CHLD 71441 6.203125 1765334282.5128
CHLD 71442 264.812500 1765334282.5128
CHLD 71451 643.937500 1765334282.5128
CHLD 71452 678.937500 1765334282.5128
CHLD 71453 671.921875 1765334282.5128
MEM 201.296875 1765334282.6179
CHLD 71441 6.203125 1765334282.6212
CHLD 71442 264.812500 1765334282.6212
CHLD 71451 643.937500 1765334282.6212
CHLD 71452 678.937500 1765334282.6212
CHLD 71453 671.921875 1765334282.6212
MEM 201.296875 1765334282.7263
CHLD 71441 6.203125 1765334282.7296
CHLD 71442 264.812500 1765334282.7296
CHLD 71451 643.937500 1765334282.7296
CHLD 71452 678.937500 1765334282.7296
CHLD 71453 671.921875 1765334282.7296
MEM 201.296875 1765334282.8347
CHLD 71441 6.203125 1765334282.8380
CHLD 71442 264.812500 1765334282.8380
CHLD 71451 643.937500 1765334282.8380
CHLD 71452 678.937500 1765334282.8380
CHLD 71453 671.921875 1765334282.8380
MEM 201.296875 1765334282.9431
CHLD 71441 6.203125 1765334282.9464
CHLD 71442 264.812500 1765334282.9464
CHLD 71451 643.937500 1765334282.9464
CHLD 71452 678.937500 1765334282.9464
CHLD 71453 671.921875 1765334282.9464
MEM 201.296875 1765334283.0515
CHLD 71441 6.203125 1765334283.0551
CHLD 71442 264.812500 1765334283.0551
CHLD 71451 643.937500 1765334283.0552
CHLD 71452 678.937500 1765334283.0552
CHLD 71453 671.921875 1765334283.0552
MEM 201.296875 1765334283.1603
CHLD 71441 6.203125 1765334283.1638
CHLD 71442 264.812500 1765334283.1638
CHLD 71451 643.937500 1765334283.1638
CHLD 71452 678.937500 1765334283.1638
CHLD 71453 671.921875 1765334283.1638
MEM 201.296875 1765334283.2657
CHLD 71441 6.203125 1765334283.2692
CHLD 71442 264.812500 1765334283.2692
CHLD 71451 643.937500 1765334283.2692
CHLD 71452 678.937500 1765334283.2692
CHLD 71453 671.921875 1765334283.2692
MEM 201.296875 1765334283.3744
CHLD 71441 6.203125 1765334283.3778
CHLD 71442 264.812500 1765334283.3778
CHLD 71451 643.937500 1765334283.3778
CHLD 71452 678.937500 1765334283.3778
CHLD 71453 671.921875 1765334283.3778
MEM 201.296875 1765334283.4830
CHLD 71441 6.203125 1765334283.4864
CHLD 71442 264.812500 1765334283.4864
CHLD 71451 643.937500 1765334283.4864
CHLD 71452 678.937500 1765334283.4864
CHLD 71453 671.921875 1765334283.4864
MEM 201.296875 1765334283.5915
CHLD 71441 6.203125 1765334283.5950
CHLD 71442 264.812500 1765334283.5950
CHLD 71451 643.937500 1765334283.5950
CHLD 71452 678.937500 1765334283.5950
CHLD 71453 671.921875 1765334283.5950
MEM 201.296875 1765334283.7001
CHLD 71441 6.203125 1765334283.7036
CHLD 71442 264.812500 1765334283.7036
CHLD 71451 643.937500 1765334283.7036
CHLD 71452 678.937500 1765334283.7036
CHLD 71453 671.921875 1765334283.7036
MEM 201.296875 1765334283.8079
CHLD 71441 6.203125 1765334283.8111
CHLD 71442 264.812500 1765334283.8112
CHLD 71451 643.937500 1765334283.8112
CHLD 71452 678.937500 1765334283.8112
CHLD 71453 671.921875 1765334283.8112
MEM 201.296875 1765334283.9163
CHLD 71441 6.203125 1765334283.9195
CHLD 71442 264.812500 1765334283.9195
CHLD 71451 643.937500 1765334283.9195
CHLD 71452 678.937500 1765334283.9195
CHLD 71453 671.921875 1765334283.9195
MEM 201.296875 1765334284.0246
CHLD 71441 6.203125 1765334284.0281
CHLD 71442 264.812500 1765334284.0281
CHLD 71451 643.937500 1765334284.0281
CHLD 71452 678.937500 1765334284.0281
CHLD 71453 671.921875 1765334284.0281
MEM 201.296875 1765334284.1297
CHLD 71441 6.203125 1765334284.1333
CHLD 71442 264.812500 1765334284.1333
CHLD 71451 643.937500 1765334284.1333
CHLD 71452 678.937500 1765334284.1333
CHLD 71453 671.921875 1765334284.1333
MEM 201.296875 1765334284.2337
CHLD 71441 6.203125 1765334284.2373
CHLD 71442 264.812500 1765334284.2374
CHLD 71451 643.937500 1765334284.2374
CHLD 71452 678.937500 1765334284.2374
CHLD 71453 671.921875 1765334284.2374
MEM 201.296875 1765334284.3421
CHLD 71441 6.203125 1765334284.3458
CHLD 71442 264.812500 1765334284.3458
CHLD 71451 643.937500 1765334284.3458
CHLD 71452 678.968750 1765334284.3458
CHLD 71453 671.937500 1765334284.3458
MEM 201.296875 1765334284.4509
CHLD 71441 6.203125 1765334284.4547
CHLD 71442 264.875000 1765334284.4547
CHLD 71451 643.937500 1765334284.4547
CHLD 71452 680.187500 1765334284.4548
CHLD 71453 675.125000 1765334284.4548
MEM 201.406250 1765334284.5600
CHLD 71441 6.203125 1765334284.5634
CHLD 71442 264.937500 1765334284.5634
CHLD 71451 644.812500 1765334284.5634
CHLD 71452 680.187500 1765334284.5634
CHLD 71453 675.125000 1765334284.5634
MEM 201.406250 1765334284.6670
CHLD 71441 6.203125 1765334284.6708
CHLD 71442 264.937500 1765334284.6708
CHLD 71451 644.812500 1765334284.6708
CHLD 71452 680.187500 1765334284.6708
CHLD 71453 675.125000 1765334284.6708
MEM 201.421875 1765334284.7759
CHLD 71441 6.203125 1765334284.7796
CHLD 71442 264.937500 1765334284.7796
CHLD 71451 644.812500 1765334284.7797
CHLD 71452 680.703125 1765334284.7797
CHLD 71453 675.125000 1765334284.7797
MEM 201.500000 1765334284.8837
CHLD 71441 6.203125 1765334284.8874
CHLD 71442 265.046875 1765334284.8874
CHLD 71451 644.812500 1765334284.8874
CHLD 71452 680.796875 1765334284.8874
CHLD 71453 675.265625 1765334284.8874
MEM 201.500000 1765334284.9926
CHLD 71441 6.203125 1765334284.9964
CHLD 71442 265.046875 1765334284.9964
CHLD 71451 644.812500 1765334284.9964
CHLD 71452 680.796875 1765334284.9964
CHLD 71453 675.265625 1765334284.9964
MEM 201.500000 1765334285.0993
CHLD 71441 6.203125 1765334285.1035
CHLD 71442 265.046875 1765334285.1035
CHLD 71451 644.812500 1765334285.1035
CHLD 71452 680.796875 1765334285.1035
CHLD 71453 675.265625 1765334285.1035
MEM 201.500000 1765334285.2087
CHLD 71441 6.203125 1765334285.2122
CHLD 71442 265.046875 1765334285.2123
CHLD 71451 644.812500 1765334285.2123
CHLD 71452 680.796875 1765334285.2123
CHLD 71453 675.265625 1765334285.2123
MEM 201.500000 1765334285.3161
CHLD 71441 6.203125 1765334285.3197
CHLD 71442 265.046875 1765334285.3197
CHLD 71451 644.812500 1765334285.3197
CHLD 71452 680.796875 1765334285.3197
CHLD 71453 675.265625 1765334285.3197
MEM 201.500000 1765334285.4249
CHLD 71441 6.203125 1765334285.4286
CHLD 71442 265.046875 1765334285.4287
CHLD 71451 644.812500 1765334285.4287
CHLD 71452 680.796875 1765334285.4287
CHLD 71453 675.265625 1765334285.4287
MEM 201.500000 1765334285.5323
CHLD 71441 6.203125 1765334285.5357
CHLD 71442 265.046875 1765334285.5358
CHLD 71451 644.812500 1765334285.5358
CHLD 71452 680.796875 1765334285.5358
CHLD 71453 675.265625 1765334285.5358
MEM 201.500000 1765334285.6397
CHLD 71441 6.203125 1765334285.6431
CHLD 71442 265.046875 1765334285.6431
CHLD 71451 644.812500 1765334285.6431
CHLD 71452 680.796875 1765334285.6431
CHLD 71453 675.265625 1765334285.6431
MEM 201.500000 1765334285.7483
CHLD 71441 6.203125 1765334285.7519
CHLD 71442 265.046875 1765334285.7519
CHLD 71451 644.812500 1765334285.7519
CHLD 71452 680.796875 1765334285.7519
CHLD 71453 675.265625 1765334285.7519
MEM 201.500000 1765334285.8546
CHLD 71441 6.203125 1765334285.8580
CHLD 71442 265.046875 1765334285.8581
CHLD 71451 644.812500 1765334285.8581
CHLD 71452 680.796875 1765334285.8581
CHLD 71453 675.265625 1765334285.8581
MEM 201.500000 1765334285.9631
CHLD 71441 6.203125 1765334285.9665
CHLD 71442 265.046875 1765334285.9665
CHLD 71451 644.812500 1765334285.9665
CHLD 71452 680.796875 1765334285.9665
CHLD 71453 675.265625 1765334285.9665
MEM 201.500000 1765334286.0674
CHLD 71441 6.203125 1765334286.0708
CHLD 71442 265.046875 1765334286.0708
CHLD 71451 644.812500 1765334286.0708
CHLD 71452 680.796875 1765334286.0708
CHLD 71453 675.265625 1765334286.0708
MEM 201.500000 1765334286.1759
CHLD 71441 6.203125 1765334286.1794
CHLD 71442 265.046875 1765334286.1794
CHLD 71451 644.812500 1765334286.1794
CHLD 71452 680.796875 1765334286.1794
CHLD 71453 675.265625 1765334286.1794
MEM 201.500000 1765334286.2808
CHLD 71441 6.203125 1765334286.2841
CHLD 71442 265.046875 1765334286.2841
CHLD 71451 644.812500 1765334286.2841
CHLD 71452 680.796875 1765334286.2841
CHLD 71453 675.265625 1765334286.2841
MEM 201.500000 1765334286.3878
CHLD 71441 6.203125 1765334286.3911
CHLD 71442 265.046875 1765334286.3911
CHLD 71451 644.812500 1765334286.3911
CHLD 71452 680.796875 1765334286.3911
CHLD 71453 675.265625 1765334286.3911
MEM 201.500000 1765334286.4961
CHLD 71441 6.203125 1765334286.4994
CHLD 71442 265.046875 1765334286.4994
CHLD 71451 644.812500 1765334286.4994
CHLD 71452 680.796875 1765334286.4994
CHLD 71453 675.265625 1765334286.4994
MEM 201.500000 1765334286.6045
CHLD 71441 6.203125 1765334286.6078
CHLD 71442 265.046875 1765334286.6078
CHLD 71451 644.812500 1765334286.6078
CHLD 71452 680.796875 1765334286.6078
CHLD 71453 675.265625 1765334286.6078
MEM 201.500000 1765334286.7128
CHLD 71441 6.203125 1765334286.7161
CHLD 71442 265.046875 1765334286.7161
CHLD 71451 644.812500 1765334286.7161
CHLD 71452 680.796875 1765334286.7161
CHLD 71453 675.265625 1765334286.7161
MEM 201.500000 1765334286.8176
CHLD 71441 6.203125 1765334286.8209
CHLD 71442 265.046875 1765334286.8209
CHLD 71451 644.812500 1765334286.8210
CHLD 71452 680.796875 1765334286.8210
CHLD 71453 675.265625 1765334286.8210
MEM 201.500000 1765334286.9211
CHLD 71441 6.203125 1765334286.9259
CHLD 71442 265.046875 1765334286.9259
CHLD 71451 644.812500 1765334286.9259
CHLD 71452 680.796875 1765334286.9259
CHLD 71453 675.265625 1765334286.9259
MEM 201.500000 1765334287.0310
CHLD 71441 6.203125 1765334287.0349
CHLD 71442 265.046875 1765334287.0349
CHLD 71451 644.812500 1765334287.0349
CHLD 71452 680.796875 1765334287.0349
CHLD 71453 675.265625 1765334287.0349
MEM 201.500000 1765334287.1376
CHLD 71441 6.203125 1765334287.1422
CHLD 71442 265.046875 1765334287.1422
CHLD 71451 644.812500 1765334287.1422
CHLD 71452 680.796875 1765334287.1422
CHLD 71453 675.265625 1765334287.1422
MEM 201.500000 1765334287.2473
CHLD 71441 6.203125 1765334287.2520
CHLD 71442 265.046875 1765334287.2520
CHLD 71451 644.812500 1765334287.2520
CHLD 71452 680.796875 1765334287.2520
CHLD 71453 675.265625 1765334287.2520
MEM 201.500000 1765334287.3549
CHLD 71441 6.203125 1765334287.3602
CHLD 71442 265.046875 1765334287.3602
CHLD 71451 644.812500 1765334287.3602
CHLD 71452 680.796875 1765334287.3602
CHLD 71453 675.265625 1765334287.3602
MEM 201.500000 1765334287.4653
CHLD 71441 6.203125 1765334287.4687
CHLD 71442 265.046875 1765334287.4687
CHLD 71451 644.812500 1765334287.4687
CHLD 71452 680.796875 1765334287.4687
CHLD 71453 675.265625 1765334287.4687
MEM 201.500000 1765334287.5737
CHLD 71441 6.203125 1765334287.5771
CHLD 71442 265.046875 1765334287.5771
CHLD 71451 644.812500 1765334287.5771
CHLD 71452 680.796875 1765334287.5771
CHLD 71453 675.265625 1765334287.5771
MEM 201.500000 1765334287.6822
CHLD 71441 6.203125 1765334287.6854
CHLD 71442 265.046875 1765334287.6854
CHLD 71451 644.812500 1765334287.6854
CHLD 71452 680.796875 1765334287.6854
CHLD 71453 675.265625 1765334287.6854
MEM 201.500000 1765334287.7905
CHLD 71441 6.203125 1765334287.7937
CHLD 71442 265.046875 1765334287.7937
CHLD 71451 644.812500 1765334287.7937
CHLD 71452 680.796875 1765334287.7938
CHLD 71453 675.265625 1765334287.7938
MEM 201.500000 1765334287.8962
CHLD 71441 6.203125 1765334287.9006
CHLD 71442 265.046875 1765334287.9006
CHLD 71451 644.812500 1765334287.9007
CHLD 71452 680.796875 1765334287.9007
CHLD 71453 675.265625 1765334287.9007
MEM 201.500000 1765334288.0057
CHLD 71441 6.203125 1765334288.0100
CHLD 71442 265.046875 1765334288.0100
CHLD 71451 644.812500 1765334288.0100
CHLD 71452 680.796875 1765334288.0101
CHLD 71453 675.265625 1765334288.0101
MEM 201.500000 1765334288.1151
CHLD 71441 6.203125 1765334288.1195
CHLD 71442 265.046875 1765334288.1195
CHLD 71451 644.812500 1765334288.1195
CHLD 71452 680.796875 1765334288.1195
CHLD 71453 675.265625 1765334288.1195
MEM 201.500000 1765334288.2246
CHLD 71441 6.203125 1765334288.2280
CHLD 71442 265.046875 1765334288.2280
CHLD 71451 644.812500 1765334288.2280
CHLD 71452 680.796875 1765334288.2280
CHLD 71453 675.265625 1765334288.2280
MEM 201.500000 1765334288.3331
CHLD 71441 6.203125 1765334288.3365
CHLD 71442 265.046875 1765334288.3366
CHLD 71451 644.812500 1765334288.3366
CHLD 71452 680.796875 1765334288.3366
CHLD 71453 675.265625 1765334288.3366
MEM 201.500000 1765334288.4416
CHLD 71441 6.203125 1765334288.4450
CHLD 71442 265.046875 1765334288.4450
CHLD 71451 644.812500 1765334288.4450
CHLD 71452 680.796875 1765334288.4450
CHLD 71453 675.265625 1765334288.4450
MEM 201.500000 1765334288.5501
CHLD 71441 6.203125 1765334288.5535
CHLD 71442 265.046875 1765334288.5535
CHLD 71451 644.812500 1765334288.5536
CHLD 71452 680.796875 1765334288.5536
CHLD 71453 675.265625 1765334288.5536
MEM 201.500000 1765334288.6586
CHLD 71441 6.203125 1765334288.6619
CHLD 71442 265.046875 1765334288.6619
CHLD 71451 644.812500 1765334288.6619
CHLD 71452 680.796875 1765334288.6620
CHLD 71453 675.265625 1765334288.6620
MEM 201.500000 1765334288.7643
CHLD 71441 6.203125 1765334288.7678
CHLD 71442 265.046875 1765334288.7678
CHLD 71451 644.812500 1765334288.7678
CHLD 71452 680.796875 1765334288.7678
CHLD 71453 675.265625 1765334288.7678
MEM 201.500000 1765334288.8710
CHLD 71441 6.203125 1765334288.8742
CHLD 71442 265.046875 1765334288.8742
CHLD 71451 644.812500 1765334288.8742
CHLD 71452 680.796875 1765334288.8742
CHLD 71453 675.265625 1765334288.8742
MEM 201.500000 1765334288.9753
CHLD 71441 6.203125 1765334288.9807
CHLD 71442 265.046875 1765334288.9807
CHLD 71451 644.812500 1765334288.9807
CHLD 71452 680.796875 1765334288.9807
CHLD 71453 675.265625 1765334288.9807
MEM 201.500000 1765334289.0858
CHLD 71441 6.203125 1765334289.0909
CHLD 71442 265.046875 1765334289.0909
CHLD 71451 644.812500 1765334289.0909
CHLD 71452 680.796875 1765334289.0909
CHLD 71453 675.265625 1765334289.0909
MEM 201.500000 1765334289.1960
CHLD 71441 6.203125 1765334289.2014
CHLD 71442 265.046875 1765334289.2014
CHLD 71451 644.812500 1765334289.2014
CHLD 71452 680.796875 1765334289.2014
CHLD 71453 675.265625 1765334289.2015
MEM 201.500000 1765334289.3049
CHLD 71441 6.203125 1765334289.3094
CHLD 71442 265.046875 1765334289.3094
CHLD 71451 644.812500 1765334289.3094
CHLD 71452 680.796875 1765334289.3094
CHLD 71453 675.265625 1765334289.3094
MEM 201.500000 1765334289.4145
CHLD 71441 6.203125 1765334289.4189
CHLD 71442 265.046875 1765334289.4190
CHLD 71451 644.812500 1765334289.4190
CHLD 71452 680.796875 1765334289.4190
CHLD 71453 675.265625 1765334289.4190
MEM 201.500000 1765334289.5241
CHLD 71441 6.203125 1765334289.5289
CHLD 71442 265.046875 1765334289.5289
CHLD 71451 644.812500 1765334289.5289
CHLD 71452 680.796875 1765334289.5289
CHLD 71453 675.265625 1765334289.5289
MEM 201.500000 1765334289.6340
CHLD 71441 6.203125 1765334289.6386
CHLD 71442 265.046875 1765334289.6386
CHLD 71451 644.812500 1765334289.6386
CHLD 71452 680.796875 1765334289.6386
CHLD 71453 675.265625 1765334289.6386
MEM 201.500000 1765334289.7437
CHLD 71441 6.203125 1765334289.7483
CHLD 71442 265.046875 1765334289.7483
CHLD 71451 644.812500 1765334289.7483
CHLD 71452 680.796875 1765334289.7483
CHLD 71453 675.265625 1765334289.7483
MEM 201.500000 1765334289.8534
CHLD 71441 6.203125 1765334289.8582
CHLD 71442 265.046875 1765334289.8582
CHLD 71451 644.812500 1765334289.8582
CHLD 71452 680.796875 1765334289.8582
CHLD 71453 675.265625 1765334289.8582
MEM 201.500000 1765334289.9633
CHLD 71441 6.203125 1765334289.9684
CHLD 71442 265.046875 1765334289.9685
CHLD 71451 644.812500 1765334289.9685
CHLD 71452 680.796875 1765334289.9685
CHLD 71453 675.265625 1765334289.9685
MEM 201.500000 1765334290.0736
CHLD 71441 6.203125 1765334290.0787
CHLD 71442 265.046875 1765334290.0787
CHLD 71451 644.812500 1765334290.0787
CHLD 71452 680.796875 1765334290.0787
CHLD 71453 675.265625 1765334290.0787
MEM 201.500000 1765334290.1838
CHLD 71441 6.203125 1765334290.1888
CHLD 71442 265.046875 1765334290.1888
CHLD 71451 644.812500 1765334290.1888
CHLD 71452 680.796875 1765334290.1888
CHLD 71453 675.265625 1765334290.1888
MEM 201.500000 1765334290.2939
CHLD 71441 6.203125 1765334290.2988
CHLD 71442 265.046875 1765334290.2988
CHLD 71451 644.812500 1765334290.2988
CHLD 71452 680.796875 1765334290.2988
CHLD 71453 675.265625 1765334290.2988
MEM 201.500000 1765334290.4003
CHLD 71441 6.203125 1765334290.4036
CHLD 71442 265.046875 1765334290.4037
CHLD 71451 644.812500 1765334290.4037
CHLD 71452 680.796875 1765334290.4037
CHLD 71453 675.265625 1765334290.4037
MEM 201.500000 1765334290.5087
CHLD 71441 6.203125 1765334290.5137
CHLD 71442 265.046875 1765334290.5137
CHLD 71451 644.812500 1765334290.5137
CHLD 71452 680.796875 1765334290.5137
CHLD 71453 675.265625 1765334290.5137
MEM 201.500000 1765334290.6188
CHLD 71441 6.203125 1765334290.6238
CHLD 71442 265.046875 1765334290.6238
CHLD 71451 644.812500 1765334290.6239
CHLD 71452 680.796875 1765334290.6239
CHLD 71453 675.265625 1765334290.6239
MEM 201.500000 1765334290.7289
CHLD 71441 6.203125 1765334290.7339
CHLD 71442 265.046875 1765334290.7340
CHLD 71451 644.812500 1765334290.7340
CHLD 71452 680.796875 1765334290.7340
CHLD 71453 675.265625 1765334290.7340
MEM 201.500000 1765334290.8390
CHLD 71441 6.203125 1765334290.8440
CHLD 71442 265.046875 1765334290.8440
CHLD 71451 644.812500 1765334290.8440
CHLD 71452 680.796875 1765334290.8440
CHLD 71453 675.265625 1765334290.8440
MEM 201.500000 1765334290.9491
CHLD 71441 6.203125 1765334290.9539
CHLD 71442 265.046875 1765334290.9539
CHLD 71451 644.812500 1765334290.9539
CHLD 71452 680.796875 1765334290.9539
CHLD 71453 675.265625 1765334290.9539
MEM 201.500000 1765334291.0590
CHLD 71441 6.203125 1765334291.0637
CHLD 71442 265.046875 1765334291.0637
CHLD 71451 644.812500 1765334291.0637
CHLD 71452 680.796875 1765334291.0638
CHLD 71453 675.265625 1765334291.0638
MEM 201.500000 1765334291.1688
CHLD 71441 6.203125 1765334291.1736
CHLD 71442 265.046875 1765334291.1736
CHLD 71451 644.812500 1765334291.1736
CHLD 71452 680.796875 1765334291.1736
CHLD 71453 675.265625 1765334291.1736
MEM 201.500000 1765334291.2787
CHLD 71441 6.203125 1765334291.2834
CHLD 71442 265.046875 1765334291.2834
CHLD 71451 644.812500 1765334291.2834
CHLD 71452 680.796875 1765334291.2834
CHLD 71453 675.265625 1765334291.2834
MEM 201.500000 1765334291.3885
CHLD 71441 6.203125 1765334291.3932
CHLD 71442 265.046875 1765334291.3932
CHLD 71451 644.812500 1765334291.3932
CHLD 71452 680.796875 1765334291.3932
CHLD 71453 675.265625 1765334291.3932
MEM 201.500000 1765334291.4983
CHLD 71441 6.203125 1765334291.5030
CHLD 71442 265.046875 1765334291.5030
CHLD 71451 644.812500 1765334291.5030
CHLD 71452 680.796875 1765334291.5030
CHLD 71453 675.265625 1765334291.5030
MEM 201.500000 1765334291.6080
CHLD 71441 6.203125 1765334291.6127
CHLD 71442 265.046875 1765334291.6127
CHLD 71451 644.812500 1765334291.6127
CHLD 71452 680.796875 1765334291.6127
CHLD 71453 675.265625 1765334291.6127
MEM 201.500000 1765334291.7178
CHLD 71441 6.203125 1765334291.7224
CHLD 71442 265.046875 1765334291.7224
CHLD 71451 644.812500 1765334291.7224
CHLD 71452 680.796875 1765334291.7224
CHLD 71453 675.265625 1765334291.7225
MEM 201.500000 1765334291.8271
CHLD 71441 6.203125 1765334291.8319
CHLD 71442 265.046875 1765334291.8319
CHLD 71451 644.812500 1765334291.8319
CHLD 71452 680.796875 1765334291.8320
CHLD 71453 675.265625 1765334291.8320
MEM 201.500000 1765334291.9337
CHLD 71441 6.203125 1765334291.9389
CHLD 71442 265.046875 1765334291.9389
CHLD 71451 644.812500 1765334291.9389
CHLD 71452 680.796875 1765334291.9389
CHLD 71453 675.265625 1765334291.9389
MEM 201.500000 1765334292.0440
CHLD 71441 6.203125 1765334292.0492
CHLD 71442 265.046875 1765334292.0492
CHLD 71451 644.812500 1765334292.0492
CHLD 71452 680.796875 1765334292.0492
CHLD 71453 675.265625 1765334292.0492
MEM 201.500000 1765334292.1543
CHLD 71441 6.203125 1765334292.1594
CHLD 71442 265.046875 1765334292.1594
CHLD 71451 644.812500 1765334292.1594
CHLD 71452 680.796875 1765334292.1594
CHLD 71453 675.265625 1765334292.1594
MEM 201.500000 1765334292.2645
CHLD 71441 6.203125 1765334292.2691
CHLD 71442 265.046875 1765334292.2691
CHLD 71451 644.812500 1765334292.2691
CHLD 71452 680.796875 1765334292.2691
CHLD 71453 675.265625 1765334292.2691
MEM 201.500000 1765334292.3742
CHLD 71441 6.203125 1765334292.3792
CHLD 71442 265.046875 1765334292.3792
CHLD 71451 644.812500 1765334292.3792
CHLD 71452 680.796875 1765334292.3792
CHLD 71453 675.265625 1765334292.3792
MEM 201.500000 1765334292.4843
CHLD 71441 6.203125 1765334292.4881
CHLD 71442 265.046875 1765334292.4881
CHLD 71451 644.812500 1765334292.4881
CHLD 71452 680.796875 1765334292.4881
CHLD 71453 675.265625 1765334292.4881
MEM 201.500000 1765334292.5906
CHLD 71441 6.203125 1765334292.5958
CHLD 71442 265.046875 1765334292.5958
CHLD 71451 644.812500 1765334292.5958
CHLD 71452 680.796875 1765334292.5958
CHLD 71453 675.265625 1765334292.5958
MEM 201.500000 1765334292.7009
CHLD 71441 6.203125 1765334292.7059
CHLD 71442 265.046875 1765334292.7059
CHLD 71451 644.812500 1765334292.7059
CHLD 71452 680.796875 1765334292.7059
CHLD 71453 675.265625 1765334292.7059
MEM 201.500000 1765334292.8109
CHLD 71441 6.203125 1765334292.8159
CHLD 71442 265.046875 1765334292.8159
CHLD 71451 644.812500 1765334292.8160
CHLD 71452 680.796875 1765334292.8160
CHLD 71453 675.265625 1765334292.8160
MEM 201.500000 1765334292.9171
CHLD 71441 6.203125 1765334292.9222
CHLD 71442 265.046875 1765334292.9222
CHLD 71451 644.812500 1765334292.9222
CHLD 71452 680.796875 1765334292.9223
CHLD 71453 675.265625 1765334292.9223
MEM 201.500000 1765334293.0273
CHLD 71441 6.203125 1765334293.0323
CHLD 71442 265.046875 1765334293.0323
CHLD 71451 644.812500 1765334293.0323
CHLD 71452 680.796875 1765334293.0323
CHLD 71453 675.265625 1765334293.0323
MEM 201.500000 1765334293.1374
CHLD 71441 6.203125 1765334293.1426
CHLD 71442 265.046875 1765334293.1426
CHLD 71451 644.812500 1765334293.1426
CHLD 71452 680.796875 1765334293.1426
CHLD 71453 675.265625 1765334293.1426
MEM 201.500000 1765334293.2477
CHLD 71441 6.203125 1765334293.2527
CHLD 71442 265.046875 1765334293.2527
CHLD 71451 644.812500 1765334293.2527
CHLD 71452 680.796875 1765334293.2527
CHLD 71453 675.265625 1765334293.2527
MEM 201.500000 1765334293.3557
CHLD 71441 6.203125 1765334293.3606
CHLD 71442 265.046875 1765334293.3606
CHLD 71451 644.812500 1765334293.3606
CHLD 71452 680.796875 1765334293.3606
CHLD 71453 675.265625 1765334293.3606
MEM 201.500000 1765334293.4657
CHLD 71441 6.203125 1765334293.4706
CHLD 71442 265.046875 1765334293.4706
CHLD 71451 644.812500 1765334293.4706
CHLD 71452 680.796875 1765334293.4706
CHLD 71453 675.265625 1765334293.4707
MEM 201.500000 1765334293.5757
CHLD 71441 6.203125 1765334293.5807
CHLD 71442 265.046875 1765334293.5807
CHLD 71451 644.812500 1765334293.5807
CHLD 71452 680.796875 1765334293.5807
CHLD 71453 675.265625 1765334293.5807
MEM 201.500000 1765334293.6858
CHLD 71441 6.203125 1765334293.6908
CHLD 71442 265.046875 1765334293.6908
CHLD 71451 644.812500 1765334293.6908
CHLD 71452 680.796875 1765334293.6908
CHLD 71453 675.265625 1765334293.6908
MEM 201.500000 1765334293.7959
CHLD 71441 6.203125 1765334293.8010
CHLD 71442 265.046875 1765334293.8010
CHLD 71451 644.812500 1765334293.8010
CHLD 71452 680.796875 1765334293.8010
CHLD 71453 675.265625 1765334293.8010
MEM 201.500000 1765334293.9060
CHLD 71441 6.203125 1765334293.9111
CHLD 71442 265.046875 1765334293.9111
CHLD 71451 644.812500 1765334293.9111
CHLD 71452 680.796875 1765334293.9111
CHLD 71453 675.265625 1765334293.9111
MEM 201.500000 1765334294.0161
CHLD 71441 6.203125 1765334294.0211
CHLD 71442 265.046875 1765334294.0211
CHLD 71451 644.812500 1765334294.0212
CHLD 71452 680.796875 1765334294.0212
CHLD 71453 675.265625 1765334294.0212
MEM 201.500000 1765334294.1262
CHLD 71441 6.203125 1765334294.1312
CHLD 71442 265.046875 1765334294.1312
CHLD 71451 644.812500 1765334294.1313
CHLD 71452 680.796875 1765334294.1313
CHLD 71453 675.265625 1765334294.1313
MEM 201.500000 1765334294.2363
CHLD 71441 6.203125 1765334294.2413
CHLD 71442 265.046875 1765334294.2413
CHLD 71451 644.812500 1765334294.2413
CHLD 71452 680.796875 1765334294.2413
CHLD 71453 675.265625 1765334294.2413
MEM 201.500000 1765334294.3421
CHLD 71441 6.203125 1765334294.3454
CHLD 71442 265.046875 1765334294.3454
CHLD 71451 644.812500 1765334294.3454
CHLD 71452 680.796875 1765334294.3454
CHLD 71453 675.265625 1765334294.3454
MEM 201.500000 1765334294.4506
CHLD 71441 6.203125 1765334294.4558
CHLD 71442 265.046875 1765334294.4558
CHLD 71451 644.812500 1765334294.4558
CHLD 71452 680.796875 1765334294.4558
CHLD 71453 675.265625 1765334294.4558
MEM 201.500000 1765334294.5609
CHLD 71441 6.203125 1765334294.5661
CHLD 71442 265.046875 1765334294.5661
CHLD 71451 644.812500 1765334294.5661
CHLD 71452 680.796875 1765334294.5661
CHLD 71453 675.265625 1765334294.5661
MEM 201.500000 1765334294.6712
CHLD 71441 6.203125 1765334294.6764
CHLD 71442 265.046875 1765334294.6764
CHLD 71451 644.812500 1765334294.6764
CHLD 71452 680.796875 1765334294.6764
CHLD 71453 675.265625 1765334294.6764
MEM 201.500000 1765334294.7814
CHLD 71441 6.203125 1765334294.7866
CHLD 71442 265.046875 1765334294.7866
CHLD 71451 644.812500 1765334294.7866
CHLD 71452 680.796875 1765334294.7866
CHLD 71453 675.265625 1765334294.7866
MEM 201.500000 1765334294.8916
CHLD 71441 6.203125 1765334294.8967
CHLD 71442 265.046875 1765334294.8968
CHLD 71451 644.812500 1765334294.8968
CHLD 71452 680.796875 1765334294.8968
CHLD 71453 675.265625 1765334294.8968
MEM 201.500000 1765334295.0018
CHLD 71441 6.203125 1765334295.0053
CHLD 71442 265.046875 1765334295.0053
CHLD 71451 644.812500 1765334295.0053
CHLD 71452 680.796875 1765334295.0053
CHLD 71453 675.265625 1765334295.0053
MEM 201.500000 1765334295.1104
CHLD 71441 6.203125 1765334295.1135
CHLD 71442 265.046875 1765334295.1135
CHLD 71451 644.812500 1765334295.1135
CHLD 71452 680.796875 1765334295.1135
CHLD 71453 675.265625 1765334295.1135
MEM 201.500000 1765334295.2186
CHLD 71441 6.203125 1765334295.2218
CHLD 71442 265.046875 1765334295.2218
CHLD 71451 644.812500 1765334295.2218
CHLD 71452 680.796875 1765334295.2218
CHLD 71453 675.265625 1765334295.2218
MEM 201.500000 1765334295.3269
CHLD 71441 6.203125 1765334295.3299
CHLD 71442 265.046875 1765334295.3299
CHLD 71451 644.812500 1765334295.3299
CHLD 71452 680.796875 1765334295.3299
CHLD 71453 675.265625 1765334295.3299
MEM 201.500000 1765334295.4337
CHLD 71441 6.203125 1765334295.4377
CHLD 71442 265.046875 1765334295.4377
CHLD 71451 644.812500 1765334295.4378
CHLD 71452 680.796875 1765334295.4378
CHLD 71453 675.265625 1765334295.4378
MEM 201.500000 1765334295.5428
CHLD 71441 6.203125 1765334295.5469
CHLD 71442 265.046875 1765334295.5469
CHLD 71451 644.812500 1765334295.5469
CHLD 71452 680.796875 1765334295.5469
CHLD 71453 675.265625 1765334295.5470
MEM 201.500000 1765334295.6521
CHLD 71441 6.203125 1765334295.6562
CHLD 71442 265.046875 1765334295.6562
CHLD 71451 644.812500 1765334295.6562
CHLD 71452 680.796875 1765334295.6562
CHLD 71453 675.265625 1765334295.6562
MEM 201.500000 1765334295.7613
CHLD 71441 6.203125 1765334295.7657
CHLD 71442 265.046875 1765334295.7658
CHLD 71451 644.812500 1765334295.7658
CHLD 71452 680.796875 1765334295.7658
CHLD 71453 675.265625 1765334295.7658
MEM 201.500000 1765334295.8708
CHLD 71441 6.203125 1765334295.8740
CHLD 71442 265.046875 1765334295.8740
CHLD 71451 644.812500 1765334295.8740
CHLD 71452 680.796875 1765334295.8740
CHLD 71453 675.265625 1765334295.8740
MEM 201.500000 1765334295.9751
CHLD 71441 6.203125 1765334295.9802
CHLD 71442 265.046875 1765334295.9802
CHLD 71451 644.812500 1765334295.9802
CHLD 71452 680.796875 1765334295.9802
CHLD 71453 675.265625 1765334295.9802
MEM 201.500000 1765334296.0853
CHLD 71441 6.203125 1765334296.0885
CHLD 71442 265.046875 1765334296.0885
CHLD 71451 644.812500 1765334296.0885
CHLD 71452 680.796875 1765334296.0885
CHLD 71453 675.265625 1765334296.0885
MEM 201.500000 1765334296.1936
CHLD 71441 6.203125 1765334296.1968
CHLD 71442 265.046875 1765334296.1968
CHLD 71451 644.812500 1765334296.1968
CHLD 71452 680.796875 1765334296.1968
CHLD 71453 675.265625 1765334296.1968
MEM 201.500000 1765334296.3019
CHLD 71441 6.203125 1765334296.3053
CHLD 71442 265.046875 1765334296.3053
CHLD 71451 644.812500 1765334296.3053
CHLD 71452 680.796875 1765334296.3054
CHLD 71453 675.265625 1765334296.3054
MEM 201.500000 1765334296.4071
CHLD 71441 6.203125 1765334296.4120
CHLD 71442 265.046875 1765334296.4120
CHLD 71451 644.812500 1765334296.4120
CHLD 71452 680.796875 1765334296.4120
CHLD 71453 675.265625 1765334296.4120
MEM 201.500000 1765334296.5171
CHLD 71441 6.203125 1765334296.5205
CHLD 71442 265.046875 1765334296.5205
CHLD 71451 644.812500 1765334296.5205
CHLD 71452 680.796875 1765334296.5205
CHLD 71453 675.265625 1765334296.5205
MEM 201.500000 1765334296.6256
CHLD 71441 6.203125 1765334296.6289
CHLD 71442 265.046875 1765334296.6289
CHLD 71451 644.812500 1765334296.6290
CHLD 71452 680.796875 1765334296.6290
CHLD 71453 675.265625 1765334296.6290
MEM 201.500000 1765334296.7305
CHLD 71441 6.203125 1765334296.7358
CHLD 71442 265.046875 1765334296.7358
CHLD 71451 644.812500 1765334296.7358
CHLD 71452 680.796875 1765334296.7358
CHLD 71453 675.265625 1765334296.7358
MEM 201.500000 1765334296.8409
CHLD 71441 6.203125 1765334296.8452
CHLD 71442 265.046875 1765334296.8453
CHLD 71451 644.812500 1765334296.8453
CHLD 71452 680.796875 1765334296.8453
CHLD 71453 675.265625 1765334296.8453
MEM 201.500000 1765334296.9503
CHLD 71441 6.203125 1765334296.9537
CHLD 71442 265.046875 1765334296.9537
CHLD 71451 644.812500 1765334296.9537
CHLD 71452 680.796875 1765334296.9537
CHLD 71453 675.265625 1765334296.9537
MEM 201.500000 1765334297.0543
CHLD 71441 6.203125 1765334297.0595
CHLD 71442 265.046875 1765334297.0595
CHLD 71451 644.812500 1765334297.0595
CHLD 71452 680.796875 1765334297.0595
CHLD 71453 675.265625 1765334297.0595
MEM 201.500000 1765334297.1646
CHLD 71441 6.203125 1765334297.1697
CHLD 71442 265.046875 1765334297.1697
CHLD 71451 644.812500 1765334297.1697
CHLD 71452 680.796875 1765334297.1697
CHLD 71453 675.265625 1765334297.1698
MEM 201.500000 1765334297.2734
CHLD 71441 6.203125 1765334297.2779
CHLD 71442 265.046875 1765334297.2779
CHLD 71451 644.812500 1765334297.2779
CHLD 71452 680.796875 1765334297.2779
CHLD 71453 675.265625 1765334297.2779
MEM 201.500000 1765334297.3831
CHLD 71441 6.203125 1765334297.3880
CHLD 71442 265.046875 1765334297.3880
CHLD 71451 644.812500 1765334297.3880
CHLD 71452 680.796875 1765334297.3880
CHLD 71453 675.265625 1765334297.3880
MEM 201.500000 1765334297.4921
CHLD 71441 6.203125 1765334297.4967
CHLD 71442 265.046875 1765334297.4967
CHLD 71451 644.812500 1765334297.4967
CHLD 71452 680.796875 1765334297.4967
CHLD 71453 675.265625 1765334297.4967
MEM 201.500000 1765334297.6018
CHLD 71441 6.203125 1765334297.6063
CHLD 71442 265.046875 1765334297.6063
CHLD 71451 644.812500 1765334297.6063
CHLD 71452 680.796875 1765334297.6063
CHLD 71453 675.265625 1765334297.6063
MEM 201.500000 1765334297.7114
CHLD 71441 6.203125 1765334297.7160
CHLD 71442 265.046875 1765334297.7160
CHLD 71451 644.812500 1765334297.7160
CHLD 71452 680.796875 1765334297.7160
CHLD 71453 675.265625 1765334297.7160
MEM 201.500000 1765334297.8211
CHLD 71441 6.203125 1765334297.8241
CHLD 71442 265.046875 1765334297.8241
CHLD 71451 644.812500 1765334297.8241
CHLD 71452 680.796875 1765334297.8241
CHLD 71453 675.265625 1765334297.8241
MEM 201.500000 1765334297.9271
CHLD 71441 6.203125 1765334297.9304
CHLD 71442 265.046875 1765334297.9304
CHLD 71451 644.812500 1765334297.9304
CHLD 71452 680.796875 1765334297.9304
CHLD 71453 675.265625 1765334297.9304
MEM 201.500000 1765334298.0355
CHLD 71441 6.203125 1765334298.0389
CHLD 71442 265.046875 1765334298.0389
CHLD 71451 644.812500 1765334298.0389
CHLD 71452 680.796875 1765334298.0389
CHLD 71453 675.265625 1765334298.0389
MEM 201.500000 1765334298.1440
CHLD 71441 6.203125 1765334298.1474
CHLD 71442 265.046875 1765334298.1474
CHLD 71451 644.812500 1765334298.1474
CHLD 71452 680.796875 1765334298.1474
CHLD 71453 675.265625 1765334298.1474
MEM 201.500000 1765334298.2513
CHLD 71441 6.203125 1765334298.2547
CHLD 71442 265.046875 1765334298.2547
CHLD 71451 644.812500 1765334298.2547
CHLD 71452 680.796875 1765334298.2547
CHLD 71453 675.265625 1765334298.2547
MEM 201.500000 1765334298.3567
CHLD 71441 6.203125 1765334298.3601
CHLD 71442 265.046875 1765334298.3601
CHLD 71451 644.812500 1765334298.3601
CHLD 71452 680.796875 1765334298.3601
CHLD 71453 675.265625 1765334298.3601
MEM 201.500000 1765334298.4652
CHLD 71441 6.203125 1765334298.4684
CHLD 71442 265.046875 1765334298.4684
CHLD 71451 644.812500 1765334298.4684
CHLD 71452 680.796875 1765334298.4684
CHLD 71453 675.265625 1765334298.4684
MEM 201.500000 1765334298.5735
CHLD 71441 6.203125 1765334298.5767
CHLD 71442 265.046875 1765334298.5768
CHLD 71451 644.812500 1765334298.5768
CHLD 71452 680.796875 1765334298.5768
CHLD 71453 675.265625 1765334298.5768
MEM 201.500000 1765334298.6818
CHLD 71441 6.203125 1765334298.6851
CHLD 71442 265.046875 1765334298.6851
CHLD 71451 644.812500 1765334298.6851
CHLD 71452 680.796875 1765334298.6851
CHLD 71453 675.265625 1765334298.6851
MEM 201.500000 1765334298.7902
CHLD 71441 6.203125 1765334298.7934
CHLD 71442 265.046875 1765334298.7934
CHLD 71451 644.812500 1765334298.7934
CHLD 71452 680.796875 1765334298.7934
CHLD 71453 675.265625 1765334298.7934
MEM 201.500000 1765334298.8984
CHLD 71441 6.203125 1765334298.9017
CHLD 71442 265.046875 1765334298.9017
CHLD 71451 644.812500 1765334298.9018
CHLD 71452 680.796875 1765334298.9018
CHLD 71453 675.265625 1765334298.9018
MEM 201.500000 1765334299.0069
CHLD 71441 6.203125 1765334299.0102
CHLD 71442 265.046875 1765334299.0102
CHLD 71451 644.812500 1765334299.0102
CHLD 71452 680.796875 1765334299.0102
CHLD 71453 675.265625 1765334299.0102
MEM 201.500000 1765334299.1110
CHLD 71441 6.203125 1765334299.1143
CHLD 71442 265.046875 1765334299.1143
CHLD 71451 644.812500 1765334299.1143
CHLD 71452 680.796875 1765334299.1143
CHLD 71453 675.265625 1765334299.1143
MEM 201.500000 1765334299.2172
CHLD 71441 6.203125 1765334299.2205
CHLD 71442 265.046875 1765334299.2205
CHLD 71451 644.812500 1765334299.2206
CHLD 71452 680.796875 1765334299.2206
CHLD 71453 675.265625 1765334299.2206
MEM 201.500000 1765334299.3231
CHLD 71441 6.203125 1765334299.3268
CHLD 71442 265.046875 1765334299.3268
CHLD 71451 644.812500 1765334299.3268
CHLD 71452 680.796875 1765334299.3268
CHLD 71453 675.265625 1765334299.3268
MEM 201.500000 1765334299.4319
CHLD 71441 6.203125 1765334299.4354
CHLD 71442 265.046875 1765334299.4354
CHLD 71451 644.812500 1765334299.4354
CHLD 71452 681.921875 1765334299.4354
CHLD 71453 675.281250 1765334299.4354
MEM 201.500000 1765334299.5405
CHLD 71441 6.203125 1765334299.5441
CHLD 71442 265.062500 1765334299.5441
CHLD 71451 644.812500 1765334299.5441
CHLD 71452 681.953125 1765334299.5441
CHLD 71453 675.390625 1765334299.5441
MEM 201.671875 1765334299.6492
CHLD 71441 6.203125 1765334299.6525
CHLD 71442 265.140625 1765334299.6525
CHLD 71451 645.062500 1765334299.6525
CHLD 71452 681.953125 1765334299.6525
CHLD 71453 675.406250 1765334299.6525
MEM 201.671875 1765334299.7542
CHLD 71441 6.203125 1765334299.7594
CHLD 71442 265.140625 1765334299.7594
CHLD 71451 645.062500 1765334299.7594
CHLD 71452 681.953125 1765334299.7594
CHLD 71453 675.406250 1765334299.7594
MEM 201.671875 1765334299.8645
CHLD 71441 6.203125 1765334299.8678
CHLD 71442 265.140625 1765334299.8678
CHLD 71451 645.062500 1765334299.8679
CHLD 71452 681.953125 1765334299.8679
CHLD 71453 675.406250 1765334299.8679
MEM 201.671875 1765334299.9729
CHLD 71441 6.203125 1765334299.9761
CHLD 71442 265.140625 1765334299.9761
CHLD 71451 645.062500 1765334299.9761
CHLD 71452 681.953125 1765334299.9761
CHLD 71453 675.406250 1765334299.9761
MEM 201.671875 1765334300.0812
CHLD 71441 6.203125 1765334300.0844
CHLD 71442 265.140625 1765334300.0844
CHLD 71451 645.062500 1765334300.0844
CHLD 71452 681.953125 1765334300.0844
CHLD 71453 675.406250 1765334300.0844
MEM 201.671875 1765334300.1895
CHLD 71441 6.203125 1765334300.1926
CHLD 71442 265.140625 1765334300.1926
CHLD 71451 645.062500 1765334300.1926
CHLD 71452 681.953125 1765334300.1927
CHLD 71453 675.406250 1765334300.1927
MEM 201.671875 1765334300.2952
CHLD 71441 6.203125 1765334300.2985
CHLD 71442 265.140625 1765334300.2985
CHLD 71451 645.062500 1765334300.2985
CHLD 71452 681.953125 1765334300.2985
CHLD 71453 675.406250 1765334300.2985
MEM 201.671875 1765334300.4036
CHLD 71441 6.203125 1765334300.4070
CHLD 71442 265.140625 1765334300.4070
CHLD 71451 645.062500 1765334300.4070
CHLD 71452 681.953125 1765334300.4070
CHLD 71453 675.406250 1765334300.4070
MEM 201.671875 1765334300.5099
CHLD 71441 6.203125 1765334300.5153
CHLD 71442 265.140625 1765334300.5153
CHLD 71451 645.062500 1765334300.5154
CHLD 71452 681.953125 1765334300.5154
CHLD 71453 675.406250 1765334300.5154
MEM 201.671875 1765334300.6204
CHLD 71441 6.203125 1765334300.6255
CHLD 71442 265.140625 1765334300.6255
CHLD 71451 645.062500 1765334300.6255
CHLD 71452 681.953125 1765334300.6255
CHLD 71453 675.406250 1765334300.6255
MEM 201.671875 1765334300.7306
CHLD 71441 6.203125 1765334300.7337
CHLD 71442 265.140625 1765334300.7337
CHLD 71451 645.062500 1765334300.7337
CHLD 71452 681.953125 1765334300.7337
CHLD 71453 675.406250 1765334300.7337
MEM 201.671875 1765334300.8388
CHLD 71441 6.203125 1765334300.8424
CHLD 71442 265.140625 1765334300.8425
CHLD 71451 645.062500 1765334300.8425
CHLD 71452 681.953125 1765334300.8425
CHLD 71453 675.406250 1765334300.8425
MEM 201.671875 1765334300.9476
CHLD 71441 6.203125 1765334300.9508
CHLD 71442 265.140625 1765334300.9508
CHLD 71451 645.062500 1765334300.9509
CHLD 71452 681.953125 1765334300.9509
CHLD 71453 675.406250 1765334300.9509
MEM 201.671875 1765334301.0560
CHLD 71441 6.203125 1765334301.0593
CHLD 71442 265.140625 1765334301.0593
CHLD 71451 645.062500 1765334301.0594
CHLD 71452 681.953125 1765334301.0594
CHLD 71453 675.406250 1765334301.0594
MEM 201.687500 1765334301.1645
CHLD 71441 6.203125 1765334301.1681
CHLD 71442 265.140625 1765334301.1681
CHLD 71451 645.062500 1765334301.1681
CHLD 71452 683.250000 1765334301.1681
CHLD 71453 675.453125 1765334301.1681
MEM 201.796875 1765334301.2733
CHLD 71441 6.203125 1765334301.2766
CHLD 71442 265.296875 1765334301.2766
CHLD 71451 645.078125 1765334301.2766
CHLD 71452 684.546875 1765334301.2766
CHLD 71453 678.062500 1765334301.2766
MEM 201.796875 1765334301.3771
CHLD 71441 6.203125 1765334301.3803
CHLD 71442 265.296875 1765334301.3803
CHLD 71451 645.078125 1765334301.3803
CHLD 71452 684.546875 1765334301.3803
CHLD 71453 678.062500 1765334301.3803
MEM 201.796875 1765334301.4809
CHLD 71441 6.203125 1765334301.4861
CHLD 71442 265.296875 1765334301.4861
CHLD 71451 645.078125 1765334301.4861
CHLD 71452 684.546875 1765334301.4861
CHLD 71453 678.062500 1765334301.4862
MEM 201.796875 1765334301.5913
CHLD 71441 6.203125 1765334301.5966
CHLD 71442 265.296875 1765334301.5966
CHLD 71451 645.078125 1765334301.5966
CHLD 71452 684.546875 1765334301.5966
CHLD 71453 678.062500 1765334301.5966
MEM 201.796875 1765334301.7017
CHLD 71441 6.203125 1765334301.7069
CHLD 71442 265.296875 1765334301.7069
CHLD 71451 645.078125 1765334301.7069
CHLD 71452 684.546875 1765334301.7069
CHLD 71453 678.062500 1765334301.7069
MEM 201.796875 1765334301.8120
CHLD 71441 6.203125 1765334301.8172
CHLD 71442 265.296875 1765334301.8172
CHLD 71451 645.078125 1765334301.8172
CHLD 71452 684.546875 1765334301.8172
CHLD 71453 678.062500 1765334301.8172
MEM 201.796875 1765334301.9223
CHLD 71441 6.203125 1765334301.9272
CHLD 71442 265.296875 1765334301.9272
CHLD 71451 645.078125 1765334301.9272
CHLD 71452 684.546875 1765334301.9272
CHLD 71453 678.062500 1765334301.9272
MEM 201.796875 1765334302.0323
CHLD 71441 6.203125 1765334302.0366
CHLD 71442 265.296875 1765334302.0366
CHLD 71451 645.078125 1765334302.0367
CHLD 71452 684.546875 1765334302.0367
CHLD 71453 678.062500 1765334302.0367
MEM 201.796875 1765334302.1370
CHLD 71441 6.203125 1765334302.1423
CHLD 71442 265.296875 1765334302.1423
CHLD 71451 645.078125 1765334302.1423
CHLD 71452 684.546875 1765334302.1423
CHLD 71453 678.062500 1765334302.1423
MEM 201.796875 1765334302.2474
CHLD 71441 6.203125 1765334302.2510
CHLD 71442 265.296875 1765334302.2510
CHLD 71451 645.078125 1765334302.2510
CHLD 71452 684.546875 1765334302.2510
CHLD 71453 678.062500 1765334302.2510
MEM 201.796875 1765334302.3516
CHLD 71441 6.203125 1765334302.3564
CHLD 71442 265.296875 1765334302.3564
CHLD 71451 645.078125 1765334302.3565
CHLD 71452 684.546875 1765334302.3565
CHLD 71453 678.062500 1765334302.3565
MEM 201.796875 1765334302.4615
CHLD 71441 6.203125 1765334302.4661
CHLD 71442 265.296875 1765334302.4661
CHLD 71451 645.078125 1765334302.4662
CHLD 71452 684.546875 1765334302.4662
CHLD 71453 678.062500 1765334302.4662
MEM 201.796875 1765334302.5712
CHLD 71441 6.203125 1765334302.5783
CHLD 71442 265.296875 1765334302.5783
CHLD 71451 645.078125 1765334302.5784
CHLD 71452 684.546875 1765334302.5784
CHLD 71453 678.062500 1765334302.5784
MEM 201.796875 1765334302.6835
CHLD 71441 6.203125 1765334302.6898
CHLD 71442 265.296875 1765334302.6898
CHLD 71451 645.078125 1765334302.6898
CHLD 71452 684.546875 1765334302.6898
CHLD 71453 678.062500 1765334302.6898
MEM 201.796875 1765334302.7949
CHLD 71441 6.203125 1765334302.8003
CHLD 71442 265.296875 1765334302.8003
CHLD 71451 645.078125 1765334302.8003
CHLD 71452 684.546875 1765334302.8003
CHLD 71453 678.062500 1765334302.8003
MEM 201.796875 1765334302.9005
CHLD 71441 6.203125 1765334302.9059
CHLD 71442 265.296875 1765334302.9059
CHLD 71451 645.078125 1765334302.9059
CHLD 71452 684.546875 1765334302.9059
CHLD 71453 678.062500 1765334302.9059
MEM 201.796875 1765334303.0110
CHLD 71441 6.203125 1765334303.0175
CHLD 71442 265.296875 1765334303.0176
CHLD 71451 645.078125 1765334303.0176
CHLD 71452 684.546875 1765334303.0176
CHLD 71453 678.062500 1765334303.0176
MEM 201.796875 1765334303.1226
CHLD 71441 6.203125 1765334303.1298
CHLD 71442 265.296875 1765334303.1299
CHLD 71451 645.078125 1765334303.1299
CHLD 71452 684.546875 1765334303.1299
CHLD 71453 678.062500 1765334303.1299
MEM 201.796875 1765334303.2349
CHLD 71441 6.203125 1765334303.2425
CHLD 71442 265.296875 1765334303.2425
CHLD 71451 645.078125 1765334303.2425
CHLD 71452 684.546875 1765334303.2426
CHLD 71453 678.062500 1765334303.2426
MEM 201.796875 1765334303.3476
CHLD 71441 6.203125 1765334303.3554
CHLD 71442 265.296875 1765334303.3554
CHLD 71451 645.078125 1765334303.3554
CHLD 71452 684.546875 1765334303.3554
CHLD 71453 678.062500 1765334303.3554
MEM 201.796875 1765334303.4600
CHLD 71441 6.203125 1765334303.4665
CHLD 71442 265.296875 1765334303.4665
CHLD 71451 645.078125 1765334303.4665
CHLD 71452 684.546875 1765334303.4665
CHLD 71453 678.062500 1765334303.4665
MEM 201.796875 1765334303.5716
CHLD 71441 6.203125 1765334303.5779
CHLD 71442 265.296875 1765334303.5779
CHLD 71451 645.078125 1765334303.5779
CHLD 71452 684.546875 1765334303.5779
CHLD 71453 678.062500 1765334303.5779
MEM 201.796875 1765334303.6830
CHLD 71441 6.203125 1765334303.6886
CHLD 71442 265.296875 1765334303.6886
CHLD 71451 645.078125 1765334303.6886
CHLD 71452 684.546875 1765334303.6886
CHLD 71453 678.062500 1765334303.6886
MEM 201.796875 1765334303.7937
CHLD 71441 6.203125 1765334303.7987
CHLD 71442 265.296875 1765334303.7987
CHLD 71451 645.078125 1765334303.7987
CHLD 71452 684.546875 1765334303.7987
CHLD 71453 678.062500 1765334303.7987
MEM 201.796875 1765334303.9004
CHLD 71441 6.203125 1765334303.9048
CHLD 71442 265.296875 1765334303.9048
CHLD 71451 645.078125 1765334303.9048
CHLD 71452 684.546875 1765334303.9048
CHLD 71453 678.062500 1765334303.9048
MEM 201.796875 1765334304.0099
CHLD 71441 6.203125 1765334304.0158
CHLD 71442 265.296875 1765334304.0158
CHLD 71451 645.078125 1765334304.0158
CHLD 71452 684.546875 1765334304.0158
CHLD 71453 678.062500 1765334304.0158
MEM 201.796875 1765334304.1209
CHLD 71441 6.203125 1765334304.1269
CHLD 71442 265.296875 1765334304.1269
CHLD 71451 645.078125 1765334304.1269
CHLD 71452 684.546875 1765334304.1269
CHLD 71453 678.062500 1765334304.1269
MEM 201.796875 1765334304.2319
CHLD 71441 6.203125 1765334304.2376
CHLD 71442 265.296875 1765334304.2376
CHLD 71451 645.078125 1765334304.2376
CHLD 71452 684.546875 1765334304.2376
CHLD 71453 678.062500 1765334304.2376
MEM 201.796875 1765334304.3422
CHLD 71441 6.203125 1765334304.3480
CHLD 71442 265.296875 1765334304.3480
CHLD 71451 645.078125 1765334304.3480
CHLD 71452 684.546875 1765334304.3480
CHLD 71453 678.062500 1765334304.3480
MEM 201.796875 1765334304.4505
CHLD 71441 6.203125 1765334304.4571
CHLD 71442 265.296875 1765334304.4571
CHLD 71451 645.078125 1765334304.4571
CHLD 71452 684.546875 1765334304.4571
CHLD 71453 678.062500 1765334304.4571
MEM 201.796875 1765334304.5622
CHLD 71441 6.203125 1765334304.5676
CHLD 71442 265.296875 1765334304.5677
CHLD 71451 645.078125 1765334304.5677
CHLD 71452 684.546875 1765334304.5677
CHLD 71453 678.062500 1765334304.5677
MEM 201.796875 1765334304.6727
CHLD 71441 6.203125 1765334304.6776
CHLD 71442 265.296875 1765334304.6776
CHLD 71451 645.078125 1765334304.6776
CHLD 71452 684.546875 1765334304.6776
CHLD 71453 678.062500 1765334304.6776
MEM 201.796875 1765334304.7827
CHLD 71441 6.203125 1765334304.7876
CHLD 71442 265.296875 1765334304.7876
CHLD 71451 645.078125 1765334304.7876
CHLD 71452 684.546875 1765334304.7876
CHLD 71453 678.062500 1765334304.7876
MEM 201.796875 1765334304.8927
CHLD 71441 6.203125 1765334304.8975
CHLD 71442 265.296875 1765334304.8975
CHLD 71451 645.078125 1765334304.8975
CHLD 71452 684.546875 1765334304.8975
CHLD 71453 678.062500 1765334304.8975
MEM 201.796875 1765334305.0026
CHLD 71441 6.203125 1765334305.0074
CHLD 71442 265.296875 1765334305.0074
CHLD 71451 645.078125 1765334305.0074
CHLD 71452 684.546875 1765334305.0074
CHLD 71453 678.062500 1765334305.0074
MEM 201.796875 1765334305.1125
CHLD 71441 6.203125 1765334305.1173
CHLD 71442 265.296875 1765334305.1173
CHLD 71451 645.078125 1765334305.1173
CHLD 71452 684.546875 1765334305.1173
CHLD 71453 678.062500 1765334305.1174
MEM 201.796875 1765334305.2224
CHLD 71441 6.203125 1765334305.2273
CHLD 71442 265.296875 1765334305.2273
CHLD 71451 645.078125 1765334305.2274
CHLD 71452 684.546875 1765334305.2274
CHLD 71453 678.062500 1765334305.2274
MEM 201.796875 1765334305.3325
CHLD 71441 6.203125 1765334305.3373
CHLD 71442 265.296875 1765334305.3373
CHLD 71451 645.078125 1765334305.3373
CHLD 71452 684.546875 1765334305.3373
CHLD 71453 678.062500 1765334305.3373
MEM 201.796875 1765334305.4421
CHLD 71441 6.203125 1765334305.4473
CHLD 71442 265.296875 1765334305.4473
CHLD 71451 645.078125 1765334305.4473
CHLD 71452 684.546875 1765334305.4473
CHLD 71453 678.062500 1765334305.4473
MEM 201.796875 1765334305.5524
CHLD 71441 6.203125 1765334305.5557
CHLD 71442 265.296875 1765334305.5557
CHLD 71451 645.078125 1765334305.5557
CHLD 71452 684.546875 1765334305.5557
CHLD 71453 678.062500 1765334305.5557
MEM 201.796875 1765334305.6607
CHLD 71441 6.203125 1765334305.6640
CHLD 71442 265.296875 1765334305.6640
CHLD 71451 645.078125 1765334305.6640
CHLD 71452 684.546875 1765334305.6640
CHLD 71453 678.062500 1765334305.6640
MEM 201.796875 1765334305.7691
CHLD 71441 6.203125 1765334305.7724
CHLD 71442 265.296875 1765334305.7725
CHLD 71451 645.078125 1765334305.7725
CHLD 71452 684.546875 1765334305.7725
CHLD 71453 678.062500 1765334305.7725
MEM 201.796875 1765334305.8755
CHLD 71441 6.203125 1765334305.8796
CHLD 71442 265.296875 1765334305.8796
CHLD 71451 645.078125 1765334305.8796
CHLD 71452 684.546875 1765334305.8796
CHLD 71453 678.062500 1765334305.8796
MEM 201.796875 1765334305.9838
CHLD 71441 6.203125 1765334305.9887
CHLD 71442 265.296875 1765334305.9887
CHLD 71451 645.078125 1765334305.9888
CHLD 71452 684.546875 1765334305.9888
CHLD 71453 678.062500 1765334305.9888
MEM 201.796875 1765334306.0938
CHLD 71441 6.203125 1765334306.0984
CHLD 71442 265.296875 1765334306.0984
CHLD 71451 645.078125 1765334306.0984
CHLD 71452 684.546875 1765334306.0984
CHLD 71453 678.062500 1765334306.0984
MEM 201.796875 1765334306.1992
CHLD 71441 6.203125 1765334306.2023
CHLD 71442 265.296875 1765334306.2023
CHLD 71451 645.078125 1765334306.2023
CHLD 71452 684.546875 1765334306.2024
CHLD 71453 678.062500 1765334306.2024
MEM 201.796875 1765334306.3075
CHLD 71441 6.203125 1765334306.3130
CHLD 71442 265.296875 1765334306.3130
CHLD 71451 645.078125 1765334306.3130
CHLD 71452 684.546875 1765334306.3130
CHLD 71453 678.062500 1765334306.3130
MEM 201.796875 1765334306.4181
CHLD 71441 6.203125 1765334306.4234
CHLD 71442 265.296875 1765334306.4234
CHLD 71451 645.078125 1765334306.4234
CHLD 71452 684.546875 1765334306.4234
CHLD 71453 678.062500 1765334306.4234
MEM 201.796875 1765334306.5285
CHLD 71441 6.203125 1765334306.5334
CHLD 71442 265.296875 1765334306.5334
CHLD 71451 645.078125 1765334306.5334
CHLD 71452 684.546875 1765334306.5334
CHLD 71453 678.062500 1765334306.5334
MEM 201.796875 1765334306.6385
CHLD 71441 6.203125 1765334306.6434
CHLD 71442 265.296875 1765334306.6434
CHLD 71451 645.078125 1765334306.6434
CHLD 71452 684.546875 1765334306.6434
CHLD 71453 678.062500 1765334306.6434
MEM 201.796875 1765334306.7485
CHLD 71441 6.203125 1765334306.7533
CHLD 71442 265.296875 1765334306.7533
CHLD 71451 645.078125 1765334306.7533
CHLD 71452 684.546875 1765334306.7533
CHLD 71453 678.062500 1765334306.7533
MEM 201.796875 1765334306.8584
CHLD 71441 6.203125 1765334306.8618
CHLD 71442 265.296875 1765334306.8618
CHLD 71451 645.078125 1765334306.8618
CHLD 71452 684.546875 1765334306.8618
CHLD 71453 678.062500 1765334306.8618
MEM 201.796875 1765334306.9669
CHLD 71441 6.203125 1765334306.9703
CHLD 71442 265.296875 1765334306.9703
CHLD 71451 645.078125 1765334306.9703
CHLD 71452 684.546875 1765334306.9703
CHLD 71453 678.062500 1765334306.9703
MEM 201.796875 1765334307.0754
CHLD 71441 6.203125 1765334307.0787
CHLD 71442 265.296875 1765334307.0787
CHLD 71451 645.078125 1765334307.0787
CHLD 71452 684.546875 1765334307.0787
CHLD 71453 678.062500 1765334307.0787
MEM 201.796875 1765334307.1838
CHLD 71441 6.203125 1765334307.1871
CHLD 71442 265.296875 1765334307.1871
CHLD 71451 645.078125 1765334307.1871
CHLD 71452 684.546875 1765334307.1871
CHLD 71453 678.062500 1765334307.1871
MEM 201.796875 1765334307.2922
CHLD 71441 6.203125 1765334307.2955
CHLD 71442 265.296875 1765334307.2955
CHLD 71451 645.078125 1765334307.2955
CHLD 71452 684.546875 1765334307.2955
CHLD 71453 678.062500 1765334307.2955
MEM 201.796875 1765334307.3963
CHLD 71441 6.203125 1765334307.4012
CHLD 71442 265.296875 1765334307.4012
CHLD 71451 645.078125 1765334307.4012
CHLD 71452 684.546875 1765334307.4012
CHLD 71453 678.062500 1765334307.4012
MEM 201.796875 1765334307.5063
CHLD 71441 6.203125 1765334307.5114
CHLD 71442 265.296875 1765334307.5114
CHLD 71451 645.078125 1765334307.5114
CHLD 71452 684.546875 1765334307.5114
CHLD 71453 678.062500 1765334307.5114
MEM 201.796875 1765334307.6165
CHLD 71441 6.203125 1765334307.6216
CHLD 71442 265.296875 1765334307.6216
CHLD 71451 645.078125 1765334307.6216
CHLD 71452 684.546875 1765334307.6216
CHLD 71453 678.062500 1765334307.6216
MEM 201.796875 1765334307.7267
CHLD 71441 6.203125 1765334307.7318
CHLD 71442 265.296875 1765334307.7318
CHLD 71451 645.078125 1765334307.7318
CHLD 71452 684.546875 1765334307.7318
CHLD 71453 678.062500 1765334307.7318
MEM 201.796875 1765334307.8369
CHLD 71441 6.203125 1765334307.8400
CHLD 71442 265.296875 1765334307.8400
CHLD 71451 645.078125 1765334307.8400
CHLD 71452 684.546875 1765334307.8400
CHLD 71453 678.062500 1765334307.8400
MEM 201.796875 1765334307.9451
CHLD 71441 6.203125 1765334307.9481
CHLD 71442 265.296875 1765334307.9481
CHLD 71451 645.078125 1765334307.9482
CHLD 71452 684.546875 1765334307.9482
CHLD 71453 678.062500 1765334307.9482
MEM 201.796875 1765334308.0497
CHLD 71441 6.203125 1765334308.0530
CHLD 71442 265.296875 1765334308.0530
CHLD 71451 645.078125 1765334308.0530
CHLD 71452 684.546875 1765334308.0530
CHLD 71453 678.062500 1765334308.0530
MEM 201.796875 1765334308.1581
CHLD 71441 6.203125 1765334308.1613
CHLD 71442 265.296875 1765334308.1614
CHLD 71451 645.078125 1765334308.1614
CHLD 71452 684.546875 1765334308.1614
CHLD 71453 678.062500 1765334308.1614
MEM 201.796875 1765334308.2664
CHLD 71441 6.203125 1765334308.2697
CHLD 71442 265.296875 1765334308.2697
CHLD 71451 645.078125 1765334308.2698
CHLD 71452 684.546875 1765334308.2698
CHLD 71453 678.062500 1765334308.2698
MEM 201.796875 1765334308.3713
CHLD 71441 6.203125 1765334308.3763
CHLD 71442 265.296875 1765334308.3763
CHLD 71451 645.078125 1765334308.3763
CHLD 71452 684.546875 1765334308.3763
CHLD 71453 678.062500 1765334308.3763
MEM 201.796875 1765334308.4813
CHLD 71441 6.203125 1765334308.4853
CHLD 71442 265.296875 1765334308.4853
CHLD 71451 645.078125 1765334308.4853
CHLD 71452 684.546875 1765334308.4853
CHLD 71453 678.062500 1765334308.4853
MEM 201.796875 1765334308.5904
CHLD 71441 6.203125 1765334308.5944
CHLD 71442 265.296875 1765334308.5944
CHLD 71451 645.078125 1765334308.5944
CHLD 71452 684.546875 1765334308.5944
CHLD 71453 678.062500 1765334308.5945
MEM 201.796875 1765334308.6995
CHLD 71441 6.203125 1765334308.7035
CHLD 71442 265.296875 1765334308.7035
CHLD 71451 645.078125 1765334308.7035
CHLD 71452 684.546875 1765334308.7035
CHLD 71453 678.062500 1765334308.7035
MEM 201.796875 1765334308.8086
CHLD 71441 6.203125 1765334308.8129
CHLD 71442 265.296875 1765334308.8129
CHLD 71451 645.078125 1765334308.8129
CHLD 71452 684.546875 1765334308.8129
CHLD 71453 678.062500 1765334308.8129
MEM 201.796875 1765334308.9180
CHLD 71441 6.203125 1765334308.9223
CHLD 71442 265.296875 1765334308.9223
CHLD 71451 645.078125 1765334308.9223
CHLD 71452 684.546875 1765334308.9223
CHLD 71453 678.062500 1765334308.9223
MEM 201.796875 1765334309.0274
CHLD 71441 6.203125 1765334309.0304
CHLD 71442 265.296875 1765334309.0304
CHLD 71451 645.078125 1765334309.0304
CHLD 71452 684.546875 1765334309.0305
CHLD 71453 678.062500 1765334309.0305
MEM 201.796875 1765334309.1355
CHLD 71441 6.203125 1765334309.1386
CHLD 71442 265.296875 1765334309.1386
CHLD 71451 645.078125 1765334309.1386
CHLD 71452 684.546875 1765334309.1386
CHLD 71453 678.062500 1765334309.1386
MEM 201.796875 1765334309.2436
CHLD 71441 6.203125 1765334309.2467
CHLD 71442 265.296875 1765334309.2467
CHLD 71451 645.078125 1765334309.2467
CHLD 71452 684.546875 1765334309.2467
CHLD 71453 678.062500 1765334309.2467
MEM 201.796875 1765334309.3518
CHLD 71441 6.203125 1765334309.3548
CHLD 71442 265.296875 1765334309.3549
CHLD 71451 645.078125 1765334309.3549
CHLD 71452 684.546875 1765334309.3549
CHLD 71453 678.062500 1765334309.3549
MEM 201.796875 1765334309.4599
CHLD 71441 6.203125 1765334309.4630
CHLD 71442 265.296875 1765334309.4630
CHLD 71451 645.078125 1765334309.4630
CHLD 71452 684.546875 1765334309.4630
CHLD 71453 678.062500 1765334309.4630
MEM 201.796875 1765334309.5680
CHLD 71441 6.203125 1765334309.5711
CHLD 71442 265.296875 1765334309.5711
CHLD 71451 645.078125 1765334309.5711
CHLD 71452 684.546875 1765334309.5711
CHLD 71453 678.062500 1765334309.5711
MEM 201.796875 1765334309.6762
CHLD 71441 6.203125 1765334309.6792
CHLD 71442 265.296875 1765334309.6792
CHLD 71451 645.078125 1765334309.6793
CHLD 71452 684.546875 1765334309.6793
CHLD 71453 678.062500 1765334309.6793
MEM 201.796875 1765334309.7843
CHLD 71441 6.203125 1765334309.7874
CHLD 71442 265.296875 1765334309.7874
CHLD 71451 645.078125 1765334309.7874
CHLD 71452 684.546875 1765334309.7874
CHLD 71453 678.062500 1765334309.7874
MEM 201.796875 1765334309.8924
CHLD 71441 6.203125 1765334309.8955
CHLD 71442 265.296875 1765334309.8955
CHLD 71451 645.078125 1765334309.8955
CHLD 71452 684.546875 1765334309.8955
CHLD 71453 678.062500 1765334309.8955
MEM 201.796875 1765334310.0006
CHLD 71441 6.203125 1765334310.0037
CHLD 71442 265.296875 1765334310.0037
CHLD 71451 645.078125 1765334310.0037
CHLD 71452 684.546875 1765334310.0037
CHLD 71453 678.062500 1765334310.0037
MEM 201.796875 1765334310.1088
CHLD 71441 6.203125 1765334310.1119
CHLD 71442 265.296875 1765334310.1119
CHLD 71451 645.078125 1765334310.1119
CHLD 71452 684.546875 1765334310.1119
CHLD 71453 678.062500 1765334310.1119
MEM 201.796875 1765334310.2169
CHLD 71441 6.203125 1765334310.2200
CHLD 71442 265.296875 1765334310.2200
CHLD 71451 645.078125 1765334310.2200
CHLD 71452 684.546875 1765334310.2200
CHLD 71453 678.062500 1765334310.2200
MEM 201.796875 1765334310.3251
CHLD 71441 6.203125 1765334310.3284
CHLD 71442 265.296875 1765334310.3284
CHLD 71451 645.078125 1765334310.3284
CHLD 71452 684.546875 1765334310.3284
CHLD 71453 678.062500 1765334310.3284
MEM 201.796875 1765334310.4335
CHLD 71441 6.203125 1765334310.4369
CHLD 71442 265.296875 1765334310.4369
CHLD 71451 645.078125 1765334310.4369
CHLD 71452 684.546875 1765334310.4369
CHLD 71453 678.062500 1765334310.4369
MEM 201.796875 1765334310.5420
CHLD 71441 6.203125 1765334310.5454
CHLD 71442 265.296875 1765334310.5454
CHLD 71451 645.078125 1765334310.5454
CHLD 71452 684.546875 1765334310.5454
CHLD 71453 678.062500 1765334310.5454
MEM 201.796875 1765334310.6505
CHLD 71441 6.203125 1765334310.6540
CHLD 71442 265.296875 1765334310.6540
CHLD 71451 645.078125 1765334310.6540
CHLD 71452 684.546875 1765334310.6540
CHLD 71453 678.062500 1765334310.6540
MEM 201.796875 1765334310.7591
CHLD 71441 6.203125 1765334310.7624
CHLD 71442 265.296875 1765334310.7624
CHLD 71451 645.078125 1765334310.7625
CHLD 71452 684.546875 1765334310.7625
CHLD 71453 678.062500 1765334310.7625
MEM 201.796875 1765334310.8631
CHLD 71441 6.203125 1765334310.8667
CHLD 71442 265.296875 1765334310.8667
CHLD 71451 645.078125 1765334310.8667
CHLD 71452 684.546875 1765334310.8667
CHLD 71453 678.062500 1765334310.8667
MEM 201.796875 1765334310.9713
CHLD 71441 6.203125 1765334310.9744
CHLD 71442 265.296875 1765334310.9744
CHLD 71451 645.078125 1765334310.9744
CHLD 71452 684.546875 1765334310.9744
CHLD 71453 678.062500 1765334310.9744
MEM 201.796875 1765334311.0795
CHLD 71441 6.203125 1765334311.0828
CHLD 71442 265.296875 1765334311.0828
CHLD 71451 645.078125 1765334311.0828
CHLD 71452 684.546875 1765334311.0828
CHLD 71453 678.062500 1765334311.0828
MEM 201.796875 1765334311.1879
CHLD 71441 6.203125 1765334311.1911
CHLD 71442 265.296875 1765334311.1911
CHLD 71451 645.078125 1765334311.1911
CHLD 71452 684.546875 1765334311.1911
CHLD 71453 678.062500 1765334311.1911
MEM 201.796875 1765334311.2962
CHLD 71441 6.203125 1765334311.2995
CHLD 71442 265.296875 1765334311.2995
CHLD 71451 645.078125 1765334311.2995
CHLD 71452 684.546875 1765334311.2995
CHLD 71453 678.062500 1765334311.2995
MEM 201.796875 1765334311.4046
CHLD 71441 6.203125 1765334311.4079
CHLD 71442 265.296875 1765334311.4079
CHLD 71451 645.078125 1765334311.4079
CHLD 71452 684.546875 1765334311.4080
CHLD 71453 678.062500 1765334311.4080
MEM 201.796875 1765334311.5130
CHLD 71441 6.203125 1765334311.5161
CHLD 71442 265.296875 1765334311.5161
CHLD 71451 645.078125 1765334311.5161
CHLD 71452 684.546875 1765334311.5161
CHLD 71453 678.062500 1765334311.5161
MEM 201.796875 1765334311.6212
CHLD 71441 6.203125 1765334311.6245
CHLD 71442 265.296875 1765334311.6245
CHLD 71451 645.078125 1765334311.6245
CHLD 71452 684.546875 1765334311.6245
CHLD 71453 678.062500 1765334311.6245
MEM 201.796875 1765334311.7295
CHLD 71441 6.203125 1765334311.7327
CHLD 71442 265.296875 1765334311.7327
CHLD 71451 645.078125 1765334311.7327
CHLD 71452 684.546875 1765334311.7327
CHLD 71453 678.062500 1765334311.7327
MEM 201.796875 1765334311.8378
CHLD 71441 6.203125 1765334311.8410
CHLD 71442 265.296875 1765334311.8410
CHLD 71451 645.078125 1765334311.8411
CHLD 71452 684.546875 1765334311.8411
CHLD 71453 678.062500 1765334311.8411
MEM 201.796875 1765334311.9457
CHLD 71441 6.203125 1765334311.9490
CHLD 71442 265.296875 1765334311.9490
CHLD 71451 645.078125 1765334311.9490
CHLD 71452 684.546875 1765334311.9490
CHLD 71453 678.062500 1765334311.9490
MEM 201.796875 1765334312.0539
CHLD 71441 6.203125 1765334312.0575
CHLD 71442 265.296875 1765334312.0575
CHLD 71451 645.078125 1765334312.0575
CHLD 71452 684.546875 1765334312.0575
CHLD 71453 678.062500 1765334312.0575
MEM 201.796875 1765334312.1626
CHLD 71441 6.203125 1765334312.1658
CHLD 71442 265.296875 1765334312.1658
CHLD 71451 645.078125 1765334312.1658
CHLD 71452 684.546875 1765334312.1658
CHLD 71453 678.062500 1765334312.1658
MEM 201.796875 1765334312.2710
CHLD 71441 6.203125 1765334312.2740
CHLD 71442 265.296875 1765334312.2740
CHLD 71451 645.078125 1765334312.2740
CHLD 71452 684.546875 1765334312.2740
CHLD 71453 678.062500 1765334312.2740
MEM 201.796875 1765334312.3772
CHLD 71441 6.203125 1765334312.3805
CHLD 71442 265.296875 1765334312.3805
CHLD 71451 645.078125 1765334312.3805
CHLD 71452 684.546875 1765334312.3805
CHLD 71453 678.062500 1765334312.3805
MEM 201.796875 1765334312.4856
CHLD 71441 6.203125 1765334312.4887
CHLD 71442 265.296875 1765334312.4887
CHLD 71451 645.078125 1765334312.4887
CHLD 71452 684.546875 1765334312.4887
CHLD 71453 678.062500 1765334312.4887
MEM 201.796875 1765334312.5938
CHLD 71441 6.203125 1765334312.5969
CHLD 71442 265.296875 1765334312.5969
CHLD 71451 645.078125 1765334312.5969
CHLD 71452 684.546875 1765334312.5969
CHLD 71453 678.062500 1765334312.5970
MEM 201.796875 1765334312.7020
CHLD 71441 6.203125 1765334312.7051
CHLD 71442 265.296875 1765334312.7051
CHLD 71451 645.078125 1765334312.7051
CHLD 71452 684.546875 1765334312.7051
CHLD 71453 678.062500 1765334312.7051
MEM 201.796875 1765334312.8101
CHLD 71441 6.203125 1765334312.8132
CHLD 71442 265.296875 1765334312.8132
CHLD 71451 645.078125 1765334312.8132
CHLD 71452 684.546875 1765334312.8132
CHLD 71453 678.062500 1765334312.8132
MEM 201.796875 1765334312.9183
CHLD 71441 6.203125 1765334312.9213
CHLD 71442 265.296875 1765334312.9213
CHLD 71451 645.078125 1765334312.9213
CHLD 71452 684.546875 1765334312.9213
CHLD 71453 678.062500 1765334312.9213
MEM 201.796875 1765334313.0264
CHLD 71441 6.203125 1765334313.0294
CHLD 71442 265.296875 1765334313.0295
CHLD 71451 645.078125 1765334313.0295
CHLD 71452 684.546875 1765334313.0295
CHLD 71453 678.062500 1765334313.0295
MEM 201.796875 1765334313.1345
CHLD 71441 6.203125 1765334313.1375
CHLD 71442 265.296875 1765334313.1376
CHLD 71451 645.078125 1765334313.1376
CHLD 71452 684.546875 1765334313.1376
CHLD 71453 678.062500 1765334313.1376
MEM 201.796875 1765334313.2426
CHLD 71441 6.203125 1765334313.2457
CHLD 71442 265.296875 1765334313.2457
CHLD 71451 645.078125 1765334313.2457
CHLD 71452 684.546875 1765334313.2457
CHLD 71453 678.062500 1765334313.2457
MEM 201.796875 1765334313.3507
CHLD 71441 6.203125 1765334313.3538
CHLD 71442 265.296875 1765334313.3538
CHLD 71451 645.078125 1765334313.3538
CHLD 71452 684.546875 1765334313.3538
CHLD 71453 678.062500 1765334313.3538
MEM 201.796875 1765334313.4589
CHLD 71441 6.203125 1765334313.4620
CHLD 71442 265.296875 1765334313.4620
CHLD 71451 645.078125 1765334313.4620
CHLD 71452 684.546875 1765334313.4620
CHLD 71453 678.062500 1765334313.4620
MEM 201.796875 1765334313.5646
CHLD 71441 6.203125 1765334313.5677
CHLD 71442 265.296875 1765334313.5677
CHLD 71451 645.078125 1765334313.5677
CHLD 71452 684.546875 1765334313.5677
CHLD 71453 678.062500 1765334313.5677
MEM 201.796875 1765334313.6727
CHLD 71441 6.203125 1765334313.6758
CHLD 71442 265.296875 1765334313.6758
CHLD 71451 645.078125 1765334313.6758
CHLD 71452 684.546875 1765334313.6758
CHLD 71453 678.062500 1765334313.6758
MEM 201.796875 1765334313.7764
CHLD 71441 6.203125 1765334313.7796
CHLD 71442 265.296875 1765334313.7796
CHLD 71451 645.078125 1765334313.7796
CHLD 71452 684.546875 1765334313.7797
CHLD 71453 678.062500 1765334313.7797
MEM 201.796875 1765334313.8832
CHLD 71441 6.203125 1765334313.8865
CHLD 71442 265.296875 1765334313.8865
CHLD 71451 645.078125 1765334313.8865
CHLD 71452 684.546875 1765334313.8865
CHLD 71453 678.062500 1765334313.8865
MEM 201.796875 1765334313.9915
CHLD 71441 6.203125 1765334313.9948
CHLD 71442 265.296875 1765334313.9948
CHLD 71451 645.078125 1765334313.9948
CHLD 71452 684.546875 1765334313.9948
CHLD 71453 678.062500 1765334313.9948
MEM 201.796875 1765334314.0999
CHLD 71441 6.203125 1765334314.1031
CHLD 71442 265.296875 1765334314.1031
CHLD 71451 645.078125 1765334314.1032
CHLD 71452 684.546875 1765334314.1032
CHLD 71453 678.062500 1765334314.1032
MEM 201.796875 1765334314.2082
CHLD 71441 6.203125 1765334314.2115
CHLD 71442 265.296875 1765334314.2115
CHLD 71451 645.078125 1765334314.2115
CHLD 71452 684.546875 1765334314.2115
CHLD 71453 678.062500 1765334314.2116
MEM 201.796875 1765334314.3166
CHLD 71441 6.203125 1765334314.3200
CHLD 71442 265.296875 1765334314.3200
CHLD 71451 645.078125 1765334314.3200
CHLD 71452 684.546875 1765334314.3200
CHLD 71453 678.062500 1765334314.3200
MEM 201.796875 1765334314.4251
CHLD 71441 6.203125 1765334314.4284
CHLD 71442 265.296875 1765334314.4284
CHLD 71451 645.078125 1765334314.4284
CHLD 71452 684.546875 1765334314.4284
CHLD 71453 678.062500 1765334314.4284
MEM 201.796875 1765334314.5335
CHLD 71441 6.203125 1765334314.5367
CHLD 71442 265.296875 1765334314.5367
CHLD 71451 645.078125 1765334314.5367
CHLD 71452 684.546875 1765334314.5368
CHLD 71453 678.062500 1765334314.5368
MEM 201.796875 1765334314.6415
CHLD 71441 6.203125 1765334314.6449
CHLD 71442 265.296875 1765334314.6449
CHLD 71451 645.078125 1765334314.6449
CHLD 71452 684.546875 1765334314.6449
CHLD 71453 678.062500 1765334314.6449
MEM 201.796875 1765334314.7500
CHLD 71441 6.203125 1765334314.7536
CHLD 71442 265.296875 1765334314.7536
CHLD 71451 645.078125 1765334314.7536
CHLD 71452 684.546875 1765334314.7536
CHLD 71453 678.062500 1765334314.7536
MEM 201.796875 1765334314.8588
CHLD 71441 6.203125 1765334314.8622
CHLD 71442 265.296875 1765334314.8623
CHLD 71451 645.078125 1765334314.8623
CHLD 71452 684.546875 1765334314.8623
CHLD 71453 678.062500 1765334314.8623
MEM 201.812500 1765334314.9640
CHLD 71441 6.203125 1765334314.9677
CHLD 71442 265.296875 1765334314.9677
CHLD 71451 645.078125 1765334314.9677
CHLD 71452 684.546875 1765334314.9677
CHLD 71453 678.062500 1765334314.9677
MEM 201.875000 1765334315.0703
CHLD 71441 6.203125 1765334315.0740
CHLD 71442 265.390625 1765334315.0741
CHLD 71451 645.078125 1765334315.0741
CHLD 71452 684.656250 1765334315.0741
CHLD 71453 678.125000 1765334315.0741
MEM 201.875000 1765334315.1792
CHLD 71441 6.203125 1765334315.1826
CHLD 71442 265.390625 1765334315.1826
CHLD 71451 645.078125 1765334315.1826
CHLD 71452 684.656250 1765334315.1826
CHLD 71453 678.125000 1765334315.1826
MEM 201.875000 1765334315.2877
CHLD 71441 6.203125 1765334315.2912
CHLD 71442 265.390625 1765334315.2912
CHLD 71451 645.078125 1765334315.2912
CHLD 71452 684.656250 1765334315.2912
CHLD 71453 678.125000 1765334315.2912
MEM 201.875000 1765334315.3939
CHLD 71441 6.203125 1765334315.3973
CHLD 71442 265.390625 1765334315.3973
CHLD 71451 645.078125 1765334315.3974
CHLD 71452 684.656250 1765334315.3974
CHLD 71453 678.125000 1765334315.3974
MEM 201.875000 1765334315.5006
CHLD 71441 6.203125 1765334315.5041
CHLD 71442 265.390625 1765334315.5041
CHLD 71451 645.078125 1765334315.5041
CHLD 71452 684.656250 1765334315.5041
CHLD 71453 678.125000 1765334315.5041
MEM 201.875000 1765334315.6093
CHLD 71441 6.203125 1765334315.6126
CHLD 71442 265.390625 1765334315.6126
CHLD 71451 645.078125 1765334315.6126
CHLD 71452 684.656250 1765334315.6126
CHLD 71453 678.125000 1765334315.6126
MEM 201.875000 1765334315.7177
CHLD 71441 6.203125 1765334315.7210
CHLD 71442 265.390625 1765334315.7211
CHLD 71451 645.078125 1765334315.7211
CHLD 71452 684.656250 1765334315.7211
CHLD 71453 678.125000 1765334315.7211
MEM 201.937500 1765334315.8230
CHLD 71441 6.203125 1765334315.8265
CHLD 71442 265.390625 1765334315.8265
CHLD 71451 645.078125 1765334315.8265
CHLD 71452 684.671875 1765334315.8265
CHLD 71453 678.125000 1765334315.8265
MEM 202.000000 1765334315.9315
CHLD 71441 6.203125 1765334315.9352
CHLD 71442 265.484375 1765334315.9352
CHLD 71451 645.109375 1765334315.9352
CHLD 71452 684.765625 1765334315.9352
CHLD 71453 678.203125 1765334315.9352
MEM 202.000000 1765334316.0403
CHLD 71441 6.203125 1765334316.0436
CHLD 71442 265.484375 1765334316.0436
CHLD 71451 646.421875 1765334316.0436
CHLD 71452 684.765625 1765334316.0436
CHLD 71453 678.203125 1765334316.0436
MEM 202.000000 1765334316.1459
CHLD 71441 6.203125 1765334316.1497
CHLD 71442 265.484375 1765334316.1497
CHLD 71451 646.421875 1765334316.1497
CHLD 71452 684.765625 1765334316.1497
CHLD 71453 678.203125 1765334316.1497
MEM 202.000000 1765334316.2548
CHLD 71441 6.203125 1765334316.2590
CHLD 71442 265.484375 1765334316.2590
CHLD 71451 646.421875 1765334316.2598
CHLD 71452 684.765625 1765334316.2598
CHLD 71453 678.203125 1765334316.2599
MEM 202.000000 1765334316.3610
CHLD 71441 6.203125 1765334316.3645
CHLD 71442 265.484375 1765334316.3645
CHLD 71451 646.421875 1765334316.3645
CHLD 71452 684.765625 1765334316.3645
CHLD 71453 678.203125 1765334316.3645
MEM 202.000000 1765334316.4683
CHLD 71441 6.203125 1765334316.4716
CHLD 71442 265.484375 1765334316.4716
CHLD 71451 646.421875 1765334316.4716
CHLD 71452 684.765625 1765334316.4716
CHLD 71453 678.203125 1765334316.4716
MEM 202.000000 1765334316.5755
CHLD 71441 6.203125 1765334316.5787
CHLD 71442 265.484375 1765334316.5787
CHLD 71451 646.421875 1765334316.5787
CHLD 71452 684.765625 1765334316.5787
CHLD 71453 678.203125 1765334316.5787
MEM 202.000000 1765334316.6838
CHLD 71441 6.203125 1765334316.6869
CHLD 71442 265.484375 1765334316.6869
CHLD 71451 646.421875 1765334316.6869
CHLD 71452 684.765625 1765334316.6869
CHLD 71453 678.203125 1765334316.6869
MEM 202.000000 1765334316.7920
CHLD 71441 6.203125 1765334316.7951
CHLD 71442 265.484375 1765334316.7951
CHLD 71451 646.421875 1765334316.7952
CHLD 71452 684.765625 1765334316.7952
CHLD 71453 678.203125 1765334316.7952
MEM 202.000000 1765334316.8969
CHLD 71441 6.203125 1765334316.9019
CHLD 71442 265.484375 1765334316.9019
CHLD 71451 646.421875 1765334316.9019
CHLD 71452 684.765625 1765334316.9019
CHLD 71453 678.203125 1765334316.9019
MEM 202.000000 1765334317.0070
CHLD 71441 6.203125 1765334317.0121
CHLD 71442 265.484375 1765334317.0121
CHLD 71451 646.421875 1765334317.0121
CHLD 71452 684.765625 1765334317.0121
CHLD 71453 678.203125 1765334317.0121
MEM 202.000000 1765334317.1172
CHLD 71441 6.203125 1765334317.1224
CHLD 71442 265.484375 1765334317.1224
CHLD 71451 646.421875 1765334317.1224
CHLD 71452 684.765625 1765334317.1224
CHLD 71453 678.203125 1765334317.1224
MEM 202.000000 1765334317.2275
CHLD 71441 6.203125 1765334317.2318
CHLD 71442 265.484375 1765334317.2318
CHLD 71451 646.421875 1765334317.2319
CHLD 71452 684.765625 1765334317.2319
CHLD 71453 678.203125 1765334317.2319
MEM 202.000000 1765334317.3356
CHLD 71441 6.203125 1765334317.3407
CHLD 71442 265.484375 1765334317.3407
CHLD 71451 646.421875 1765334317.3407
CHLD 71452 684.765625 1765334317.3407
CHLD 71453 678.203125 1765334317.3407
MEM 202.000000 1765334317.4458
CHLD 71441 6.203125 1765334317.4513
CHLD 71442 265.484375 1765334317.4513
CHLD 71451 646.421875 1765334317.4514
CHLD 71452 684.765625 1765334317.4514
CHLD 71453 678.203125 1765334317.4514
MEM 202.000000 1765334317.5564
CHLD 71441 6.203125 1765334317.5601
CHLD 71442 265.484375 1765334317.5601
CHLD 71451 646.421875 1765334317.5602
CHLD 71452 684.765625 1765334317.5602
CHLD 71453 678.203125 1765334317.5602
MEM 202.000000 1765334317.6605
CHLD 71441 6.203125 1765334317.6658
CHLD 71442 265.484375 1765334317.6658
CHLD 71451 646.421875 1765334317.6658
CHLD 71452 684.765625 1765334317.6658
CHLD 71453 678.203125 1765334317.6658
MEM 202.000000 1765334317.7709
CHLD 71441 6.203125 1765334317.7760
CHLD 71442 265.484375 1765334317.7760
CHLD 71451 646.421875 1765334317.7760
CHLD 71452 684.765625 1765334317.7760
CHLD 71453 678.203125 1765334317.7760
MEM 202.000000 1765334317.8810
CHLD 71441 6.203125 1765334317.8843
CHLD 71442 265.484375 1765334317.8843
CHLD 71451 646.421875 1765334317.8843
CHLD 71452 684.765625 1765334317.8843
CHLD 71453 678.203125 1765334317.8843
MEM 202.000000 1765334317.9894
CHLD 71441 6.203125 1765334317.9925
CHLD 71442 265.484375 1765334317.9925
CHLD 71451 646.421875 1765334317.9925
CHLD 71452 684.765625 1765334317.9925
CHLD 71453 678.203125 1765334317.9925
MEM 202.000000 1765334318.0975
CHLD 71441 6.203125 1765334318.1006
CHLD 71442 265.484375 1765334318.1006
CHLD 71451 646.421875 1765334318.1006
CHLD 71452 684.765625 1765334318.1006
CHLD 71453 678.203125 1765334318.1006
MEM 202.000000 1765334318.2057
CHLD 71441 6.203125 1765334318.2087
CHLD 71442 265.484375 1765334318.2087
CHLD 71451 646.421875 1765334318.2087
CHLD 71452 684.765625 1765334318.2087
CHLD 71453 678.203125 1765334318.2087
MEM 202.000000 1765334318.3138
CHLD 71441 6.203125 1765334318.3172
CHLD 71442 265.484375 1765334318.3172
CHLD 71451 646.421875 1765334318.3172
CHLD 71452 684.765625 1765334318.3172
CHLD 71453 678.203125 1765334318.3172
MEM 202.000000 1765334318.4222
CHLD 71441 6.203125 1765334318.4255
CHLD 71442 265.484375 1765334318.4256
CHLD 71451 646.421875 1765334318.4256
CHLD 71452 684.765625 1765334318.4256
CHLD 71453 678.203125 1765334318.4256
MEM 202.000000 1765334318.5306
CHLD 71441 6.203125 1765334318.5339
CHLD 71442 265.484375 1765334318.5339
CHLD 71451 646.421875 1765334318.5339
CHLD 71452 684.765625 1765334318.5339
CHLD 71453 678.203125 1765334318.5340
MEM 202.000000 1765334318.6390
CHLD 71441 6.203125 1765334318.6421
CHLD 71442 265.484375 1765334318.6421
CHLD 71451 646.421875 1765334318.6421
CHLD 71452 684.765625 1765334318.6421
CHLD 71453 678.203125 1765334318.6421
MEM 202.000000 1765334318.7472
CHLD 71441 6.203125 1765334318.7503
CHLD 71442 265.484375 1765334318.7503
CHLD 71451 646.421875 1765334318.7503
CHLD 71452 684.765625 1765334318.7503
CHLD 71453 678.203125 1765334318.7503
MEM 202.000000 1765334318.8554
CHLD 71441 6.203125 1765334318.8586
CHLD 71442 265.484375 1765334318.8586
CHLD 71451 646.421875 1765334318.8586
CHLD 71452 684.765625 1765334318.8586
CHLD 71453 678.203125 1765334318.8586
MEM 202.000000 1765334318.9637
CHLD 71441 6.203125 1765334318.9670
CHLD 71442 265.484375 1765334318.9670
CHLD 71451 646.421875 1765334318.9670
CHLD 71452 684.765625 1765334318.9670
CHLD 71453 678.203125 1765334318.9670
MEM 202.000000 1765334319.0721
CHLD 71441 6.203125 1765334319.0754
CHLD 71442 265.484375 1765334319.0754
CHLD 71451 646.421875 1765334319.0755
CHLD 71452 684.765625 1765334319.0755
CHLD 71453 678.203125 1765334319.0755
MEM 202.000000 1765334319.1805
CHLD 71441 6.203125 1765334319.1839
CHLD 71442 265.484375 1765334319.1839
CHLD 71451 646.421875 1765334319.1839
CHLD 71452 684.765625 1765334319.1839
CHLD 71453 678.203125 1765334319.1839
MEM 202.000000 1765334319.2890
CHLD 71441 6.203125 1765334319.2923
CHLD 71442 265.484375 1765334319.2923
CHLD 71451 646.421875 1765334319.2923
CHLD 71452 684.765625 1765334319.2923
CHLD 71453 678.203125 1765334319.2923
MEM 202.000000 1765334319.3960
CHLD 71441 6.203125 1765334319.3994
CHLD 71442 265.484375 1765334319.3994
CHLD 71451 646.421875 1765334319.3994
CHLD 71452 684.765625 1765334319.3994
CHLD 71453 678.203125 1765334319.3994
MEM 202.000000 1765334319.5045
CHLD 71441 6.203125 1765334319.5080
CHLD 71442 265.484375 1765334319.5080
CHLD 71451 646.421875 1765334319.5080
CHLD 71452 684.765625 1765334319.5081
CHLD 71453 678.203125 1765334319.5081
MEM 202.000000 1765334319.6131
CHLD 71441 6.203125 1765334319.6165
CHLD 71442 265.484375 1765334319.6165
CHLD 71451 646.421875 1765334319.6165
CHLD 71452 684.765625 1765334319.6165
CHLD 71453 678.203125 1765334319.6165
MEM 202.000000 1765334319.7217
CHLD 71441 6.203125 1765334319.7251
CHLD 71442 265.484375 1765334319.7251
CHLD 71451 646.421875 1765334319.7251
CHLD 71452 684.765625 1765334319.7251
CHLD 71453 678.203125 1765334319.7251
MEM 202.000000 1765334319.8302
CHLD 71441 6.203125 1765334319.8337
CHLD 71442 265.484375 1765334319.8337
CHLD 71451 646.421875 1765334319.8337
CHLD 71452 684.765625 1765334319.8337
CHLD 71453 678.203125 1765334319.8337
MEM 202.000000 1765334319.9339
CHLD 71441 6.203125 1765334319.9375
CHLD 71442 265.484375 1765334319.9375
CHLD 71451 646.421875 1765334319.9375
CHLD 71452 684.765625 1765334319.9375
CHLD 71453 678.203125 1765334319.9375
MEM 202.000000 1765334320.0392
CHLD 71441 6.203125 1765334320.0424
CHLD 71442 265.484375 1765334320.0425
CHLD 71451 646.421875 1765334320.0425
CHLD 71452 684.765625 1765334320.0425
CHLD 71453 678.203125 1765334320.0425
MEM 202.000000 1765334320.1475
CHLD 71441 6.203125 1765334320.1511
CHLD 71442 265.484375 1765334320.1511
CHLD 71451 646.421875 1765334320.1511
CHLD 71452 684.765625 1765334320.1511
CHLD 71453 678.203125 1765334320.1511
MEM 202.000000 1765334320.2561
CHLD 71441 6.203125 1765334320.2600
CHLD 71442 265.484375 1765334320.2601
CHLD 71451 646.421875 1765334320.2601
CHLD 71452 684.765625 1765334320.2601
CHLD 71453 678.203125 1765334320.2601
MEM 202.000000 1765334320.3651
CHLD 71441 6.203125 1765334320.3684
CHLD 71442 265.484375 1765334320.3684
CHLD 71451 646.421875 1765334320.3684
CHLD 71452 684.765625 1765334320.3684
CHLD 71453 678.203125 1765334320.3684
MEM 202.000000 1765334320.4735
CHLD 71441 6.203125 1765334320.4769
CHLD 71442 265.484375 1765334320.4769
CHLD 71451 646.421875 1765334320.4769
CHLD 71452 684.765625 1765334320.4769
CHLD 71453 678.203125 1765334320.4769
MEM 202.000000 1765334320.5820
CHLD 71441 6.203125 1765334320.5854
CHLD 71442 265.484375 1765334320.5854
CHLD 71451 646.421875 1765334320.5854
CHLD 71452 684.765625 1765334320.5854
CHLD 71453 678.203125 1765334320.5854
MEM 202.000000 1765334320.6905
CHLD 71441 6.203125 1765334320.6940
CHLD 71442 265.484375 1765334320.6940
CHLD 71451 646.421875 1765334320.6940
CHLD 71452 684.765625 1765334320.6940
CHLD 71453 678.203125 1765334320.6940
MEM 202.000000 1765334320.7990
CHLD 71441 6.203125 1765334320.8024
CHLD 71442 265.484375 1765334320.8024
CHLD 71451 646.421875 1765334320.8024
CHLD 71452 684.765625 1765334320.8024
CHLD 71453 678.203125 1765334320.8024
MEM 202.000000 1765334320.9075
CHLD 71441 6.203125 1765334320.9109
CHLD 71442 265.484375 1765334320.9109
CHLD 71451 646.421875 1765334320.9109
CHLD 71452 684.765625 1765334320.9109
CHLD 71453 678.203125 1765334320.9109
MEM 202.000000 1765334321.0152
CHLD 71441 6.203125 1765334321.0183
CHLD 71442 265.484375 1765334321.0183
CHLD 71451 646.421875 1765334321.0183
CHLD 71452 684.765625 1765334321.0183
CHLD 71453 678.203125 1765334321.0183
MEM 202.000000 1765334321.1234
CHLD 71441 6.203125 1765334321.1268
CHLD 71442 265.484375 1765334321.1268
CHLD 71451 646.421875 1765334321.1268
CHLD 71452 684.765625 1765334321.1268
CHLD 71453 678.203125 1765334321.1268
MEM 202.000000 1765334321.2318
CHLD 71441 6.203125 1765334321.2351
CHLD 71442 265.484375 1765334321.2351
CHLD 71451 646.421875 1765334321.2352
CHLD 71452 684.765625 1765334321.2352
CHLD 71453 678.203125 1765334321.2352
MEM 202.000000 1765334321.3402
CHLD 71441 6.203125 1765334321.3435
CHLD 71442 265.484375 1765334321.3435
CHLD 71451 646.421875 1765334321.3435
CHLD 71452 684.765625 1765334321.3435
CHLD 71453 678.203125 1765334321.3435
MEM 202.000000 1765334321.4486
CHLD 71441 6.203125 1765334321.4519
CHLD 71442 265.484375 1765334321.4519
CHLD 71451 646.421875 1765334321.4519
CHLD 71452 684.765625 1765334321.4519
CHLD 71453 678.203125 1765334321.4519
MEM 202.000000 1765334321.5570
CHLD 71441 6.203125 1765334321.5602
CHLD 71442 265.484375 1765334321.5602
CHLD 71451 646.421875 1765334321.5603
CHLD 71452 684.765625 1765334321.5603
CHLD 71453 678.203125 1765334321.5603
MEM 202.000000 1765334321.6653
CHLD 71441 6.203125 1765334321.6686
CHLD 71442 265.484375 1765334321.6686
CHLD 71451 646.421875 1765334321.6687
CHLD 71452 684.765625 1765334321.6687
CHLD 71453 678.203125 1765334321.6687
MEM 202.000000 1765334321.7737
CHLD 71441 6.203125 1765334321.7770
CHLD 71442 265.484375 1765334321.7770
CHLD 71451 646.421875 1765334321.7771
CHLD 71452 684.765625 1765334321.7771
CHLD 71453 678.203125 1765334321.7771
MEM 202.000000 1765334321.8822
CHLD 71441 6.203125 1765334321.8855
CHLD 71442 265.484375 1765334321.8855
CHLD 71451 646.421875 1765334321.8855
CHLD 71452 684.765625 1765334321.8855
CHLD 71453 678.203125 1765334321.8855
MEM 202.000000 1765334321.9905
CHLD 71441 6.203125 1765334321.9936
CHLD 71442 265.484375 1765334321.9936
CHLD 71451 646.421875 1765334321.9936
CHLD 71452 684.765625 1765334321.9936
CHLD 71453 678.203125 1765334321.9936
MEM 202.000000 1765334322.0987
CHLD 71441 6.203125 1765334322.1017
CHLD 71442 265.484375 1765334322.1017
CHLD 71451 646.421875 1765334322.1017
CHLD 71452 684.765625 1765334322.1017
CHLD 71453 678.203125 1765334322.1017
MEM 202.000000 1765334322.2068
CHLD 71441 6.203125 1765334322.2098
CHLD 71442 265.484375 1765334322.2098
CHLD 71451 646.421875 1765334322.2099
CHLD 71452 684.765625 1765334322.2099
CHLD 71453 678.203125 1765334322.2099
MEM 202.000000 1765334322.3149
CHLD 71441 6.203125 1765334322.3181
CHLD 71442 265.484375 1765334322.3181
CHLD 71451 646.421875 1765334322.3181
CHLD 71452 684.765625 1765334322.3181
CHLD 71453 678.203125 1765334322.3181
MEM 202.000000 1765334322.4232
CHLD 71441 6.203125 1765334322.4264
CHLD 71442 265.484375 1765334322.4265
CHLD 71451 646.421875 1765334322.4265
CHLD 71452 684.765625 1765334322.4265
CHLD 71453 678.203125 1765334322.4265
MEM 202.000000 1765334322.5316
CHLD 71441 6.203125 1765334322.5348
CHLD 71442 265.484375 1765334322.5348
CHLD 71451 646.421875 1765334322.5348
CHLD 71452 684.765625 1765334322.5348
CHLD 71453 678.203125 1765334322.5348
MEM 202.000000 1765334322.6399
CHLD 71441 6.203125 1765334322.6431
CHLD 71442 265.484375 1765334322.6431
CHLD 71451 646.421875 1765334322.6431
CHLD 71452 684.765625 1765334322.6431
CHLD 71453 678.203125 1765334322.6431
MEM 202.000000 1765334322.7482
CHLD 71441 6.203125 1765334322.7514
CHLD 71442 265.484375 1765334322.7514
CHLD 71451 646.421875 1765334322.7514
CHLD 71452 684.765625 1765334322.7514
CHLD 71453 678.203125 1765334322.7514
MEM 202.000000 1765334322.8565
CHLD 71441 6.203125 1765334322.8597
CHLD 71442 265.484375 1765334322.8597
CHLD 71451 646.421875 1765334322.8597
CHLD 71452 684.765625 1765334322.8597
CHLD 71453 678.203125 1765334322.8597
MEM 202.000000 1765334322.9648
CHLD 71441 6.203125 1765334322.9681
CHLD 71442 265.484375 1765334322.9681
CHLD 71451 646.421875 1765334322.9681
CHLD 71452 684.765625 1765334322.9681
CHLD 71453 678.203125 1765334322.9681
MEM 202.000000 1765334323.0715
CHLD 71441 6.203125 1765334323.0748
CHLD 71442 265.484375 1765334323.0748
CHLD 71451 646.421875 1765334323.0748
CHLD 71452 684.765625 1765334323.0748
CHLD 71453 678.203125 1765334323.0748
MEM 202.000000 1765334323.1799
CHLD 71441 6.203125 1765334323.1833
CHLD 71442 265.484375 1765334323.1833
CHLD 71451 646.421875 1765334323.1833
CHLD 71452 684.765625 1765334323.1833
CHLD 71453 678.203125 1765334323.1833
MEM 202.000000 1765334323.2873
CHLD 71441 6.203125 1765334323.2908
CHLD 71442 265.484375 1765334323.2908
CHLD 71451 646.421875 1765334323.2908
CHLD 71452 684.765625 1765334323.2908
CHLD 71453 678.203125 1765334323.2908
MEM 202.000000 1765334323.3923
CHLD 71441 6.203125 1765334323.3958
CHLD 71442 265.484375 1765334323.3958
CHLD 71451 646.421875 1765334323.3958
CHLD 71452 684.765625 1765334323.3958
CHLD 71453 678.203125 1765334323.3958
MEM 202.000000 1765334323.5009
CHLD 71441 6.203125 1765334323.5043
CHLD 71442 265.484375 1765334323.5043
CHLD 71451 646.421875 1765334323.5043
CHLD 71452 684.765625 1765334323.5043
CHLD 71453 678.203125 1765334323.5043
MEM 202.000000 1765334323.6072
CHLD 71441 6.203125 1765334323.6107
CHLD 71442 265.484375 1765334323.6107
CHLD 71451 646.421875 1765334323.6107
CHLD 71452 684.765625 1765334323.6107
CHLD 71453 678.203125 1765334323.6107
MEM 202.000000 1765334323.7157
CHLD 71441 6.203125 1765334323.7190
CHLD 71442 265.484375 1765334323.7190
CHLD 71451 646.421875 1765334323.7190
CHLD 71452 684.765625 1765334323.7190
CHLD 71453 678.203125 1765334323.7190
MEM 202.000000 1765334323.8241
CHLD 71441 6.203125 1765334323.8275
CHLD 71442 265.484375 1765334323.8275
CHLD 71451 646.421875 1765334323.8275
CHLD 71452 684.765625 1765334323.8275
CHLD 71453 678.203125 1765334323.8275
MEM 202.000000 1765334323.9326
CHLD 71441 6.203125 1765334323.9359
CHLD 71442 265.484375 1765334323.9359
CHLD 71451 646.421875 1765334323.9359
CHLD 71452 684.765625 1765334323.9359
CHLD 71453 678.203125 1765334323.9359
MEM 202.000000 1765334324.0409
CHLD 71441 6.203125 1765334324.0442
CHLD 71442 265.484375 1765334324.0442
CHLD 71451 646.421875 1765334324.0442
CHLD 71452 684.765625 1765334324.0442
CHLD 71453 678.203125 1765334324.0442
MEM 202.000000 1765334324.1493
CHLD 71441 6.203125 1765334324.1526
CHLD 71442 265.484375 1765334324.1526
CHLD 71451 646.421875 1765334324.1526
CHLD 71452 684.765625 1765334324.1526
CHLD 71453 678.203125 1765334324.1526
MEM 202.000000 1765334324.2577
CHLD 71441 6.203125 1765334324.2617
CHLD 71442 265.484375 1765334324.2617
CHLD 71451 646.421875 1765334324.2617
CHLD 71452 684.765625 1765334324.2617
CHLD 71453 678.203125 1765334324.2617
MEM 202.000000 1765334324.3668
CHLD 71441 6.203125 1765334324.3701
CHLD 71442 265.484375 1765334324.3701
CHLD 71451 646.421875 1765334324.3701
CHLD 71452 684.765625 1765334324.3701
CHLD 71453 678.203125 1765334324.3701
MEM 202.000000 1765334324.4752
CHLD 71441 6.203125 1765334324.4786
CHLD 71442 265.484375 1765334324.4786
CHLD 71451 646.421875 1765334324.4786
CHLD 71452 684.765625 1765334324.4786
CHLD 71453 678.203125 1765334324.4786
MEM 202.000000 1765334324.5837
CHLD 71441 6.203125 1765334324.5870
CHLD 71442 265.484375 1765334324.5870
CHLD 71451 646.421875 1765334324.5870
CHLD 71452 684.765625 1765334324.5870
CHLD 71453 678.203125 1765334324.5870
MEM 202.000000 1765334324.6921
CHLD 71441 6.203125 1765334324.6954
CHLD 71442 265.484375 1765334324.6954
CHLD 71451 646.421875 1765334324.6954
CHLD 71452 684.765625 1765334324.6954
CHLD 71453 678.203125 1765334324.6954
MEM 202.000000 1765334324.8005
CHLD 71441 6.203125 1765334324.8038
CHLD 71442 265.484375 1765334324.8038
CHLD 71451 646.421875 1765334324.8038
CHLD 71452 684.765625 1765334324.8038
CHLD 71453 678.203125 1765334324.8038
MEM 202.000000 1765334324.9089
CHLD 71441 6.203125 1765334324.9121
CHLD 71442 265.484375 1765334324.9121
CHLD 71451 646.421875 1765334324.9121
CHLD 71452 684.765625 1765334324.9121
CHLD 71453 678.203125 1765334324.9121
MEM 202.000000 1765334325.0172
CHLD 71441 6.203125 1765334325.0205
CHLD 71442 265.484375 1765334325.0205
CHLD 71451 646.421875 1765334325.0205
CHLD 71452 684.765625 1765334325.0205
CHLD 71453 678.203125 1765334325.0205
MEM 202.000000 1765334325.1256
CHLD 71441 6.203125 1765334325.1289
CHLD 71442 265.484375 1765334325.1289
CHLD 71451 646.421875 1765334325.1289
CHLD 71452 684.765625 1765334325.1289
CHLD 71453 678.203125 1765334325.1289
MEM 202.000000 1765334325.2340
CHLD 71441 6.203125 1765334325.2373
CHLD 71442 265.484375 1765334325.2373
CHLD 71451 646.421875 1765334325.2373
CHLD 71452 684.765625 1765334325.2373
CHLD 71453 678.203125 1765334325.2373
MEM 202.000000 1765334325.3424
CHLD 71441 6.203125 1765334325.3457
CHLD 71442 265.484375 1765334325.3457
CHLD 71451 646.421875 1765334325.3457
CHLD 71452 684.765625 1765334325.3457
CHLD 71453 678.203125 1765334325.3457
MEM 202.000000 1765334325.4509
CHLD 71441 6.203125 1765334325.4543
CHLD 71442 265.484375 1765334325.4543
CHLD 71451 646.421875 1765334325.4543
CHLD 71452 684.765625 1765334325.4543
CHLD 71453 678.203125 1765334325.4543
MEM 202.000000 1765334325.5595
CHLD 71441 6.203125 1765334325.5629
CHLD 71442 265.484375 1765334325.5629
CHLD 71451 646.421875 1765334325.5629
CHLD 71452 684.765625 1765334325.5629
CHLD 71453 678.203125 1765334325.5629
MEM 202.000000 1765334325.6660
CHLD 71441 6.203125 1765334325.6694
CHLD 71442 265.484375 1765334325.6694
CHLD 71451 646.421875 1765334325.6694
CHLD 71452 684.765625 1765334325.6695
CHLD 71453 678.203125 1765334325.6695
MEM 202.000000 1765334325.7746
CHLD 71441 6.203125 1765334325.7781
CHLD 71442 265.484375 1765334325.7781
CHLD 71451 646.421875 1765334325.7781
CHLD 71452 684.765625 1765334325.7781
CHLD 71453 678.203125 1765334325.7781
MEM 202.000000 1765334325.8833
CHLD 71441 6.203125 1765334325.8870
CHLD 71442 265.484375 1765334325.8870
CHLD 71451 646.421875 1765334325.8870
CHLD 71452 684.765625 1765334325.8870
CHLD 71453 678.203125 1765334325.8870
MEM 202.000000 1765334325.9913
CHLD 71441 6.203125 1765334325.9948
CHLD 71442 265.484375 1765334325.9948
CHLD 71451 646.421875 1765334325.9948
CHLD 71452 684.765625 1765334325.9948
CHLD 71453 678.203125 1765334325.9948
MEM 202.000000 1765334326.0980
CHLD 71441 6.203125 1765334326.1014
CHLD 71442 265.484375 1765334326.1014
CHLD 71451 646.421875 1765334326.1014
CHLD 71452 684.765625 1765334326.1014
CHLD 71453 678.203125 1765334326.1014
MEM 202.000000 1765334326.2065
CHLD 71441 6.203125 1765334326.2099
CHLD 71442 265.484375 1765334326.2099
CHLD 71451 646.421875 1765334326.2099
CHLD 71452 684.765625 1765334326.2099
CHLD 71453 678.203125 1765334326.2099
MEM 202.000000 1765334326.3150
CHLD 71441 6.203125 1765334326.3188
CHLD 71442 265.484375 1765334326.3188
CHLD 71451 646.421875 1765334326.3188
CHLD 71452 684.765625 1765334326.3188
CHLD 71453 678.203125 1765334326.3188
MEM 202.000000 1765334326.4239
CHLD 71441 6.203125 1765334326.4273
CHLD 71442 265.484375 1765334326.4274
CHLD 71451 646.421875 1765334326.4274
CHLD 71452 684.765625 1765334326.4274
CHLD 71453 678.203125 1765334326.4274
MEM 202.000000 1765334326.5325
CHLD 71441 6.203125 1765334326.5359
CHLD 71442 265.484375 1765334326.5359
CHLD 71451 646.421875 1765334326.5359
CHLD 71452 684.765625 1765334326.5359
CHLD 71453 678.203125 1765334326.5359
MEM 202.000000 1765334326.6410
CHLD 71441 6.203125 1765334326.6445
CHLD 71442 265.484375 1765334326.6445
CHLD 71451 646.421875 1765334326.6445
CHLD 71452 684.765625 1765334326.6445
CHLD 71453 678.203125 1765334326.6445
MEM 202.000000 1765334326.7495
CHLD 71441 6.203125 1765334326.7528
CHLD 71442 265.484375 1765334326.7528
CHLD 71451 646.421875 1765334326.7528
CHLD 71452 684.765625 1765334326.7528
CHLD 71453 678.203125 1765334326.7528
MEM 202.000000 1765334326.8579
CHLD 71441 6.203125 1765334326.8614
CHLD 71442 265.484375 1765334326.8614
CHLD 71451 646.421875 1765334326.8614
CHLD 71452 684.765625 1765334326.8614
CHLD 71453 678.203125 1765334326.8615
MEM 202.000000 1765334326.9665
CHLD 71441 6.203125 1765334326.9700
CHLD 71442 265.484375 1765334326.9700
CHLD 71451 646.421875 1765334326.9700
CHLD 71452 684.765625 1765334326.9700
CHLD 71453 678.203125 1765334326.9700
MEM 202.000000 1765334327.0751
CHLD 71441 6.203125 1765334327.0786
CHLD 71442 265.484375 1765334327.0786
CHLD 71451 646.421875 1765334327.0786
CHLD 71452 684.765625 1765334327.0786
CHLD 71453 678.203125 1765334327.0786
MEM 202.000000 1765334327.1836
CHLD 71441 6.203125 1765334327.1871
CHLD 71442 265.484375 1765334327.1871
CHLD 71451 646.421875 1765334327.1871
CHLD 71452 684.765625 1765334327.1871
CHLD 71453 678.203125 1765334327.1871
MEM 202.000000 1765334327.2922
CHLD 71441 6.203125 1765334327.2955
CHLD 71442 265.484375 1765334327.2955
CHLD 71451 646.421875 1765334327.2956
CHLD 71452 684.765625 1765334327.2956
CHLD 71453 678.203125 1765334327.2956
MEM 202.000000 1765334327.4006
CHLD 71441 6.203125 1765334327.4040
CHLD 71442 265.484375 1765334327.4040
CHLD 71451 646.421875 1765334327.4040
CHLD 71452 684.765625 1765334327.4040
CHLD 71453 678.203125 1765334327.4040
MEM 202.000000 1765334327.5059
CHLD 71441 6.203125 1765334327.5090
CHLD 71442 265.484375 1765334327.5090
CHLD 71451 646.421875 1765334327.5090
CHLD 71452 684.765625 1765334327.5091
CHLD 71453 678.203125 1765334327.5091
MEM 202.000000 1765334327.6105
CHLD 71441 6.203125 1765334327.6176
CHLD 71442 265.484375 1765334327.6176
CHLD 71451 646.421875 1765334327.6176
CHLD 71452 684.765625 1765334327.6176
CHLD 71453 678.203125 1765334327.6176
MEM 202.000000 1765334327.7227
CHLD 71441 6.203125 1765334327.7293
CHLD 71442 265.484375 1765334327.7293
CHLD 71451 646.421875 1765334327.7293
CHLD 71452 684.765625 1765334327.7293
CHLD 71453 678.203125 1765334327.7293
MEM 202.000000 1765334327.8344
CHLD 71441 6.203125 1765334327.8406
CHLD 71442 265.484375 1765334327.8406
CHLD 71451 646.421875 1765334327.8406
CHLD 71452 684.765625 1765334327.8406
CHLD 71453 678.203125 1765334327.8406
MEM 202.000000 1765334327.9456
CHLD 71441 6.203125 1765334327.9490
CHLD 71442 265.484375 1765334327.9490
CHLD 71451 646.421875 1765334327.9490
CHLD 71452 684.765625 1765334327.9490
CHLD 71453 678.203125 1765334327.9490
MEM 202.000000 1765334328.0503
CHLD 71441 6.203125 1765334328.0545
CHLD 71442 265.484375 1765334328.0545
CHLD 71451 646.421875 1765334328.0545
CHLD 71452 684.765625 1765334328.0545
CHLD 71453 678.203125 1765334328.0546
MEM 202.000000 1765334328.1567
CHLD 71441 6.203125 1765334328.1644
CHLD 71442 265.484375 1765334328.1644
CHLD 71451 646.421875 1765334328.1644
CHLD 71452 684.765625 1765334328.1644
CHLD 71453 678.203125 1765334328.1644
MEM 202.000000 1765334328.2695
CHLD 71441 6.203125 1765334328.2774
CHLD 71442 265.484375 1765334328.2774
CHLD 71451 646.421875 1765334328.2774
CHLD 71452 684.765625 1765334328.2774
CHLD 71453 678.203125 1765334328.2774
MEM 202.000000 1765334328.3824
CHLD 71441 6.203125 1765334328.3905
CHLD 71442 265.484375 1765334328.3905
CHLD 71451 646.421875 1765334328.3905
CHLD 71452 684.765625 1765334328.3905
CHLD 71453 678.203125 1765334328.3905
MEM 202.000000 1765334328.4913
CHLD 71441 6.203125 1765334328.4950
CHLD 71442 265.484375 1765334328.4950
CHLD 71451 646.421875 1765334328.4950
CHLD 71452 684.765625 1765334328.4950
CHLD 71453 678.203125 1765334328.4950
MEM 202.000000 1765334328.6001
CHLD 71441 6.203125 1765334328.6036
CHLD 71442 265.484375 1765334328.6036
CHLD 71451 646.421875 1765334328.6036
CHLD 71452 684.765625 1765334328.6036
CHLD 71453 678.203125 1765334328.6036
MEM 202.000000 1765334328.7087
CHLD 71441 6.203125 1765334328.7121
CHLD 71442 265.484375 1765334328.7121
CHLD 71451 646.421875 1765334328.7121
CHLD 71452 684.765625 1765334328.7121
CHLD 71453 678.203125 1765334328.7121
MEM 202.000000 1765334328.8173
CHLD 71441 6.203125 1765334328.8207
CHLD 71442 265.484375 1765334328.8207
CHLD 71451 646.421875 1765334328.8207
CHLD 71452 684.765625 1765334328.8207
CHLD 71453 678.203125 1765334328.8207
MEM 202.000000 1765334328.9256
CHLD 71441 6.203125 1765334328.9288
CHLD 71442 265.484375 1765334328.9288
CHLD 71451 646.421875 1765334328.9288
CHLD 71452 684.765625 1765334328.9288
CHLD 71453 678.203125 1765334328.9288
MEM 202.000000 1765334329.0339
CHLD 71441 6.203125 1765334329.0371
CHLD 71442 265.484375 1765334329.0371
CHLD 71451 646.421875 1765334329.0371
CHLD 71452 684.765625 1765334329.0371
CHLD 71453 678.203125 1765334329.0371
MEM 202.000000 1765334329.1422
CHLD 71441 6.203125 1765334329.1453
CHLD 71442 265.484375 1765334329.1453
CHLD 71451 646.421875 1765334329.1453
CHLD 71452 684.765625 1765334329.1453
CHLD 71453 678.203125 1765334329.1453
MEM 202.000000 1765334329.2505
CHLD 71441 6.203125 1765334329.2536
CHLD 71442 265.484375 1765334329.2536
CHLD 71451 646.421875 1765334329.2536
CHLD 71452 684.765625 1765334329.2536
CHLD 71453 678.203125 1765334329.2536
MEM 202.000000 1765334329.3552
CHLD 71441 6.203125 1765334329.3587
CHLD 71442 265.484375 1765334329.3587
CHLD 71451 646.421875 1765334329.3587
CHLD 71452 684.765625 1765334329.3587
CHLD 71453 678.203125 1765334329.3587
MEM 202.000000 1765334329.4590
CHLD 71441 6.203125 1765334329.4624
CHLD 71442 265.484375 1765334329.4624
CHLD 71451 646.421875 1765334329.4624
CHLD 71452 684.765625 1765334329.4625
CHLD 71453 678.203125 1765334329.4625
MEM 202.000000 1765334329.5646
CHLD 71441 6.203125 1765334329.5680
CHLD 71442 265.484375 1765334329.5680
CHLD 71451 646.421875 1765334329.5680
CHLD 71452 684.765625 1765334329.5680
CHLD 71453 678.203125 1765334329.5681
MEM 202.000000 1765334329.6732
CHLD 71441 6.203125 1765334329.6766
CHLD 71442 265.484375 1765334329.6766
CHLD 71451 646.421875 1765334329.6766
CHLD 71452 684.765625 1765334329.6766
CHLD 71453 678.203125 1765334329.6766
MEM 202.000000 1765334329.7817
CHLD 71441 6.203125 1765334329.7851
CHLD 71442 265.484375 1765334329.7851
CHLD 71451 646.421875 1765334329.7851
CHLD 71452 684.765625 1765334329.7851
CHLD 71453 678.203125 1765334329.7851
MEM 202.000000 1765334329.8902
CHLD 71441 6.203125 1765334329.8934
CHLD 71442 265.484375 1765334329.8934
CHLD 71451 646.421875 1765334329.8934
CHLD 71452 684.765625 1765334329.8934
CHLD 71453 678.203125 1765334329.8934
MEM 202.000000 1765334329.9985
CHLD 71441 6.203125 1765334330.0020
CHLD 71442 265.484375 1765334330.0020
CHLD 71451 646.421875 1765334330.0020
CHLD 71452 684.765625 1765334330.0020
CHLD 71453 678.203125 1765334330.0020
MEM 202.000000 1765334330.1071
CHLD 71441 6.203125 1765334330.1106
CHLD 71442 265.484375 1765334330.1106
CHLD 71451 646.421875 1765334330.1106
CHLD 71452 684.765625 1765334330.1106
CHLD 71453 678.203125 1765334330.1106
MEM 202.000000 1765334330.2158
CHLD 71441 6.203125 1765334330.2193
CHLD 71442 265.484375 1765334330.2193
CHLD 71451 646.421875 1765334330.2193
CHLD 71452 684.765625 1765334330.2193
CHLD 71453 678.203125 1765334330.2193
MEM 202.000000 1765334330.3245
CHLD 71441 6.203125 1765334330.3279
CHLD 71442 265.484375 1765334330.3279
CHLD 71451 646.421875 1765334330.3279
CHLD 71452 684.765625 1765334330.3279
CHLD 71453 678.203125 1765334330.3279
MEM 202.000000 1765334330.4331
CHLD 71441 6.203125 1765334330.4367
CHLD 71442 265.484375 1765334330.4367
CHLD 71451 646.421875 1765334330.4367
CHLD 71452 684.765625 1765334330.4367
CHLD 71453 678.203125 1765334330.4367
MEM 202.000000 1765334330.5381
CHLD 71441 6.203125 1765334330.5418
CHLD 71442 265.484375 1765334330.5418
CHLD 71451 646.421875 1765334330.5418
CHLD 71452 684.859375 1765334330.5418
CHLD 71453 678.234375 1765334330.5418
MEM 202.046875 1765334330.6465
CHLD 71441 6.203125 1765334330.6505
CHLD 71442 265.515625 1765334330.6505
CHLD 71451 651.453125 1765334330.6505
CHLD 71452 684.859375 1765334330.6505
CHLD 71453 678.234375 1765334330.6505
MEM 202.046875 1765334330.7557
CHLD 71441 6.203125 1765334330.7593
CHLD 71442 265.515625 1765334330.7593
CHLD 71451 651.453125 1765334330.7593
CHLD 71452 684.859375 1765334330.7593
CHLD 71453 678.234375 1765334330.7593
MEM 202.046875 1765334330.8632
CHLD 71441 6.203125 1765334330.8669
CHLD 71442 265.515625 1765334330.8669
CHLD 71451 651.453125 1765334330.8669
CHLD 71452 684.859375 1765334330.8669
CHLD 71453 678.234375 1765334330.8669
MEM 202.046875 1765334330.9718
CHLD 71441 6.203125 1765334330.9758
CHLD 71442 265.515625 1765334330.9758
CHLD 71451 651.453125 1765334330.9758
CHLD 71452 685.078125 1765334330.9758
CHLD 71453 678.265625 1765334330.9758
MEM 202.046875 1765334331.0810
CHLD 71441 6.203125 1765334331.0848
CHLD 71442 265.515625 1765334331.0848
CHLD 71451 651.453125 1765334331.0848
CHLD 71452 685.343750 1765334331.0848
CHLD 71453 678.328125 1765334331.0848
MEM 202.078125 1765334331.1901
CHLD 71441 6.203125 1765334331.1938
CHLD 71442 265.578125 1765334331.1938
CHLD 71451 651.500000 1765334331.1938
CHLD 71452 685.421875 1765334331.1938
CHLD 71453 678.343750 1765334331.1938
MEM 202.078125 1765334331.2990
CHLD 71441 6.203125 1765334331.3026
CHLD 71442 265.578125 1765334331.3026
CHLD 71451 651.500000 1765334331.3026
CHLD 71452 685.421875 1765334331.3026
CHLD 71453 678.343750 1765334331.3026
MEM 202.078125 1765334331.4049
CHLD 71441 6.203125 1765334331.4085
CHLD 71442 265.578125 1765334331.4085
CHLD 71451 651.500000 1765334331.4085
CHLD 71452 685.421875 1765334331.4085
CHLD 71453 678.343750 1765334331.4085
MEM 202.078125 1765334331.5136
CHLD 71441 6.203125 1765334331.5172
CHLD 71442 265.578125 1765334331.5172
CHLD 71451 651.500000 1765334331.5172
CHLD 71452 685.421875 1765334331.5172
CHLD 71453 678.343750 1765334331.5172
MEM 202.078125 1765334331.6220
CHLD 71441 6.203125 1765334331.6257
CHLD 71442 265.578125 1765334331.6257
CHLD 71451 651.500000 1765334331.6257
CHLD 71452 685.421875 1765334331.6257
CHLD 71453 678.343750 1765334331.6257
MEM 202.078125 1765334331.7300
CHLD 71441 6.203125 1765334331.7335
CHLD 71442 265.578125 1765334331.7335
CHLD 71451 651.500000 1765334331.7335
CHLD 71452 685.421875 1765334331.7335
CHLD 71453 678.343750 1765334331.7335
MEM 202.078125 1765334331.8387
CHLD 71441 6.203125 1765334331.8420
CHLD 71442 265.578125 1765334331.8420
CHLD 71451 651.500000 1765334331.8420
CHLD 71452 685.421875 1765334331.8420
CHLD 71453 678.343750 1765334331.8420
MEM 202.078125 1765334331.9465
CHLD 71441 6.203125 1765334331.9502
CHLD 71442 265.578125 1765334331.9502
CHLD 71451 651.500000 1765334331.9502
CHLD 71452 685.421875 1765334331.9502
CHLD 71453 678.343750 1765334331.9502
MEM 202.078125 1765334332.0554
CHLD 71441 6.203125 1765334332.0586
CHLD 71442 265.578125 1765334332.0586
CHLD 71451 651.500000 1765334332.0586
CHLD 71452 685.421875 1765334332.0586
CHLD 71453 678.343750 1765334332.0586
MEM 202.078125 1765334332.1590
CHLD 71441 6.203125 1765334332.1625
CHLD 71442 265.578125 1765334332.1625
CHLD 71451 651.500000 1765334332.1625
CHLD 71452 685.421875 1765334332.1625
CHLD 71453 678.343750 1765334332.1625
MEM 202.078125 1765334332.2676
CHLD 71441 6.203125 1765334332.2711
CHLD 71442 265.578125 1765334332.2711
CHLD 71451 651.500000 1765334332.2711
CHLD 71452 685.421875 1765334332.2711
CHLD 71453 678.343750 1765334332.2711
MEM 202.078125 1765334332.3757
CHLD 71441 6.203125 1765334332.3792
CHLD 71442 265.578125 1765334332.3792
CHLD 71451 651.500000 1765334332.3792
CHLD 71452 685.421875 1765334332.3792
CHLD 71453 678.343750 1765334332.3792
MEM 202.078125 1765334332.4820
CHLD 71441 6.203125 1765334332.4854
CHLD 71442 265.578125 1765334332.4854
CHLD 71451 651.500000 1765334332.4854
CHLD 71452 685.421875 1765334332.4854
CHLD 71453 678.343750 1765334332.4854
MEM 202.078125 1765334332.5905
CHLD 71441 6.203125 1765334332.5937
CHLD 71442 265.578125 1765334332.5937
CHLD 71451 651.500000 1765334332.5937
CHLD 71452 685.421875 1765334332.5937
CHLD 71453 678.343750 1765334332.5937
MEM 202.078125 1765334332.6988
CHLD 71441 6.203125 1765334332.7020
CHLD 71442 265.578125 1765334332.7020
CHLD 71451 651.500000 1765334332.7020
CHLD 71452 685.421875 1765334332.7020
CHLD 71453 678.343750 1765334332.7020
MEM 202.078125 1765334332.8071
CHLD 71441 6.203125 1765334332.8102
CHLD 71442 265.578125 1765334332.8102
CHLD 71451 651.500000 1765334332.8103
CHLD 71452 685.421875 1765334332.8103
CHLD 71453 678.343750 1765334332.8103
MEM 202.078125 1765334332.9154
CHLD 71441 6.203125 1765334332.9185
CHLD 71442 265.578125 1765334332.9185
CHLD 71451 651.500000 1765334332.9185
CHLD 71452 685.421875 1765334332.9185
CHLD 71453 678.343750 1765334332.9185
MEM 202.078125 1765334333.0236
CHLD 71441 6.203125 1765334333.0267
CHLD 71442 265.578125 1765334333.0267
CHLD 71451 651.500000 1765334333.0268
CHLD 71452 685.421875 1765334333.0268
CHLD 71453 678.343750 1765334333.0268
MEM 202.078125 1765334333.1319
CHLD 71441 6.203125 1765334333.1350
CHLD 71442 265.578125 1765334333.1350
CHLD 71451 651.500000 1765334333.1350
CHLD 71452 685.421875 1765334333.1350
CHLD 71453 678.343750 1765334333.1350
MEM 202.078125 1765334333.2401
CHLD 71441 6.203125 1765334333.2432
CHLD 71442 265.578125 1765334333.2432
CHLD 71451 651.500000 1765334333.2432
CHLD 71452 685.421875 1765334333.2432
CHLD 71453 678.343750 1765334333.2432
MEM 202.078125 1765334333.3483
CHLD 71441 6.203125 1765334333.3518
CHLD 71442 265.578125 1765334333.3518
CHLD 71451 651.500000 1765334333.3518
CHLD 71452 685.421875 1765334333.3518
CHLD 71453 678.343750 1765334333.3518
MEM 202.078125 1765334333.4570
CHLD 71441 6.203125 1765334333.4602
CHLD 71442 265.578125 1765334333.4602
CHLD 71451 651.500000 1765334333.4602
CHLD 71452 685.421875 1765334333.4602
CHLD 71453 678.343750 1765334333.4602
MEM 202.078125 1765334333.5653
CHLD 71441 6.203125 1765334333.5683
CHLD 71442 265.578125 1765334333.5683
CHLD 71451 651.500000 1765334333.5683
CHLD 71452 685.421875 1765334333.5683
CHLD 71453 678.343750 1765334333.5684
MEM 202.078125 1765334333.6735
CHLD 71441 6.203125 1765334333.6766
CHLD 71442 265.578125 1765334333.6766
CHLD 71451 651.500000 1765334333.6766
CHLD 71452 685.421875 1765334333.6766
CHLD 71453 678.343750 1765334333.6766
MEM 202.078125 1765334333.7816
CHLD 71441 6.203125 1765334333.7847
CHLD 71442 265.578125 1765334333.7847
CHLD 71451 651.500000 1765334333.7848
CHLD 71452 685.421875 1765334333.7848
CHLD 71453 678.343750 1765334333.7848
MEM 202.078125 1765334333.8899
CHLD 71441 6.203125 1765334333.8930
CHLD 71442 265.578125 1765334333.8930
CHLD 71451 651.500000 1765334333.8930
CHLD 71452 685.421875 1765334333.8930
CHLD 71453 678.343750 1765334333.8930
MEM 202.078125 1765334333.9967
CHLD 71441 6.203125 1765334334.0002
CHLD 71442 265.578125 1765334334.0002
CHLD 71451 651.500000 1765334334.0002
CHLD 71452 685.421875 1765334334.0002
CHLD 71453 678.343750 1765334334.0002
MEM 202.078125 1765334334.1054
CHLD 71441 6.203125 1765334334.1088
CHLD 71442 265.578125 1765334334.1088
CHLD 71451 651.500000 1765334334.1088
CHLD 71452 685.421875 1765334334.1088
CHLD 71453 678.343750 1765334334.1088
MEM 202.078125 1765334334.2140
CHLD 71441 6.203125 1765334334.2174
CHLD 71442 265.578125 1765334334.2174
CHLD 71451 651.500000 1765334334.2174
CHLD 71452 685.421875 1765334334.2174
CHLD 71453 678.343750 1765334334.2174
MEM 202.078125 1765334334.3218
CHLD 71441 6.203125 1765334334.3253
CHLD 71442 265.578125 1765334334.3253
CHLD 71451 651.500000 1765334334.3253
CHLD 71452 685.421875 1765334334.3253
CHLD 71453 678.343750 1765334334.3253
MEM 202.078125 1765334334.4304
CHLD 71441 6.203125 1765334334.4339
CHLD 71442 265.578125 1765334334.4339
CHLD 71451 651.500000 1765334334.4339
CHLD 71452 685.421875 1765334334.4340
CHLD 71453 678.343750 1765334334.4340
MEM 202.078125 1765334334.5391
CHLD 71441 6.203125 1765334334.5427
CHLD 71442 265.578125 1765334334.5427
CHLD 71451 651.500000 1765334334.5428
CHLD 71452 685.421875 1765334334.5428
CHLD 71453 678.343750 1765334334.5428
MEM 202.078125 1765334334.6479
CHLD 71441 6.203125 1765334334.6514
CHLD 71442 265.578125 1765334334.6514
CHLD 71451 651.500000 1765334334.6514
CHLD 71452 685.421875 1765334334.6514
CHLD 71453 678.343750 1765334334.6514
MEM 202.078125 1765334334.7566
CHLD 71441 6.203125 1765334334.7601
CHLD 71442 265.578125 1765334334.7602
CHLD 71451 651.500000 1765334334.7602
CHLD 71452 685.421875 1765334334.7602
CHLD 71453 678.343750 1765334334.7602
MEM 202.078125 1765334334.8644
CHLD 71441 6.203125 1765334334.8679
CHLD 71442 265.578125 1765334334.8680
CHLD 71451 651.500000 1765334334.8680
CHLD 71452 685.421875 1765334334.8680
CHLD 71453 678.343750 1765334334.8680
MEM 202.078125 1765334334.9690
CHLD 71441 6.203125 1765334334.9725
CHLD 71442 265.578125 1765334334.9725
CHLD 71451 651.500000 1765334334.9726
CHLD 71452 685.421875 1765334334.9726
CHLD 71453 678.343750 1765334334.9726
MEM 202.078125 1765334335.0740
CHLD 71441 6.203125 1765334335.0775
CHLD 71442 265.578125 1765334335.0776
CHLD 71451 651.500000 1765334335.0776
CHLD 71452 685.421875 1765334335.0776
CHLD 71453 678.343750 1765334335.0776
MEM 202.078125 1765334335.1827
CHLD 71441 6.203125 1765334335.1863
CHLD 71442 265.578125 1765334335.1863
CHLD 71451 651.500000 1765334335.1863
CHLD 71452 685.421875 1765334335.1863
CHLD 71453 678.343750 1765334335.1863
MEM 202.078125 1765334335.2873
CHLD 71441 6.203125 1765334335.2908
CHLD 71442 265.578125 1765334335.2908
CHLD 71451 651.500000 1765334335.2908
CHLD 71452 685.421875 1765334335.2908
CHLD 71453 678.343750 1765334335.2908
MEM 202.078125 1765334335.3934
CHLD 71441 6.203125 1765334335.3968
CHLD 71442 265.578125 1765334335.3968
CHLD 71451 651.500000 1765334335.3968
CHLD 71452 685.421875 1765334335.3968
CHLD 71453 678.343750 1765334335.3968
MEM 202.078125 1765334335.5018
CHLD 71441 6.203125 1765334335.5053
CHLD 71442 265.578125 1765334335.5053
CHLD 71451 651.500000 1765334335.5053
CHLD 71452 685.421875 1765334335.5053
CHLD 71453 678.343750 1765334335.5053
MEM 202.078125 1765334335.6084
CHLD 71441 6.203125 1765334335.6117
CHLD 71442 265.578125 1765334335.6117
CHLD 71451 651.500000 1765334335.6118
CHLD 71452 685.421875 1765334335.6118
CHLD 71453 678.343750 1765334335.6118
MEM 202.078125 1765334335.7140
CHLD 71441 6.203125 1765334335.7175
CHLD 71442 265.578125 1765334335.7175
CHLD 71451 651.484375 1765334335.7176
CHLD 71452 685.421875 1765334335.7176
CHLD 71453 678.343750 1765334335.7176
MEM 202.078125 1765334335.8227
CHLD 71441 6.203125 1765334335.8263
CHLD 71442 265.578125 1765334335.8263
CHLD 71451 651.484375 1765334335.8263
CHLD 71452 685.421875 1765334335.8263
CHLD 71453 678.343750 1765334335.8263
MEM 202.078125 1765334335.9273
CHLD 71441 6.203125 1765334335.9307
CHLD 71442 265.578125 1765334335.9307
CHLD 71451 651.484375 1765334335.9307
CHLD 71452 685.421875 1765334335.9307
CHLD 71453 678.343750 1765334335.9307
MEM 202.078125 1765334336.0358
CHLD 71441 6.203125 1765334336.0392
CHLD 71442 265.578125 1765334336.0392
CHLD 71451 651.484375 1765334336.0392
CHLD 71452 685.421875 1765334336.0392
CHLD 71453 678.343750 1765334336.0392
MEM 202.078125 1765334336.1444
CHLD 71441 6.203125 1765334336.1478
CHLD 71442 265.578125 1765334336.1478
CHLD 71451 651.484375 1765334336.1478
CHLD 71452 685.421875 1765334336.1478
CHLD 71453 678.343750 1765334336.1478
MEM 202.078125 1765334336.2529
CHLD 71441 6.203125 1765334336.2563
CHLD 71442 265.578125 1765334336.2563
CHLD 71451 651.484375 1765334336.2564
CHLD 71452 685.421875 1765334336.2564
CHLD 71453 678.343750 1765334336.2564
MEM 202.078125 1765334336.3601
CHLD 71441 6.203125 1765334336.3633
CHLD 71442 265.578125 1765334336.3633
CHLD 71451 651.484375 1765334336.3633
CHLD 71452 685.421875 1765334336.3633
CHLD 71453 678.343750 1765334336.3633
MEM 202.078125 1765334336.4673
CHLD 71441 6.203125 1765334336.4705
CHLD 71442 265.578125 1765334336.4705
CHLD 71451 651.484375 1765334336.4706
CHLD 71452 685.421875 1765334336.4706
CHLD 71453 678.343750 1765334336.4706
MEM 202.078125 1765334336.5756
CHLD 71441 6.203125 1765334336.5787
CHLD 71442 265.578125 1765334336.5787
CHLD 71451 651.484375 1765334336.5787
CHLD 71452 685.421875 1765334336.5787
CHLD 71453 678.343750 1765334336.5787
MEM 202.078125 1765334336.6838
CHLD 71441 6.203125 1765334336.6869
CHLD 71442 265.578125 1765334336.6870
CHLD 71451 651.484375 1765334336.6870
CHLD 71452 685.421875 1765334336.6870
CHLD 71453 678.343750 1765334336.6870
MEM 202.078125 1765334336.7920
CHLD 71441 6.203125 1765334336.7951
CHLD 71442 265.578125 1765334336.7951
CHLD 71451 651.484375 1765334336.7951
CHLD 71452 685.421875 1765334336.7951
CHLD 71453 678.343750 1765334336.7952
MEM 202.078125 1765334336.9002
CHLD 71441 6.203125 1765334336.9036
CHLD 71442 265.578125 1765334336.9036
CHLD 71451 651.484375 1765334336.9036
CHLD 71452 685.421875 1765334336.9036
CHLD 71453 678.343750 1765334336.9036
MEM 202.078125 1765334337.0087
CHLD 71441 6.203125 1765334337.0118
CHLD 71442 265.578125 1765334337.0118
CHLD 71451 651.484375 1765334337.0118
CHLD 71452 685.421875 1765334337.0118
CHLD 71453 678.343750 1765334337.0118
MEM 202.078125 1765334337.1169
CHLD 71441 6.203125 1765334337.1200
CHLD 71442 265.578125 1765334337.1200
CHLD 71451 651.484375 1765334337.1200
CHLD 71452 685.421875 1765334337.1200
CHLD 71453 678.343750 1765334337.1200
MEM 202.078125 1765334337.2245
CHLD 71441 6.203125 1765334337.2277
CHLD 71442 265.578125 1765334337.2278
CHLD 71451 651.484375 1765334337.2278
CHLD 71452 685.421875 1765334337.2278
CHLD 71453 678.343750 1765334337.2278
MEM 202.078125 1765334337.3329
CHLD 71441 6.203125 1765334337.3360
CHLD 71442 265.578125 1765334337.3360
CHLD 71451 651.484375 1765334337.3361
CHLD 71452 685.421875 1765334337.3361
CHLD 71453 678.343750 1765334337.3361
MEM 202.078125 1765334337.4408
CHLD 71441 6.203125 1765334337.4439
CHLD 71442 265.578125 1765334337.4440
CHLD 71451 651.484375 1765334337.4440
CHLD 71452 685.421875 1765334337.4440
CHLD 71453 678.343750 1765334337.4440
MEM 202.078125 1765334337.5491
CHLD 71441 6.203125 1765334337.5521
CHLD 71442 265.578125 1765334337.5521
CHLD 71451 651.484375 1765334337.5521
CHLD 71452 685.421875 1765334337.5522
CHLD 71453 678.343750 1765334337.5522
MEM 202.078125 1765334337.6572
CHLD 71441 6.203125 1765334337.6603
CHLD 71442 265.578125 1765334337.6603
CHLD 71451 651.484375 1765334337.6603
CHLD 71452 685.421875 1765334337.6603
CHLD 71453 678.343750 1765334337.6603
MEM 202.078125 1765334337.7654
CHLD 71441 6.203125 1765334337.7685
CHLD 71442 265.578125 1765334337.7685
CHLD 71451 651.484375 1765334337.7685
CHLD 71452 685.421875 1765334337.7685
CHLD 71453 678.343750 1765334337.7685
MEM 202.078125 1765334337.8736
CHLD 71441 6.203125 1765334337.8767
CHLD 71442 265.578125 1765334337.8767
CHLD 71451 651.484375 1765334337.8767
CHLD 71452 685.421875 1765334337.8767
CHLD 71453 678.343750 1765334337.8767
MEM 202.078125 1765334337.9818
CHLD 71441 6.203125 1765334337.9850
CHLD 71442 265.578125 1765334337.9850
CHLD 71451 651.484375 1765334337.9850
CHLD 71452 685.421875 1765334337.9850
CHLD 71453 678.343750 1765334337.9850
MEM 202.078125 1765334338.0902
CHLD 71441 6.203125 1765334338.0934
CHLD 71442 265.578125 1765334338.0934
CHLD 71451 651.484375 1765334338.0934
CHLD 71452 685.421875 1765334338.0934
CHLD 71453 678.343750 1765334338.0934
MEM 202.078125 1765334338.1985
CHLD 71441 6.203125 1765334338.2017
CHLD 71442 265.578125 1765334338.2018
CHLD 71451 651.484375 1765334338.2018
CHLD 71452 685.421875 1765334338.2018
CHLD 71453 678.343750 1765334338.2018
MEM 202.078125 1765334338.3057
CHLD 71441 6.203125 1765334338.3090
CHLD 71442 265.578125 1765334338.3090
CHLD 71451 651.484375 1765334338.3091
CHLD 71452 685.421875 1765334338.3091
CHLD 71453 678.343750 1765334338.3091
MEM 202.078125 1765334338.4143
CHLD 71441 6.203125 1765334338.4175
CHLD 71442 265.578125 1765334338.4175
CHLD 71451 651.484375 1765334338.4176
CHLD 71452 685.421875 1765334338.4176
CHLD 71453 678.343750 1765334338.4176
MEM 202.078125 1765334338.5227
CHLD 71441 6.203125 1765334338.5262
CHLD 71442 265.578125 1765334338.5262
CHLD 71451 651.484375 1765334338.5262
CHLD 71452 685.421875 1765334338.5262
CHLD 71453 678.343750 1765334338.5262
MEM 202.078125 1765334338.6314
CHLD 71441 6.203125 1765334338.6351
CHLD 71442 265.578125 1765334338.6351
CHLD 71451 651.484375 1765334338.6351
CHLD 71452 685.421875 1765334338.6351
CHLD 71453 678.343750 1765334338.6351
MEM 202.078125 1765334338.7402
CHLD 71441 6.203125 1765334338.7435
CHLD 71442 265.578125 1765334338.7435
CHLD 71451 651.484375 1765334338.7435
CHLD 71452 685.421875 1765334338.7435
CHLD 71453 678.343750 1765334338.7436
MEM 202.078125 1765334338.8487
CHLD 71441 6.203125 1765334338.8519
CHLD 71442 265.578125 1765334338.8519
CHLD 71451 651.484375 1765334338.8519
CHLD 71452 685.421875 1765334338.8519
CHLD 71453 678.343750 1765334338.8519
MEM 202.078125 1765334338.9570
CHLD 71441 6.203125 1765334338.9603
CHLD 71442 265.578125 1765334338.9603
CHLD 71451 651.484375 1765334338.9603
CHLD 71452 685.421875 1765334338.9603
CHLD 71453 678.343750 1765334338.9603
MEM 202.078125 1765334339.0654
CHLD 71441 6.203125 1765334339.0687
CHLD 71442 265.578125 1765334339.0687
CHLD 71451 651.484375 1765334339.0687
CHLD 71452 685.421875 1765334339.0687
CHLD 71453 678.343750 1765334339.0687
MEM 202.078125 1765334339.1738
CHLD 71441 6.203125 1765334339.1770
CHLD 71442 265.578125 1765334339.1770
CHLD 71451 651.484375 1765334339.1770
CHLD 71452 685.421875 1765334339.1770
CHLD 71453 678.343750 1765334339.1770
MEM 202.078125 1765334339.2821
CHLD 71441 6.203125 1765334339.2853
CHLD 71442 265.578125 1765334339.2853
CHLD 71451 651.484375 1765334339.2853
CHLD 71452 685.421875 1765334339.2853
CHLD 71453 678.343750 1765334339.2853
MEM 202.078125 1765334339.3904
CHLD 71441 6.203125 1765334339.3937
CHLD 71442 265.578125 1765334339.3937
CHLD 71451 651.484375 1765334339.3937
CHLD 71452 685.421875 1765334339.3937
CHLD 71453 678.343750 1765334339.3937
MEM 202.078125 1765334339.4988
CHLD 71441 6.203125 1765334339.5021
CHLD 71442 265.578125 1765334339.5021
CHLD 71451 651.484375 1765334339.5021
CHLD 71452 685.421875 1765334339.5021
CHLD 71453 678.343750 1765334339.5021
MEM 202.078125 1765334339.6072
CHLD 71441 6.203125 1765334339.6106
CHLD 71442 265.578125 1765334339.6106
CHLD 71451 651.484375 1765334339.6106
CHLD 71452 685.421875 1765334339.6106
CHLD 71453 678.343750 1765334339.6106
MEM 202.078125 1765334339.7157
CHLD 71441 6.203125 1765334339.7190
CHLD 71442 265.578125 1765334339.7190
CHLD 71451 651.484375 1765334339.7190
CHLD 71452 685.421875 1765334339.7190
CHLD 71453 678.343750 1765334339.7190
MEM 202.078125 1765334339.8242
CHLD 71441 6.203125 1765334339.8275
CHLD 71442 265.578125 1765334339.8275
CHLD 71451 651.484375 1765334339.8275
CHLD 71452 685.421875 1765334339.8275
CHLD 71453 678.343750 1765334339.8275
MEM 202.078125 1765334339.9326
CHLD 71441 6.203125 1765334339.9356
CHLD 71442 265.578125 1765334339.9357
CHLD 71451 651.484375 1765334339.9357
CHLD 71452 685.421875 1765334339.9357
CHLD 71453 678.343750 1765334339.9357
MEM 202.078125 1765334340.0408
CHLD 71441 6.203125 1765334340.0442
CHLD 71442 265.578125 1765334340.0442
CHLD 71451 651.484375 1765334340.0442
CHLD 71452 685.421875 1765334340.0442
CHLD 71453 678.343750 1765334340.0442
MEM 202.078125 1765334340.1493
CHLD 71441 6.203125 1765334340.1524
CHLD 71442 265.578125 1765334340.1524
CHLD 71451 651.484375 1765334340.1524
CHLD 71452 685.421875 1765334340.1524
CHLD 71453 678.343750 1765334340.1524
MEM 202.078125 1765334340.2575
CHLD 71441 6.203125 1765334340.2616
CHLD 71442 265.578125 1765334340.2616
CHLD 71451 651.484375 1765334340.2616
CHLD 71452 685.421875 1765334340.2616
CHLD 71453 678.343750 1765334340.2616
MEM 202.078125 1765334340.3667
CHLD 71441 6.203125 1765334340.3701
CHLD 71442 265.578125 1765334340.3701
CHLD 71451 651.484375 1765334340.3701
CHLD 71452 685.421875 1765334340.3701
CHLD 71453 678.343750 1765334340.3701
MEM 202.078125 1765334340.4752
CHLD 71441 6.203125 1765334340.4783
CHLD 71442 265.578125 1765334340.4783
CHLD 71451 651.484375 1765334340.4783
CHLD 71452 685.421875 1765334340.4783
CHLD 71453 678.343750 1765334340.4783
MEM 202.078125 1765334340.5834
CHLD 71441 6.203125 1765334340.5864
CHLD 71442 265.578125 1765334340.5864
CHLD 71451 651.484375 1765334340.5864
CHLD 71452 685.421875 1765334340.5864
CHLD 71453 678.343750 1765334340.5865
MEM 202.078125 1765334340.6916
CHLD 71441 6.203125 1765334340.6948
CHLD 71442 265.578125 1765334340.6948
CHLD 71451 651.484375 1765334340.6948
CHLD 71452 685.421875 1765334340.6948
CHLD 71453 678.343750 1765334340.6948
MEM 202.078125 1765334340.7999
CHLD 71441 6.203125 1765334340.8032
CHLD 71442 265.578125 1765334340.8032
CHLD 71451 651.484375 1765334340.8032
CHLD 71452 685.421875 1765334340.8032
CHLD 71453 678.343750 1765334340.8032
MEM 202.078125 1765334340.9083
CHLD 71441 6.203125 1765334340.9116
CHLD 71442 265.578125 1765334340.9116
CHLD 71451 651.484375 1765334340.9116
CHLD 71452 685.421875 1765334340.9116
CHLD 71453 678.343750 1765334340.9116
MEM 202.078125 1765334341.0167
CHLD 71441 6.203125 1765334341.0199
CHLD 71442 265.578125 1765334341.0199
CHLD 71451 651.484375 1765334341.0199
CHLD 71452 685.421875 1765334341.0199
CHLD 71453 678.343750 1765334341.0199
MEM 202.078125 1765334341.1250
CHLD 71441 6.203125 1765334341.1282
CHLD 71442 265.578125 1765334341.1283
CHLD 71451 651.484375 1765334341.1283
CHLD 71452 685.421875 1765334341.1283
CHLD 71453 678.343750 1765334341.1283
MEM 202.078125 1765334341.2334
CHLD 71441 6.203125 1765334341.2369
CHLD 71442 265.578125 1765334341.2369
CHLD 71451 651.484375 1765334341.2369
CHLD 71452 685.421875 1765334341.2369
CHLD 71453 678.343750 1765334341.2369
MEM 202.078125 1765334341.3407
CHLD 71441 6.203125 1765334341.3441
CHLD 71442 265.578125 1765334341.3441
CHLD 71451 651.484375 1765334341.3441
CHLD 71452 685.421875 1765334341.3441
CHLD 71453 678.343750 1765334341.3441
MEM 202.078125 1765334341.4492
CHLD 71441 6.203125 1765334341.4528
CHLD 71442 265.578125 1765334341.4528
CHLD 71451 651.484375 1765334341.4528
CHLD 71452 685.421875 1765334341.4528
CHLD 71453 678.343750 1765334341.4528
MEM 202.078125 1765334341.5579
CHLD 71441 6.203125 1765334341.5615
CHLD 71442 265.578125 1765334341.5615
CHLD 71451 651.484375 1765334341.5615
CHLD 71452 685.421875 1765334341.5615
CHLD 71453 678.343750 1765334341.5615
MEM 202.078125 1765334341.6666
CHLD 71441 6.203125 1765334341.6700
CHLD 71442 265.578125 1765334341.6700
CHLD 71451 651.484375 1765334341.6701
CHLD 71452 685.421875 1765334341.6701
CHLD 71453 678.343750 1765334341.6701
MEM 202.078125 1765334341.7752
CHLD 71441 6.203125 1765334341.7786
CHLD 71442 265.578125 1765334341.7786
CHLD 71451 651.484375 1765334341.7786
CHLD 71452 685.421875 1765334341.7787
CHLD 71453 678.343750 1765334341.7787
MEM 202.078125 1765334341.8837
CHLD 71441 6.203125 1765334341.8870
CHLD 71442 265.578125 1765334341.8870
CHLD 71451 651.484375 1765334341.8871
CHLD 71452 685.421875 1765334341.8871
CHLD 71453 678.343750 1765334341.8871
MEM 202.078125 1765334341.9922
CHLD 71441 6.203125 1765334341.9954
CHLD 71442 265.578125 1765334341.9954
CHLD 71451 651.484375 1765334341.9955
CHLD 71452 685.421875 1765334341.9955
CHLD 71453 678.343750 1765334341.9955
MEM 202.078125 1765334342.1006
CHLD 71441 6.203125 1765334342.1041
CHLD 71442 265.578125 1765334342.1041
CHLD 71451 651.484375 1765334342.1041
CHLD 71452 685.421875 1765334342.1041
CHLD 71453 678.343750 1765334342.1041
MEM 202.078125 1765334342.2047
CHLD 71441 6.203125 1765334342.2089
CHLD 71442 265.578125 1765334342.2089
CHLD 71451 651.484375 1765334342.2089
CHLD 71452 685.421875 1765334342.2089
CHLD 71453 678.343750 1765334342.2089
MEM 202.078125 1765334342.3114
CHLD 71441 6.203125 1765334342.3169
CHLD 71442 265.578125 1765334342.3169
CHLD 71451 651.484375 1765334342.3169
CHLD 71452 685.421875 1765334342.3169
CHLD 71453 678.343750 1765334342.3169
MEM 202.078125 1765334342.4220
CHLD 71441 6.203125 1765334342.4252
CHLD 71442 265.578125 1765334342.4252
CHLD 71451 651.484375 1765334342.4252
CHLD 71452 685.421875 1765334342.4252
CHLD 71453 678.343750 1765334342.4252
MEM 202.078125 1765334342.5303
CHLD 71441 6.203125 1765334342.5335
CHLD 71442 265.578125 1765334342.5335
CHLD 71451 651.484375 1765334342.5335
CHLD 71452 685.421875 1765334342.5335
CHLD 71453 678.343750 1765334342.5335
MEM 202.078125 1765334342.6340
CHLD 71441 6.203125 1765334342.6394
CHLD 71442 265.578125 1765334342.6394
CHLD 71451 651.484375 1765334342.6394
CHLD 71452 685.421875 1765334342.6394
CHLD 71453 678.343750 1765334342.6394
MEM 202.078125 1765334342.7445
CHLD 71441 6.203125 1765334342.7497
CHLD 71442 265.578125 1765334342.7497
CHLD 71451 651.484375 1765334342.7497
CHLD 71452 685.421875 1765334342.7497
CHLD 71453 678.343750 1765334342.7497
MEM 202.078125 1765334342.8548
CHLD 71441 6.203125 1765334342.8601
CHLD 71442 265.578125 1765334342.8601
CHLD 71451 651.484375 1765334342.8601
CHLD 71452 685.421875 1765334342.8601
CHLD 71453 678.343750 1765334342.8601
MEM 202.078125 1765334342.9651
CHLD 71441 6.203125 1765334342.9702
CHLD 71442 265.578125 1765334342.9702
CHLD 71451 651.484375 1765334342.9702
CHLD 71452 685.421875 1765334342.9702
CHLD 71453 678.343750 1765334342.9702
MEM 202.078125 1765334343.0753
CHLD 71441 6.203125 1765334343.0803
CHLD 71442 265.578125 1765334343.0803
CHLD 71451 651.484375 1765334343.0804
CHLD 71452 685.421875 1765334343.0804
CHLD 71453 678.343750 1765334343.0804
MEM 202.078125 1765334343.1854
CHLD 71441 6.203125 1765334343.1906
CHLD 71442 265.578125 1765334343.1906
CHLD 71451 651.484375 1765334343.1906
CHLD 71452 685.421875 1765334343.1906
CHLD 71453 678.343750 1765334343.1906
MEM 202.078125 1765334343.2957
CHLD 71441 6.203125 1765334343.3008
CHLD 71442 265.578125 1765334343.3008
CHLD 71451 651.484375 1765334343.3008
CHLD 71452 685.421875 1765334343.3008
CHLD 71453 678.343750 1765334343.3008
MEM 202.078125 1765334343.4059
CHLD 71441 6.203125 1765334343.4110
CHLD 71442 265.578125 1765334343.4110
CHLD 71451 651.484375 1765334343.4110
CHLD 71452 685.421875 1765334343.4110
CHLD 71453 678.343750 1765334343.4110
MEM 202.078125 1765334343.5161
CHLD 71441 6.203125 1765334343.5213
CHLD 71442 265.578125 1765334343.5214
CHLD 71451 651.484375 1765334343.5214
CHLD 71452 685.421875 1765334343.5214
CHLD 71453 678.343750 1765334343.5214
MEM 202.078125 1765334343.6264
CHLD 71441 6.203125 1765334343.6317
CHLD 71442 265.578125 1765334343.6317
CHLD 71451 651.484375 1765334343.6317
CHLD 71452 685.421875 1765334343.6317
CHLD 71453 678.343750 1765334343.6317
MEM 202.078125 1765334343.7368
CHLD 71441 6.203125 1765334343.7420
CHLD 71442 265.578125 1765334343.7420
CHLD 71451 651.484375 1765334343.7420
CHLD 71452 685.421875 1765334343.7420
CHLD 71453 678.343750 1765334343.7420
MEM 202.078125 1765334343.8470
CHLD 71441 6.203125 1765334343.8504
CHLD 71442 265.578125 1765334343.8504
CHLD 71451 651.484375 1765334343.8505
CHLD 71452 685.421875 1765334343.8505
CHLD 71453 678.343750 1765334343.8505
MEM 202.078125 1765334343.9507
CHLD 71441 6.203125 1765334343.9546
CHLD 71442 265.578125 1765334343.9546
CHLD 71451 651.484375 1765334343.9546
CHLD 71452 685.421875 1765334343.9546
CHLD 71453 678.343750 1765334343.9546
MEM 202.078125 1765334344.0578
CHLD 71441 6.203125 1765334344.0630
CHLD 71442 265.578125 1765334344.0630
CHLD 71451 651.484375 1765334344.0630
CHLD 71452 685.421875 1765334344.0630
CHLD 71453 678.343750 1765334344.0631
MEM 202.078125 1765334344.1681
CHLD 71441 6.203125 1765334344.1735
CHLD 71442 265.578125 1765334344.1735
CHLD 71451 651.484375 1765334344.1735
CHLD 71452 685.421875 1765334344.1735
CHLD 71453 678.343750 1765334344.1735
MEM 202.078125 1765334344.2786
CHLD 71441 6.203125 1765334344.2840
CHLD 71442 265.578125 1765334344.2840
CHLD 71451 651.484375 1765334344.2840
CHLD 71452 685.421875 1765334344.2840
CHLD 71453 678.343750 1765334344.2840
MEM 202.078125 1765334344.3891
CHLD 71441 6.203125 1765334344.3943
CHLD 71442 265.578125 1765334344.3943
CHLD 71451 651.484375 1765334344.3944
CHLD 71452 685.421875 1765334344.3944
CHLD 71453 678.343750 1765334344.3944
MEM 202.078125 1765334344.4994
CHLD 71441 6.203125 1765334344.5046
CHLD 71442 265.578125 1765334344.5046
CHLD 71451 651.484375 1765334344.5046
CHLD 71452 685.421875 1765334344.5046
CHLD 71453 678.343750 1765334344.5046
MEM 202.078125 1765334344.6097
CHLD 71441 6.203125 1765334344.6150
CHLD 71442 265.578125 1765334344.6151
CHLD 71451 651.484375 1765334344.6151
CHLD 71452 685.421875 1765334344.6151
CHLD 71453 678.343750 1765334344.6151
MEM 202.078125 1765334344.7201
CHLD 71441 6.203125 1765334344.7255
CHLD 71442 265.578125 1765334344.7255
CHLD 71451 651.484375 1765334344.7255
CHLD 71452 685.421875 1765334344.7255
CHLD 71453 678.343750 1765334344.7255
MEM 202.078125 1765334344.8306
CHLD 71441 6.203125 1765334344.8361
CHLD 71442 265.578125 1765334344.8361
CHLD 71451 651.484375 1765334344.8361
CHLD 71452 685.421875 1765334344.8361
CHLD 71453 678.343750 1765334344.8361
MEM 202.078125 1765334344.9408
CHLD 71441 6.203125 1765334344.9442
CHLD 71442 265.578125 1765334344.9442
CHLD 71451 651.484375 1765334344.9443
CHLD 71452 685.421875 1765334344.9443
CHLD 71453 678.343750 1765334344.9443
MEM 202.078125 1765334345.0493
CHLD 71441 6.203125 1765334345.0532
CHLD 71442 265.578125 1765334345.0532
CHLD 71451 651.484375 1765334345.0532
CHLD 71452 685.421875 1765334345.0532
CHLD 71453 678.343750 1765334345.0532
MEM 202.078125 1765334345.1562
CHLD 71441 6.203125 1765334345.1616
CHLD 71442 265.578125 1765334345.1616
CHLD 71451 651.484375 1765334345.1616
CHLD 71452 685.421875 1765334345.1616
CHLD 71453 678.343750 1765334345.1616
MEM 202.078125 1765334345.2666
CHLD 71441 6.203125 1765334345.2720
CHLD 71442 265.578125 1765334345.2720
CHLD 71451 651.484375 1765334345.2720
CHLD 71452 685.421875 1765334345.2720
CHLD 71453 678.343750 1765334345.2720
MEM 202.078125 1765334345.3771
CHLD 71441 6.203125 1765334345.3823
CHLD 71442 265.578125 1765334345.3823
CHLD 71451 651.484375 1765334345.3823
CHLD 71452 685.421875 1765334345.3823
CHLD 71453 678.343750 1765334345.3823
MEM 202.078125 1765334345.4874
CHLD 71441 6.203125 1765334345.4926
CHLD 71442 265.578125 1765334345.4926
CHLD 71451 651.484375 1765334345.4927
CHLD 71452 685.421875 1765334345.4927
CHLD 71453 678.343750 1765334345.4927
MEM 202.078125 1765334345.5977
CHLD 71441 6.203125 1765334345.6033
CHLD 71442 265.578125 1765334345.6033
CHLD 71451 651.484375 1765334345.6033
CHLD 71452 685.421875 1765334345.6033
CHLD 71453 678.343750 1765334345.6033
MEM 202.078125 1765334345.7043
CHLD 71441 6.203125 1765334345.7080
CHLD 71442 265.578125 1765334345.7080
CHLD 71451 651.484375 1765334345.7080
CHLD 71452 685.421875 1765334345.7080
CHLD 71453 678.343750 1765334345.7080
MEM 202.078125 1765334345.8132
CHLD 71441 6.203125 1765334345.8189
CHLD 71442 265.578125 1765334345.8189
CHLD 71451 651.484375 1765334345.8189
CHLD 71452 685.515625 1765334345.8189
CHLD 71453 678.343750 1765334345.8189
MEM 202.140625 1765334345.9216
CHLD 71441 6.203125 1765334345.9268
CHLD 71442 265.640625 1765334345.9268
CHLD 71451 652.734375 1765334345.9268
CHLD 71452 685.531250 1765334345.9268
CHLD 71453 678.343750 1765334345.9268
MEM 202.140625 1765334346.0272
CHLD 71441 6.203125 1765334346.0307
CHLD 71442 265.640625 1765334346.0307
CHLD 71451 652.734375 1765334346.0307
CHLD 71452 685.531250 1765334346.0308
CHLD 71453 678.343750 1765334346.0308
MEM 202.140625 1765334346.1359
CHLD 71441 6.203125 1765334346.1393
CHLD 71442 265.640625 1765334346.1393
CHLD 71451 652.734375 1765334346.1394
CHLD 71452 685.531250 1765334346.1394
CHLD 71453 678.343750 1765334346.1394
MEM 202.140625 1765334346.2445
CHLD 71441 6.203125 1765334346.2480
CHLD 71442 265.640625 1765334346.2480
CHLD 71451 652.734375 1765334346.2480
CHLD 71452 685.531250 1765334346.2480
CHLD 71453 678.343750 1765334346.2480
MEM 202.140625 1765334346.3531
CHLD 71441 6.203125 1765334346.3567
CHLD 71442 265.640625 1765334346.3567
CHLD 71451 652.734375 1765334346.3568
CHLD 71452 685.531250 1765334346.3568
CHLD 71453 678.343750 1765334346.3568
MEM 202.140625 1765334346.4619
CHLD 71441 6.203125 1765334346.4674
CHLD 71442 265.640625 1765334346.4674
CHLD 71451 652.734375 1765334346.4674
CHLD 71452 685.531250 1765334346.4674
CHLD 71453 678.343750 1765334346.4674
MEM 202.140625 1765334346.5725
CHLD 71441 6.203125 1765334346.5777
CHLD 71442 265.640625 1765334346.5777
CHLD 71451 652.734375 1765334346.5777
CHLD 71452 685.531250 1765334346.5777
CHLD 71453 678.343750 1765334346.5777
MEM 202.171875 1765334346.6800
CHLD 71441 6.203125 1765334346.6847
CHLD 71442 265.640625 1765334346.6847
CHLD 71451 652.734375 1765334346.6848
CHLD 71452 685.546875 1765334346.6848
CHLD 71453 678.343750 1765334346.6848
MEM 202.171875 1765334346.7878
CHLD 71441 6.203125 1765334346.7932
CHLD 71442 265.656250 1765334346.7932
CHLD 71451 652.734375 1765334346.7932
CHLD 71452 685.578125 1765334346.7932
CHLD 71453 678.375000 1765334346.7932
MEM 202.234375 1765334346.8983
CHLD 71441 6.203125 1765334346.9023
CHLD 71442 265.687500 1765334346.9024
CHLD 71451 655.859375 1765334346.9024
CHLD 71452 685.578125 1765334346.9024
CHLD 71453 678.375000 1765334346.9024
MEM 202.234375 1765334347.0048
CHLD 71441 6.203125 1765334347.0102
CHLD 71442 265.687500 1765334347.0102
CHLD 71451 655.859375 1765334347.0102
CHLD 71452 685.578125 1765334347.0102
CHLD 71453 678.375000 1765334347.0102
MEM 202.234375 1765334347.1104
CHLD 71441 6.203125 1765334347.1141
CHLD 71442 265.687500 1765334347.1141
CHLD 71451 655.859375 1765334347.1142
CHLD 71452 685.578125 1765334347.1142
CHLD 71453 678.375000 1765334347.1142
MEM 202.234375 1765334347.2193
CHLD 71441 6.203125 1765334347.2229
CHLD 71442 265.687500 1765334347.2229
CHLD 71451 655.859375 1765334347.2229
CHLD 71452 685.578125 1765334347.2229
CHLD 71453 678.375000 1765334347.2229
MEM 202.234375 1765334347.3281
CHLD 71441 6.203125 1765334347.3321
CHLD 71442 265.687500 1765334347.3321
CHLD 71451 655.859375 1765334347.3321
CHLD 71452 685.578125 1765334347.3321
CHLD 71453 678.375000 1765334347.3321
MEM 202.234375 1765334347.4373
CHLD 71441 6.203125 1765334347.4417
CHLD 71442 265.687500 1765334347.4417
CHLD 71451 655.859375 1765334347.4417
CHLD 71452 685.578125 1765334347.4417
CHLD 71453 678.375000 1765334347.4417
MEM 202.234375 1765334347.5469
CHLD 71441 6.203125 1765334347.5518
CHLD 71442 265.687500 1765334347.5518
CHLD 71451 655.859375 1765334347.5518
CHLD 71452 685.578125 1765334347.5518
CHLD 71453 678.375000 1765334347.5518
MEM 202.234375 1765334347.6568
CHLD 71441 6.203125 1765334347.6621
CHLD 71442 265.687500 1765334347.6621
CHLD 71451 655.859375 1765334347.6621
CHLD 71452 685.578125 1765334347.6621
CHLD 71453 678.375000 1765334347.6621
MEM 202.234375 1765334347.7672
CHLD 71441 6.203125 1765334347.7726
CHLD 71442 265.687500 1765334347.7726
CHLD 71451 655.859375 1765334347.7726
CHLD 71452 685.578125 1765334347.7726
CHLD 71453 678.375000 1765334347.7726
MEM 202.234375 1765334347.8777
CHLD 71441 6.203125 1765334347.8830
CHLD 71442 265.687500 1765334347.8830
CHLD 71451 655.859375 1765334347.8830
CHLD 71452 685.578125 1765334347.8830
CHLD 71453 678.375000 1765334347.8830
MEM 202.234375 1765334347.9881
CHLD 71441 6.203125 1765334347.9934
CHLD 71442 265.687500 1765334347.9935
CHLD 71451 655.859375 1765334347.9935
CHLD 71452 685.578125 1765334347.9935
CHLD 71453 678.375000 1765334347.9935
MEM 202.234375 1765334348.0966
CHLD 71441 6.203125 1765334348.1008
CHLD 71442 265.687500 1765334348.1008
CHLD 71451 655.859375 1765334348.1008
CHLD 71452 685.578125 1765334348.1008
CHLD 71453 678.375000 1765334348.1008
MEM 202.234375 1765334348.2059
CHLD 71441 6.203125 1765334348.2101
CHLD 71442 265.687500 1765334348.2101
CHLD 71451 655.859375 1765334348.2101
CHLD 71452 685.578125 1765334348.2101
CHLD 71453 678.375000 1765334348.2101
MEM 202.234375 1765334348.3152
CHLD 71441 6.203125 1765334348.3200
CHLD 71442 265.687500 1765334348.3200
CHLD 71451 655.859375 1765334348.3200
CHLD 71452 685.578125 1765334348.3200
CHLD 71453 678.375000 1765334348.3200
MEM 202.234375 1765334348.4251
CHLD 71441 6.203125 1765334348.4282
CHLD 71442 265.687500 1765334348.4282
CHLD 71451 655.859375 1765334348.4282
CHLD 71452 685.578125 1765334348.4282
CHLD 71453 678.375000 1765334348.4282
MEM 202.234375 1765334348.5333
CHLD 71441 6.203125 1765334348.5364
CHLD 71442 265.687500 1765334348.5364
CHLD 71451 655.859375 1765334348.5364
CHLD 71452 685.578125 1765334348.5364
CHLD 71453 678.375000 1765334348.5364
MEM 202.234375 1765334348.6383
CHLD 71441 6.203125 1765334348.6434
CHLD 71442 265.687500 1765334348.6434
CHLD 71451 655.859375 1765334348.6434
CHLD 71452 685.578125 1765334348.6434
CHLD 71453 678.375000 1765334348.6434
MEM 202.234375 1765334348.7481
CHLD 71441 6.203125 1765334348.7531
CHLD 71442 265.687500 1765334348.7531
CHLD 71451 655.859375 1765334348.7531
CHLD 71452 685.578125 1765334348.7531
CHLD 71453 678.375000 1765334348.7531
MEM 202.234375 1765334348.8581
CHLD 71441 6.203125 1765334348.8619
CHLD 71442 265.687500 1765334348.8619
CHLD 71451 655.859375 1765334348.8619
CHLD 71452 685.578125 1765334348.8619
CHLD 71453 678.375000 1765334348.8619
MEM 202.234375 1765334348.9621
CHLD 71441 6.203125 1765334348.9668
CHLD 71442 265.687500 1765334348.9668
CHLD 71451 655.859375 1765334348.9668
CHLD 71452 685.578125 1765334348.9668
CHLD 71453 678.375000 1765334348.9668
MEM 202.234375 1765334349.0719
CHLD 71441 6.203125 1765334349.0769
CHLD 71442 265.687500 1765334349.0769
CHLD 71451 655.859375 1765334349.0769
CHLD 71452 685.578125 1765334349.0769
CHLD 71453 678.375000 1765334349.0769
MEM 202.234375 1765334349.1820
CHLD 71441 6.203125 1765334349.1871
CHLD 71442 265.687500 1765334349.1871
CHLD 71451 655.859375 1765334349.1871
CHLD 71452 685.578125 1765334349.1871
CHLD 71453 678.375000 1765334349.1871
MEM 202.234375 1765334349.2923
CHLD 71441 6.203125 1765334349.2976
CHLD 71442 265.687500 1765334349.2976
CHLD 71451 655.859375 1765334349.2976
CHLD 71452 685.578125 1765334349.2976
CHLD 71453 678.375000 1765334349.2976
MEM 202.234375 1765334349.4027
CHLD 71441 6.203125 1765334349.4060
CHLD 71442 265.687500 1765334349.4060
CHLD 71451 655.859375 1765334349.4069
CHLD 71452 685.578125 1765334349.4069
CHLD 71453 678.375000 1765334349.4069
MEM 202.234375 1765334349.5119
CHLD 71441 6.203125 1765334349.5152
CHLD 71442 265.687500 1765334349.5152
CHLD 71451 655.859375 1765334349.5152
CHLD 71452 685.578125 1765334349.5153
CHLD 71453 678.375000 1765334349.5153
MEM 202.234375 1765334349.6203
CHLD 71441 6.203125 1765334349.6236
CHLD 71442 265.687500 1765334349.6236
CHLD 71451 655.859375 1765334349.6236
CHLD 71452 685.578125 1765334349.6236
CHLD 71453 678.375000 1765334349.6236
MEM 202.234375 1765334349.7286
CHLD 71441 6.203125 1765334349.7319
CHLD 71442 265.687500 1765334349.7319
CHLD 71451 655.859375 1765334349.7319
CHLD 71452 685.578125 1765334349.7319
CHLD 71453 678.375000 1765334349.7319
MEM 202.234375 1765334349.8370
CHLD 71441 6.203125 1765334349.8403
CHLD 71442 265.687500 1765334349.8403
CHLD 71451 655.859375 1765334349.8403
CHLD 71452 685.578125 1765334349.8403
CHLD 71453 678.375000 1765334349.8403
MEM 202.234375 1765334349.9454
CHLD 71441 6.203125 1765334349.9487
CHLD 71442 265.687500 1765334349.9487
CHLD 71451 655.859375 1765334349.9487
CHLD 71452 685.578125 1765334349.9487
CHLD 71453 678.375000 1765334349.9487
MEM 202.234375 1765334350.0538
CHLD 71441 6.203125 1765334350.0572
CHLD 71442 265.687500 1765334350.0572
CHLD 71451 655.859375 1765334350.0572
CHLD 71452 685.578125 1765334350.0572
CHLD 71453 678.375000 1765334350.0572
MEM 202.234375 1765334350.1623
CHLD 71441 6.203125 1765334350.1658
CHLD 71442 265.687500 1765334350.1658
CHLD 71451 655.859375 1765334350.1658
CHLD 71452 685.578125 1765334350.1658
CHLD 71453 678.375000 1765334350.1658
MEM 202.234375 1765334350.2709
CHLD 71441 6.203125 1765334350.2742
CHLD 71442 265.687500 1765334350.2742
CHLD 71451 655.859375 1765334350.2742
CHLD 71452 685.578125 1765334350.2742
CHLD 71453 678.375000 1765334350.2742
MEM 202.234375 1765334350.3793
CHLD 71441 6.203125 1765334350.3829
CHLD 71442 265.687500 1765334350.3829
CHLD 71451 655.859375 1765334350.3829
CHLD 71452 685.578125 1765334350.3829
CHLD 71453 678.375000 1765334350.3829
MEM 202.234375 1765334350.4880
CHLD 71441 6.203125 1765334350.4915
CHLD 71442 265.687500 1765334350.4915
CHLD 71451 655.859375 1765334350.4915
CHLD 71452 685.578125 1765334350.4915
CHLD 71453 678.375000 1765334350.4915
MEM 202.234375 1765334350.5966
CHLD 71441 6.203125 1765334350.6002
CHLD 71442 265.687500 1765334350.6002
CHLD 71451 655.859375 1765334350.6002
CHLD 71452 685.578125 1765334350.6002
CHLD 71453 678.375000 1765334350.6002
MEM 202.234375 1765334350.7053
CHLD 71441 6.203125 1765334350.7088
CHLD 71442 265.687500 1765334350.7088
CHLD 71451 655.859375 1765334350.7089
CHLD 71452 685.578125 1765334350.7089
CHLD 71453 678.375000 1765334350.7089
MEM 202.234375 1765334350.8140
CHLD 71441 6.203125 1765334350.8173
CHLD 71442 265.687500 1765334350.8173
CHLD 71451 655.859375 1765334350.8173
CHLD 71452 685.578125 1765334350.8173
CHLD 71453 678.375000 1765334350.8173
MEM 202.234375 1765334350.9224
CHLD 71441 6.203125 1765334350.9259
CHLD 71442 265.687500 1765334350.9259
CHLD 71451 655.859375 1765334350.9259
CHLD 71452 685.578125 1765334350.9259
CHLD 71453 678.375000 1765334350.9259
MEM 202.234375 1765334351.0310
CHLD 71441 6.203125 1765334351.0344
CHLD 71442 265.687500 1765334351.0344
CHLD 71451 655.859375 1765334351.0344
CHLD 71452 685.578125 1765334351.0345
CHLD 71453 678.375000 1765334351.0345
MEM 202.234375 1765334351.1395
CHLD 71441 6.203125 1765334351.1429
CHLD 71442 265.687500 1765334351.1429
CHLD 71451 655.859375 1765334351.1429
CHLD 71452 685.578125 1765334351.1429
CHLD 71453 678.375000 1765334351.1429
MEM 202.234375 1765334351.2480
CHLD 71441 6.203125 1765334351.2513
CHLD 71442 265.687500 1765334351.2513
CHLD 71451 655.859375 1765334351.2513
CHLD 71452 685.578125 1765334351.2513
CHLD 71453 678.375000 1765334351.2513
MEM 202.234375 1765334351.3554
CHLD 71441 6.203125 1765334351.3588
CHLD 71442 265.687500 1765334351.3588
CHLD 71451 655.859375 1765334351.3588
CHLD 71452 685.578125 1765334351.3588
CHLD 71453 678.375000 1765334351.3588
MEM 202.234375 1765334351.4639
CHLD 71441 6.203125 1765334351.4674
CHLD 71442 265.687500 1765334351.4674
CHLD 71451 655.859375 1765334351.4674
CHLD 71452 685.578125 1765334351.4674
CHLD 71453 678.375000 1765334351.4674
MEM 202.234375 1765334351.5726
CHLD 71441 6.203125 1765334351.5760
CHLD 71442 265.687500 1765334351.5760
CHLD 71451 655.859375 1765334351.5760
CHLD 71452 685.578125 1765334351.5760
CHLD 71453 678.375000 1765334351.5760
MEM 202.234375 1765334351.6811
CHLD 71441 6.203125 1765334351.6846
CHLD 71442 265.687500 1765334351.6846
CHLD 71451 655.859375 1765334351.6846
CHLD 71452 685.578125 1765334351.6846
CHLD 71453 678.375000 1765334351.6846
MEM 202.234375 1765334351.7897
CHLD 71441 6.203125 1765334351.7931
CHLD 71442 265.687500 1765334351.7931
CHLD 71451 655.859375 1765334351.7931
CHLD 71452 685.578125 1765334351.7931
CHLD 71453 678.375000 1765334351.7932
MEM 202.234375 1765334351.8966
CHLD 71441 6.203125 1765334351.8999
CHLD 71442 265.687500 1765334351.8999
CHLD 71451 655.859375 1765334351.8999
CHLD 71452 685.578125 1765334351.8999
CHLD 71453 678.375000 1765334351.8999
MEM 202.234375 1765334352.0050
CHLD 71441 6.203125 1765334352.0083
CHLD 71442 265.687500 1765334352.0083
CHLD 71451 655.859375 1765334352.0083
CHLD 71452 685.578125 1765334352.0083
CHLD 71453 678.375000 1765334352.0083
MEM 202.234375 1765334352.1133
CHLD 71441 6.203125 1765334352.1166
CHLD 71442 265.687500 1765334352.1166
CHLD 71451 655.859375 1765334352.1166
CHLD 71452 685.578125 1765334352.1166
CHLD 71453 678.375000 1765334352.1166
MEM 202.234375 1765334352.2217
CHLD 71441 6.203125 1765334352.2250
CHLD 71442 265.687500 1765334352.2250
CHLD 71451 655.859375 1765334352.2250
CHLD 71452 685.578125 1765334352.2250
CHLD 71453 678.375000 1765334352.2250
MEM 202.234375 1765334352.3300
CHLD 71441 6.203125 1765334352.3333
CHLD 71442 265.687500 1765334352.3334
CHLD 71451 655.859375 1765334352.3334
CHLD 71452 685.578125 1765334352.3334
CHLD 71453 678.375000 1765334352.3334
MEM 202.234375 1765334352.4382
CHLD 71441 6.203125 1765334352.4413
CHLD 71442 265.687500 1765334352.4413
CHLD 71451 655.859375 1765334352.4413
CHLD 71452 685.578125 1765334352.4413
CHLD 71453 678.375000 1765334352.4413
MEM 202.234375 1765334352.5464
CHLD 71441 6.203125 1765334352.5494
CHLD 71442 265.687500 1765334352.5494
CHLD 71451 655.859375 1765334352.5494
CHLD 71452 685.578125 1765334352.5494
CHLD 71453 678.375000 1765334352.5494
MEM 202.234375 1765334352.6545
CHLD 71441 6.203125 1765334352.6576
CHLD 71442 265.687500 1765334352.6576
CHLD 71451 655.859375 1765334352.6576
CHLD 71452 685.578125 1765334352.6576
CHLD 71453 678.375000 1765334352.6576
MEM 202.234375 1765334352.7626
CHLD 71441 6.203125 1765334352.7656
CHLD 71442 265.687500 1765334352.7656
CHLD 71451 655.859375 1765334352.7656
CHLD 71452 685.578125 1765334352.7656
CHLD 71453 678.375000 1765334352.7657
MEM 202.234375 1765334352.8707
CHLD 71441 6.203125 1765334352.8738
CHLD 71442 265.687500 1765334352.8738
CHLD 71451 655.859375 1765334352.8738
CHLD 71452 685.578125 1765334352.8738
CHLD 71453 678.375000 1765334352.8738
MEM 202.234375 1765334352.9789
CHLD 71441 6.203125 1765334352.9833
CHLD 71442 265.687500 1765334352.9833
CHLD 71451 655.859375 1765334352.9833
CHLD 71452 685.578125 1765334352.9833
CHLD 71453 678.375000 1765334352.9833
MEM 202.234375 1765334353.0884
CHLD 71441 6.203125 1765334353.0928
CHLD 71442 265.687500 1765334353.0928
CHLD 71451 655.859375 1765334353.0928
CHLD 71452 685.578125 1765334353.0928
CHLD 71453 678.375000 1765334353.0928
MEM 202.234375 1765334353.1979
CHLD 71441 6.203125 1765334353.2025
CHLD 71442 265.687500 1765334353.2026
CHLD 71451 655.859375 1765334353.2026
CHLD 71452 685.578125 1765334353.2026
CHLD 71453 678.375000 1765334353.2026
MEM 202.234375 1765334353.3077
CHLD 71441 6.203125 1765334353.3124
CHLD 71442 265.687500 1765334353.3124
CHLD 71451 655.859375 1765334353.3124
CHLD 71452 685.578125 1765334353.3124
CHLD 71453 678.375000 1765334353.3124
MEM 202.234375 1765334353.4175
CHLD 71441 6.203125 1765334353.4227
CHLD 71442 265.687500 1765334353.4228
CHLD 71451 655.859375 1765334353.4228
CHLD 71452 685.578125 1765334353.4228
CHLD 71453 678.375000 1765334353.4228
MEM 202.234375 1765334353.5258
CHLD 71441 6.203125 1765334353.5299
CHLD 71442 265.687500 1765334353.5299
CHLD 71451 655.859375 1765334353.5299
CHLD 71452 685.578125 1765334353.5299
CHLD 71453 678.375000 1765334353.5299
MEM 202.234375 1765334353.6350
CHLD 71441 6.203125 1765334353.6392
CHLD 71442 265.687500 1765334353.6392
CHLD 71451 655.859375 1765334353.6392
CHLD 71452 685.578125 1765334353.6392
CHLD 71453 678.375000 1765334353.6392
MEM 202.234375 1765334353.7433
CHLD 71441 6.203125 1765334353.7471
CHLD 71442 265.687500 1765334353.7471
CHLD 71451 655.859375 1765334353.7471
CHLD 71452 685.578125 1765334353.7471
CHLD 71453 678.375000 1765334353.7471
MEM 202.234375 1765334353.8523
CHLD 71441 6.203125 1765334353.8563
CHLD 71442 265.687500 1765334353.8563
CHLD 71451 655.859375 1765334353.8563
CHLD 71452 685.578125 1765334353.8563
CHLD 71453 678.375000 1765334353.8563
MEM 202.234375 1765334353.9595
CHLD 71441 6.203125 1765334353.9627
CHLD 71442 265.687500 1765334353.9627
CHLD 71451 655.859375 1765334353.9628
CHLD 71452 685.578125 1765334353.9628
CHLD 71453 678.375000 1765334353.9628
MEM 202.234375 1765334354.0656
CHLD 71441 6.203125 1765334354.0690
CHLD 71442 265.687500 1765334354.0690
CHLD 71451 655.859375 1765334354.0690
CHLD 71452 685.578125 1765334354.0690
CHLD 71453 678.375000 1765334354.0690
MEM 202.234375 1765334354.1728
CHLD 71441 6.203125 1765334354.1763
CHLD 71442 265.687500 1765334354.1763
CHLD 71451 655.859375 1765334354.1763
CHLD 71452 685.578125 1765334354.1763
CHLD 71453 678.375000 1765334354.1763
MEM 202.234375 1765334354.2815
CHLD 71441 6.203125 1765334354.2850
CHLD 71442 265.687500 1765334354.2850
CHLD 71451 655.859375 1765334354.2850
CHLD 71452 685.578125 1765334354.2850
CHLD 71453 678.375000 1765334354.2850
MEM 202.234375 1765334354.3901
CHLD 71441 6.203125 1765334354.3934
CHLD 71442 265.687500 1765334354.3934
CHLD 71451 655.859375 1765334354.3934
CHLD 71452 685.578125 1765334354.3934
CHLD 71453 678.375000 1765334354.3934
MEM 202.234375 1765334354.4985
CHLD 71441 6.203125 1765334354.5016
CHLD 71442 265.687500 1765334354.5016
CHLD 71451 655.859375 1765334354.5016
CHLD 71452 685.578125 1765334354.5016
CHLD 71453 678.375000 1765334354.5016
MEM 202.234375 1765334354.6048
CHLD 71441 6.203125 1765334354.6081
CHLD 71442 265.687500 1765334354.6081
CHLD 71451 655.859375 1765334354.6081
CHLD 71452 685.578125 1765334354.6081
CHLD 71453 678.375000 1765334354.6081
MEM 202.234375 1765334354.7132
CHLD 71441 6.203125 1765334354.7165
CHLD 71442 265.687500 1765334354.7165
CHLD 71451 655.859375 1765334354.7165
CHLD 71452 685.578125 1765334354.7165
CHLD 71453 678.375000 1765334354.7165
MEM 202.234375 1765334354.8216
CHLD 71441 6.203125 1765334354.8249
CHLD 71442 265.687500 1765334354.8249
CHLD 71451 655.859375 1765334354.8249
CHLD 71452 685.578125 1765334354.8249
CHLD 71453 678.375000 1765334354.8249
MEM 202.234375 1765334354.9258
CHLD 71441 6.203125 1765334354.9291
CHLD 71442 265.687500 1765334354.9291
CHLD 71451 655.859375 1765334354.9291
CHLD 71452 685.578125 1765334354.9292
CHLD 71453 678.375000 1765334354.9292
MEM 202.234375 1765334355.0342
CHLD 71441 6.203125 1765334355.0375
CHLD 71442 265.687500 1765334355.0375
CHLD 71451 655.859375 1765334355.0375
CHLD 71452 685.578125 1765334355.0375
CHLD 71453 678.375000 1765334355.0375
MEM 202.234375 1765334355.1426
CHLD 71441 6.203125 1765334355.1458
CHLD 71442 265.687500 1765334355.1458
CHLD 71451 655.859375 1765334355.1458
CHLD 71452 685.578125 1765334355.1459
CHLD 71453 678.375000 1765334355.1459
MEM 202.234375 1765334355.2509
CHLD 71441 6.203125 1765334355.2542
CHLD 71442 265.687500 1765334355.2542
CHLD 71451 655.859375 1765334355.2542
CHLD 71452 685.578125 1765334355.2542
CHLD 71453 678.375000 1765334355.2542
MEM 202.234375 1765334355.3593
CHLD 71441 6.203125 1765334355.3626
CHLD 71442 265.687500 1765334355.3626
CHLD 71451 655.859375 1765334355.3626
CHLD 71452 685.578125 1765334355.3626
CHLD 71453 678.375000 1765334355.3626
MEM 202.234375 1765334355.4677
CHLD 71441 6.203125 1765334355.4711
CHLD 71442 265.687500 1765334355.4711
CHLD 71451 655.859375 1765334355.4711
CHLD 71452 685.578125 1765334355.4711
CHLD 71453 678.375000 1765334355.4711
MEM 202.234375 1765334355.5762
CHLD 71441 6.203125 1765334355.5796
CHLD 71442 265.687500 1765334355.5796
CHLD 71451 655.859375 1765334355.5796
CHLD 71452 685.578125 1765334355.5796
CHLD 71453 678.375000 1765334355.5796
MEM 202.234375 1765334355.6847
CHLD 71441 6.203125 1765334355.6880
CHLD 71442 265.687500 1765334355.6880
CHLD 71451 655.859375 1765334355.6880
CHLD 71452 685.578125 1765334355.6880
CHLD 71453 678.375000 1765334355.6880
MEM 202.234375 1765334355.7931
CHLD 71441 6.203125 1765334355.7964
CHLD 71442 265.687500 1765334355.7964
CHLD 71451 655.859375 1765334355.7964
CHLD 71452 685.578125 1765334355.7964
CHLD 71453 678.375000 1765334355.7964
MEM 202.234375 1765334355.9015
CHLD 71441 6.203125 1765334355.9048
CHLD 71442 265.687500 1765334355.9048
CHLD 71451 655.859375 1765334355.9048
CHLD 71452 685.578125 1765334355.9048
CHLD 71453 678.375000 1765334355.9048
MEM 202.234375 1765334356.0099
CHLD 71441 6.203125 1765334356.0132
CHLD 71442 265.687500 1765334356.0132
CHLD 71451 655.859375 1765334356.0132
CHLD 71452 685.578125 1765334356.0132
CHLD 71453 678.375000 1765334356.0132
MEM 202.234375 1765334356.1183
CHLD 71441 6.203125 1765334356.1223
CHLD 71442 265.687500 1765334356.1223
CHLD 71451 655.859375 1765334356.1223
CHLD 71452 685.578125 1765334356.1223
CHLD 71453 678.375000 1765334356.1223
MEM 202.234375 1765334356.2274
CHLD 71441 6.203125 1765334356.2317
CHLD 71442 265.687500 1765334356.2318
CHLD 71451 655.859375 1765334356.2318
CHLD 71452 685.578125 1765334356.2318
CHLD 71453 678.375000 1765334356.2318
MEM 202.234375 1765334356.3368
CHLD 71441 6.203125 1765334356.3406
CHLD 71442 265.687500 1765334356.3406
CHLD 71451 655.859375 1765334356.3406
CHLD 71452 685.578125 1765334356.3406
CHLD 71453 678.375000 1765334356.3406
MEM 202.234375 1765334356.4458
CHLD 71441 6.203125 1765334356.4491
CHLD 71442 265.687500 1765334356.4491
CHLD 71451 655.859375 1765334356.4491
CHLD 71452 685.578125 1765334356.4491
CHLD 71453 678.375000 1765334356.4492
MEM 202.234375 1765334356.5542
CHLD 71441 6.203125 1765334356.5575
CHLD 71442 265.687500 1765334356.5575
CHLD 71451 655.859375 1765334356.5575
CHLD 71452 685.578125 1765334356.5575
CHLD 71453 678.375000 1765334356.5575
MEM 202.234375 1765334356.6626
CHLD 71441 6.203125 1765334356.6664
CHLD 71442 265.687500 1765334356.6664
CHLD 71451 655.859375 1765334356.6664
CHLD 71452 685.578125 1765334356.6664
CHLD 71453 678.375000 1765334356.6664
MEM 202.234375 1765334356.7715
CHLD 71441 6.203125 1765334356.7751
CHLD 71442 265.687500 1765334356.7751
CHLD 71451 655.859375 1765334356.7751
CHLD 71452 685.578125 1765334356.7751
CHLD 71453 678.375000 1765334356.7751
MEM 202.234375 1765334356.8785
CHLD 71441 6.203125 1765334356.8820
CHLD 71442 265.687500 1765334356.8820
CHLD 71451 655.859375 1765334356.8821
CHLD 71452 685.578125 1765334356.8821
CHLD 71453 678.375000 1765334356.8821
MEM 202.234375 1765334356.9850
CHLD 71441 6.203125 1765334356.9904
CHLD 71442 265.687500 1765334356.9904
CHLD 71451 655.859375 1765334356.9904
CHLD 71452 685.578125 1765334356.9904
CHLD 71453 678.375000 1765334356.9904
MEM 202.234375 1765334357.0955
CHLD 71441 6.203125 1765334357.1008
CHLD 71442 265.687500 1765334357.1008
CHLD 71451 655.859375 1765334357.1008
CHLD 71452 685.578125 1765334357.1009
CHLD 71453 678.375000 1765334357.1009
MEM 202.234375 1765334357.2059
CHLD 71441 6.203125 1765334357.2113
CHLD 71442 265.687500 1765334357.2113
CHLD 71451 655.859375 1765334357.2113
CHLD 71452 685.578125 1765334357.2113
CHLD 71453 678.375000 1765334357.2113
MEM 202.234375 1765334357.3164
CHLD 71441 6.203125 1765334357.3218
CHLD 71442 265.687500 1765334357.3218
CHLD 71451 655.859375 1765334357.3218
CHLD 71452 685.578125 1765334357.3218
CHLD 71453 678.375000 1765334357.3218
MEM 202.234375 1765334357.4258
CHLD 71441 6.203125 1765334357.4313
CHLD 71442 265.687500 1765334357.4313
CHLD 71451 655.859375 1765334357.4313
CHLD 71452 685.578125 1765334357.4313
CHLD 71453 678.375000 1765334357.4313
MEM 202.234375 1765334357.5364
CHLD 71441 6.203125 1765334357.5417
CHLD 71442 265.687500 1765334357.5417
CHLD 71451 655.859375 1765334357.5417
CHLD 71452 685.578125 1765334357.5418
CHLD 71453 678.375000 1765334357.5418
MEM 202.234375 1765334357.6468
CHLD 71441 6.203125 1765334357.6522
CHLD 71442 265.687500 1765334357.6522
CHLD 71451 655.859375 1765334357.6522
CHLD 71452 685.578125 1765334357.6522
CHLD 71453 678.375000 1765334357.6522
MEM 202.234375 1765334357.7573
CHLD 71441 6.203125 1765334357.7623
CHLD 71442 265.687500 1765334357.7623
CHLD 71451 655.859375 1765334357.7623
CHLD 71452 685.578125 1765334357.7623
CHLD 71453 678.375000 1765334357.7623
MEM 202.234375 1765334357.8674
CHLD 71441 6.203125 1765334357.8725
CHLD 71442 265.687500 1765334357.8725
CHLD 71451 655.859375 1765334357.8725
CHLD 71452 685.578125 1765334357.8725
CHLD 71453 678.375000 1765334357.8725
MEM 202.234375 1765334357.9756
CHLD 71441 6.203125 1765334357.9811
CHLD 71442 265.687500 1765334357.9811
CHLD 71451 655.859375 1765334357.9811
CHLD 71452 685.578125 1765334357.9812
CHLD 71453 678.375000 1765334357.9812
MEM 202.234375 1765334358.0862
CHLD 71441 6.203125 1765334358.0896
CHLD 71442 265.687500 1765334358.0896
CHLD 71451 655.859375 1765334358.0896
CHLD 71452 685.578125 1765334358.0896
CHLD 71453 678.375000 1765334358.0896
MEM 202.234375 1765334358.1947
CHLD 71441 6.203125 1765334358.1983
CHLD 71442 265.687500 1765334358.1983
CHLD 71451 655.859375 1765334358.1983
CHLD 71452 685.578125 1765334358.1983
CHLD 71453 678.375000 1765334358.1983
MEM 202.234375 1765334358.3034
CHLD 71441 6.203125 1765334358.3070
CHLD 71442 265.687500 1765334358.3070
CHLD 71451 655.859375 1765334358.3071
CHLD 71452 685.578125 1765334358.3071
CHLD 71453 678.375000 1765334358.3071
MEM 202.234375 1765334358.4122
CHLD 71441 6.203125 1765334358.4158
CHLD 71442 265.687500 1765334358.4158
CHLD 71451 655.859375 1765334358.4158
CHLD 71452 685.578125 1765334358.4158
CHLD 71453 678.375000 1765334358.4158
MEM 202.234375 1765334358.5209
CHLD 71441 6.203125 1765334358.5244
CHLD 71442 265.687500 1765334358.5244
CHLD 71451 655.859375 1765334358.5244
CHLD 71452 685.578125 1765334358.5244
CHLD 71453 678.375000 1765334358.5244
MEM 202.234375 1765334358.6294
CHLD 71441 6.203125 1765334358.6328
CHLD 71442 265.687500 1765334358.6328
CHLD 71451 655.859375 1765334358.6328
CHLD 71452 685.578125 1765334358.6328
CHLD 71453 678.375000 1765334358.6328
MEM 202.234375 1765334358.7379
CHLD 71441 6.203125 1765334358.7412
CHLD 71442 265.687500 1765334358.7412
CHLD 71451 655.859375 1765334358.7412
CHLD 71452 685.578125 1765334358.7412
CHLD 71453 678.375000 1765334358.7412
MEM 202.234375 1765334358.8415
CHLD 71441 6.203125 1765334358.8447
CHLD 71442 265.687500 1765334358.8447
CHLD 71451 655.859375 1765334358.8447
CHLD 71452 685.578125 1765334358.8447
CHLD 71453 678.375000 1765334358.8447
MEM 202.234375 1765334358.9498
CHLD 71441 6.203125 1765334358.9532
CHLD 71442 265.687500 1765334358.9532
CHLD 71451 655.859375 1765334358.9532
CHLD 71452 685.578125 1765334358.9532
CHLD 71453 678.375000 1765334358.9532
MEM 202.234375 1765334359.0582
CHLD 71441 6.203125 1765334359.0616
CHLD 71442 265.687500 1765334359.0616
CHLD 71451 655.859375 1765334359.0616
CHLD 71452 685.578125 1765334359.0616
CHLD 71453 678.375000 1765334359.0616
MEM 202.234375 1765334359.1667
CHLD 71441 6.203125 1765334359.1701
CHLD 71442 265.687500 1765334359.1701
CHLD 71451 655.859375 1765334359.1701
CHLD 71452 685.578125 1765334359.1701
CHLD 71453 678.375000 1765334359.1701
MEM 202.234375 1765334359.2752
CHLD 71441 6.203125 1765334359.2785
CHLD 71442 265.687500 1765334359.2785
CHLD 71451 655.859375 1765334359.2785
CHLD 71452 685.578125 1765334359.2785
CHLD 71453 678.375000 1765334359.2786
MEM 202.234375 1765334359.3836
CHLD 71441 6.203125 1765334359.3867
CHLD 71442 265.687500 1765334359.3867
CHLD 71451 655.859375 1765334359.3867
CHLD 71452 685.578125 1765334359.3867
CHLD 71453 678.375000 1765334359.3867
MEM 202.234375 1765334359.4918
CHLD 71441 6.203125 1765334359.4950
CHLD 71442 265.687500 1765334359.4950
CHLD 71451 655.859375 1765334359.4950
CHLD 71452 685.578125 1765334359.4950
CHLD 71453 678.375000 1765334359.4950
MEM 202.234375 1765334359.6001
CHLD 71441 6.203125 1765334359.6031
CHLD 71442 265.687500 1765334359.6031
CHLD 71451 655.859375 1765334359.6031
CHLD 71452 685.578125 1765334359.6031
CHLD 71453 678.375000 1765334359.6031
MEM 202.234375 1765334359.7082
CHLD 71441 6.203125 1765334359.7112
CHLD 71442 265.687500 1765334359.7112
CHLD 71451 655.859375 1765334359.7112
CHLD 71452 685.578125 1765334359.7112
CHLD 71453 678.375000 1765334359.7112
MEM 202.234375 1765334359.8155
CHLD 71441 6.203125 1765334359.8189
CHLD 71442 265.687500 1765334359.8189
CHLD 71451 655.859375 1765334359.8189
CHLD 71452 685.578125 1765334359.8189
CHLD 71453 678.375000 1765334359.8189
MEM 202.234375 1765334359.9239
CHLD 71441 6.203125 1765334359.9271
CHLD 71442 265.687500 1765334359.9271
CHLD 71451 655.859375 1765334359.9271
CHLD 71452 685.578125 1765334359.9271
CHLD 71453 678.375000 1765334359.9271
MEM 202.234375 1765334360.0322
CHLD 71441 6.203125 1765334360.0355
CHLD 71442 265.687500 1765334360.0355
CHLD 71451 655.859375 1765334360.0355
CHLD 71452 685.578125 1765334360.0355
CHLD 71453 678.375000 1765334360.0355
MEM 202.234375 1765334360.1406
CHLD 71441 6.203125 1765334360.1440
CHLD 71442 265.687500 1765334360.1440
CHLD 71451 655.859375 1765334360.1440
CHLD 71452 685.578125 1765334360.1440
CHLD 71453 678.375000 1765334360.1440
MEM 202.234375 1765334360.2491
CHLD 71441 6.203125 1765334360.2524
CHLD 71442 265.687500 1765334360.2524
CHLD 71451 655.859375 1765334360.2524
CHLD 71452 685.578125 1765334360.2524
CHLD 71453 678.375000 1765334360.2524
MEM 202.234375 1765334360.3576
CHLD 71441 6.203125 1765334360.3610
CHLD 71442 265.687500 1765334360.3610
CHLD 71451 655.859375 1765334360.3610
CHLD 71452 685.578125 1765334360.3610
CHLD 71453 678.375000 1765334360.3611
MEM 202.234375 1765334360.4661
CHLD 71441 6.203125 1765334360.4695
CHLD 71442 265.687500 1765334360.4695
CHLD 71451 655.859375 1765334360.4696
CHLD 71452 685.578125 1765334360.4696
CHLD 71453 678.375000 1765334360.4696
MEM 202.234375 1765334360.5747
CHLD 71441 6.203125 1765334360.5779
CHLD 71442 265.687500 1765334360.5779
CHLD 71451 655.859375 1765334360.5779
CHLD 71452 685.578125 1765334360.5780
CHLD 71453 678.375000 1765334360.5780
MEM 202.234375 1765334360.6831
CHLD 71441 6.203125 1765334360.6863
CHLD 71442 265.687500 1765334360.6863
CHLD 71451 655.859375 1765334360.6863
CHLD 71452 685.578125 1765334360.6863
CHLD 71453 678.375000 1765334360.6864
MEM 202.234375 1765334360.7915
CHLD 71441 6.203125 1765334360.7948
CHLD 71442 265.687500 1765334360.7948
CHLD 71451 655.859375 1765334360.7948
CHLD 71452 685.578125 1765334360.7948
CHLD 71453 678.375000 1765334360.7949
MEM 202.234375 1765334360.9000
CHLD 71441 6.203125 1765334360.9032
CHLD 71442 265.687500 1765334360.9032
CHLD 71451 655.859375 1765334360.9032
CHLD 71452 685.578125 1765334360.9032
CHLD 71453 678.375000 1765334360.9032
MEM 202.234375 1765334361.0048
CHLD 71441 6.203125 1765334361.0083
CHLD 71442 265.687500 1765334361.0083
CHLD 71451 655.859375 1765334361.0083
CHLD 71452 685.578125 1765334361.0083
CHLD 71453 678.375000 1765334361.0083
MEM 202.234375 1765334361.1134
CHLD 71441 6.203125 1765334361.1169
CHLD 71442 265.687500 1765334361.1169
CHLD 71451 655.859375 1765334361.1169
CHLD 71452 685.578125 1765334361.1169
CHLD 71453 678.375000 1765334361.1169
MEM 202.234375 1765334361.2221
CHLD 71441 6.203125 1765334361.2256
CHLD 71442 265.687500 1765334361.2256
CHLD 71451 655.859375 1765334361.2256
CHLD 71452 685.578125 1765334361.2256
CHLD 71453 678.375000 1765334361.2256
MEM 202.234375 1765334361.3259
CHLD 71441 6.203125 1765334361.3294
CHLD 71442 265.687500 1765334361.3294
CHLD 71451 655.859375 1765334361.3294
CHLD 71452 685.625000 1765334361.3294
CHLD 71453 678.375000 1765334361.3294
MEM 202.265625 1765334361.4345
CHLD 71441 6.203125 1765334361.4381
CHLD 71442 265.703125 1765334361.4381
CHLD 71451 655.890625 1765334361.4381
CHLD 71452 685.625000 1765334361.4381
CHLD 71453 678.390625 1765334361.4381
MEM 202.265625 1765334361.5426
CHLD 71441 6.203125 1765334361.5461
CHLD 71442 265.703125 1765334361.5462
CHLD 71451 655.890625 1765334361.5462
CHLD 71452 685.625000 1765334361.5462
CHLD 71453 678.390625 1765334361.5462
MEM 202.265625 1765334361.6509
CHLD 71441 6.203125 1765334361.6546
CHLD 71442 265.703125 1765334361.6546
CHLD 71451 655.890625 1765334361.6547
CHLD 71452 685.625000 1765334361.6547
CHLD 71453 678.390625 1765334361.6547
MEM 202.265625 1765334361.7592
CHLD 71441 6.203125 1765334361.7630
CHLD 71442 265.703125 1765334361.7630
CHLD 71451 655.890625 1765334361.7630
CHLD 71452 685.625000 1765334361.7630
CHLD 71453 678.390625 1765334361.7630
MEM 202.265625 1765334361.8682
CHLD 71441 6.203125 1765334361.8720
CHLD 71442 265.703125 1765334361.8720
CHLD 71451 655.890625 1765334361.8720
CHLD 71452 685.625000 1765334361.8720
CHLD 71453 678.390625 1765334361.8720
MEM 202.406250 1765334361.9772
CHLD 71441 6.203125 1765334361.9810
CHLD 71442 265.765625 1765334361.9811
CHLD 71451 658.656250 1765334361.9811
CHLD 71452 685.703125 1765334361.9811
CHLD 71453 678.484375 1765334361.9811
MEM 202.406250 1765334362.0862
CHLD 71441 6.203125 1765334362.0899
CHLD 71442 265.765625 1765334362.0899
CHLD 71451 658.656250 1765334362.0899
CHLD 71452 685.703125 1765334362.0899
CHLD 71453 678.484375 1765334362.0899
MEM 202.406250 1765334362.1925
CHLD 71441 6.203125 1765334362.1958
CHLD 71442 265.765625 1765334362.1958
CHLD 71451 658.656250 1765334362.1958
CHLD 71452 685.703125 1765334362.1958
CHLD 71453 678.484375 1765334362.1958
MEM 202.406250 1765334362.3010
CHLD 71441 6.203125 1765334362.3044
CHLD 71442 265.765625 1765334362.3044
CHLD 71451 658.656250 1765334362.3044
CHLD 71452 685.703125 1765334362.3044
CHLD 71453 678.484375 1765334362.3044
MEM 202.406250 1765334362.4096
CHLD 71441 6.203125 1765334362.4130
CHLD 71442 265.765625 1765334362.4130
CHLD 71451 658.656250 1765334362.4130
CHLD 71452 685.703125 1765334362.4130
CHLD 71453 678.484375 1765334362.4130
MEM 202.406250 1765334362.5176
CHLD 71441 6.203125 1765334362.5212
CHLD 71442 265.765625 1765334362.5212
CHLD 71451 658.656250 1765334362.5212
CHLD 71452 685.703125 1765334362.5212
CHLD 71453 678.484375 1765334362.5213
MEM 202.406250 1765334362.6264
CHLD 71441 6.203125 1765334362.6300
CHLD 71442 265.765625 1765334362.6301
CHLD 71451 658.656250 1765334362.6301
CHLD 71452 685.703125 1765334362.6301
CHLD 71453 678.484375 1765334362.6301
MEM 202.406250 1765334362.7352
CHLD 71441 6.203125 1765334362.7388
CHLD 71442 265.765625 1765334362.7388
CHLD 71451 658.656250 1765334362.7388
CHLD 71452 685.703125 1765334362.7388
CHLD 71453 678.484375 1765334362.7388
MEM 202.406250 1765334362.8426
CHLD 71441 6.203125 1765334362.8459
CHLD 71442 265.765625 1765334362.8459
CHLD 71451 658.656250 1765334362.8459
CHLD 71452 685.703125 1765334362.8459
CHLD 71453 678.484375 1765334362.8459
MEM 202.406250 1765334362.9509
CHLD 71441 6.203125 1765334362.9542
CHLD 71442 265.765625 1765334362.9543
CHLD 71451 658.656250 1765334362.9543
CHLD 71452 685.703125 1765334362.9543
CHLD 71453 678.484375 1765334362.9543
MEM 202.406250 1765334363.0592
CHLD 71441 6.203125 1765334363.0628
CHLD 71442 265.765625 1765334363.0628
CHLD 71451 658.656250 1765334363.0628
CHLD 71452 685.703125 1765334363.0628
CHLD 71453 678.484375 1765334363.0628
MEM 202.406250 1765334363.1680
CHLD 71441 6.203125 1765334363.1714
CHLD 71442 265.765625 1765334363.1715
CHLD 71451 658.656250 1765334363.1715
CHLD 71452 685.703125 1765334363.1715
CHLD 71453 678.484375 1765334363.1715
MEM 202.406250 1765334363.2766
CHLD 71441 6.203125 1765334363.2799
CHLD 71442 265.765625 1765334363.2799
CHLD 71451 658.656250 1765334363.2799
CHLD 71452 685.703125 1765334363.2799
CHLD 71453 678.484375 1765334363.2799
MEM 202.406250 1765334363.3850
CHLD 71441 6.203125 1765334363.3882
CHLD 71442 265.765625 1765334363.3882
CHLD 71451 658.656250 1765334363.3883
CHLD 71452 685.703125 1765334363.3883
CHLD 71453 678.484375 1765334363.3883
MEM 202.406250 1765334363.4925
CHLD 71441 6.203125 1765334363.4959
CHLD 71442 265.765625 1765334363.4959
CHLD 71451 658.656250 1765334363.4959
CHLD 71452 685.703125 1765334363.4959
CHLD 71453 678.484375 1765334363.4959
MEM 202.406250 1765334363.6010
CHLD 71441 6.203125 1765334363.6043
CHLD 71442 265.765625 1765334363.6043
CHLD 71451 658.656250 1765334363.6043
CHLD 71452 685.703125 1765334363.6043
CHLD 71453 678.484375 1765334363.6043
MEM 202.406250 1765334363.7094
CHLD 71441 6.203125 1765334363.7127
CHLD 71442 265.765625 1765334363.7128
CHLD 71451 658.656250 1765334363.7128
CHLD 71452 685.703125 1765334363.7128
CHLD 71453 678.484375 1765334363.7128
MEM 202.406250 1765334363.8179
CHLD 71441 6.203125 1765334363.8210
CHLD 71442 265.765625 1765334363.8210
CHLD 71451 658.656250 1765334363.8210
CHLD 71452 685.703125 1765334363.8210
CHLD 71453 678.484375 1765334363.8210
MEM 202.406250 1765334363.9262
CHLD 71441 6.203125 1765334363.9295
CHLD 71442 265.765625 1765334363.9296
CHLD 71451 658.656250 1765334363.9296
CHLD 71452 685.703125 1765334363.9296
CHLD 71453 678.484375 1765334363.9296
MEM 202.406250 1765334364.0347
CHLD 71441 6.203125 1765334364.0380
CHLD 71442 265.765625 1765334364.0380
CHLD 71451 658.656250 1765334364.0380
CHLD 71452 685.703125 1765334364.0380
CHLD 71453 678.484375 1765334364.0380
MEM 202.406250 1765334364.1431
CHLD 71441 6.203125 1765334364.1463
CHLD 71442 265.765625 1765334364.1463
CHLD 71451 658.656250 1765334364.1463
CHLD 71452 685.703125 1765334364.1463
CHLD 71453 678.484375 1765334364.1463
MEM 202.406250 1765334364.2514
CHLD 71441 6.203125 1765334364.2546
CHLD 71442 265.765625 1765334364.2546
CHLD 71451 658.656250 1765334364.2546
CHLD 71452 685.703125 1765334364.2546
CHLD 71453 678.484375 1765334364.2546
MEM 202.406250 1765334364.3596
CHLD 71441 6.203125 1765334364.3629
CHLD 71442 265.765625 1765334364.3629
CHLD 71451 658.656250 1765334364.3629
CHLD 71452 685.703125 1765334364.3629
CHLD 71453 678.484375 1765334364.3629
MEM 202.406250 1765334364.4675
CHLD 71441 6.203125 1765334364.4706
CHLD 71442 265.765625 1765334364.4706
CHLD 71451 658.656250 1765334364.4706
CHLD 71452 685.703125 1765334364.4706
CHLD 71453 678.484375 1765334364.4706
MEM 202.406250 1765334364.5728
CHLD 71441 6.203125 1765334364.5759
CHLD 71442 265.765625 1765334364.5759
CHLD 71451 658.656250 1765334364.5760
CHLD 71452 685.703125 1765334364.5760
CHLD 71453 678.484375 1765334364.5760
MEM 202.406250 1765334364.6810
CHLD 71441 6.203125 1765334364.6841
CHLD 71442 265.765625 1765334364.6842
CHLD 71451 658.656250 1765334364.6842
CHLD 71452 685.703125 1765334364.6842
CHLD 71453 678.484375 1765334364.6842
MEM 202.406250 1765334364.7892
CHLD 71441 6.203125 1765334364.7924
CHLD 71442 265.765625 1765334364.7925
CHLD 71451 658.656250 1765334364.7925
CHLD 71452 685.703125 1765334364.7925
CHLD 71453 678.484375 1765334364.7925
MEM 202.406250 1765334364.8976
CHLD 71441 6.203125 1765334364.9009
CHLD 71442 265.765625 1765334364.9009
CHLD 71451 658.656250 1765334364.9009
CHLD 71452 685.703125 1765334364.9009
CHLD 71453 678.484375 1765334364.9009
MEM 202.406250 1765334365.0049
CHLD 71441 6.203125 1765334365.0086
CHLD 71442 265.765625 1765334365.0086
CHLD 71451 658.656250 1765334365.0086
CHLD 71452 685.703125 1765334365.0086
CHLD 71453 678.484375 1765334365.0086
MEM 202.406250 1765334365.1116
CHLD 71441 6.203125 1765334365.1147
CHLD 71442 265.765625 1765334365.1147
CHLD 71451 658.656250 1765334365.1147
CHLD 71452 685.703125 1765334365.1147
CHLD 71453 678.484375 1765334365.1147
MEM 202.406250 1765334365.2198
CHLD 71441 6.203125 1765334365.2230
CHLD 71442 265.765625 1765334365.2230
CHLD 71451 658.656250 1765334365.2230
CHLD 71452 685.703125 1765334365.2230
CHLD 71453 678.484375 1765334365.2230
MEM 202.406250 1765334365.3249
CHLD 71441 6.203125 1765334365.3283
CHLD 71442 265.765625 1765334365.3283
CHLD 71451 658.656250 1765334365.3283
CHLD 71452 685.703125 1765334365.3283
CHLD 71453 678.484375 1765334365.3283
MEM 202.406250 1765334365.4334
CHLD 71441 6.203125 1765334365.4369
CHLD 71442 265.765625 1765334365.4369
CHLD 71451 658.656250 1765334365.4369
CHLD 71452 685.703125 1765334365.4369
CHLD 71453 678.484375 1765334365.4369
MEM 202.406250 1765334365.5400
CHLD 71441 6.203125 1765334365.5432
CHLD 71442 265.765625 1765334365.5432
CHLD 71451 658.656250 1765334365.5432
CHLD 71452 685.703125 1765334365.5432
CHLD 71453 678.484375 1765334365.5432
MEM 202.406250 1765334365.6457
CHLD 71441 6.203125 1765334365.6493
CHLD 71442 265.765625 1765334365.6494
CHLD 71451 658.656250 1765334365.6494
CHLD 71452 685.703125 1765334365.6494
CHLD 71453 678.484375 1765334365.6494
MEM 202.406250 1765334365.7499
CHLD 71441 6.203125 1765334365.7534
CHLD 71442 265.765625 1765334365.7534
CHLD 71451 658.656250 1765334365.7534
CHLD 71452 685.703125 1765334365.7534
CHLD 71453 678.484375 1765334365.7534
MEM 202.406250 1765334365.8586
CHLD 71441 6.203125 1765334365.8622
CHLD 71442 265.765625 1765334365.8622
CHLD 71451 658.656250 1765334365.8622
CHLD 71452 685.703125 1765334365.8622
CHLD 71453 678.484375 1765334365.8622
MEM 202.406250 1765334365.9643
CHLD 71441 6.203125 1765334365.9678
CHLD 71442 265.765625 1765334365.9678
CHLD 71451 658.656250 1765334365.9679
CHLD 71452 685.703125 1765334365.9679
CHLD 71453 678.484375 1765334365.9679
MEM 202.406250 1765334366.0710
CHLD 71441 6.203125 1765334366.0746
CHLD 71442 265.765625 1765334366.0746
CHLD 71451 658.656250 1765334366.0746
CHLD 71452 685.703125 1765334366.0746
CHLD 71453 678.484375 1765334366.0746
MEM 202.406250 1765334366.1797
CHLD 71441 6.203125 1765334366.1829
CHLD 71442 265.765625 1765334366.1829
CHLD 71451 658.656250 1765334366.1829
CHLD 71452 685.703125 1765334366.1829
CHLD 71453 678.484375 1765334366.1829
MEM 202.406250 1765334366.2864
CHLD 71441 6.203125 1765334366.2900
CHLD 71442 265.765625 1765334366.2900
CHLD 71451 658.656250 1765334366.2900
CHLD 71452 685.703125 1765334366.2900
CHLD 71453 678.484375 1765334366.2900
MEM 202.406250 1765334366.3951
CHLD 71441 6.203125 1765334366.3983
CHLD 71442 265.765625 1765334366.3983
CHLD 71451 658.656250 1765334366.3983
CHLD 71452 685.703125 1765334366.3983
CHLD 71453 678.484375 1765334366.3983
MEM 202.406250 1765334366.5009
CHLD 71441 6.203125 1765334366.5046
CHLD 71442 265.765625 1765334366.5046
CHLD 71451 658.656250 1765334366.5046
CHLD 71452 685.703125 1765334366.5046
CHLD 71453 678.484375 1765334366.5046
MEM 202.406250 1765334366.6097
CHLD 71441 6.203125 1765334366.6131
CHLD 71442 265.765625 1765334366.6131
CHLD 71451 658.656250 1765334366.6131
CHLD 71452 685.703125 1765334366.6131
CHLD 71453 678.484375 1765334366.6131
MEM 202.406250 1765334366.7182
CHLD 71441 6.203125 1765334366.7217
CHLD 71442 265.765625 1765334366.7217
CHLD 71451 658.656250 1765334366.7217
CHLD 71452 685.703125 1765334366.7217
CHLD 71453 678.484375 1765334366.7217
MEM 202.406250 1765334366.8268
CHLD 71441 6.203125 1765334366.8303
CHLD 71442 265.765625 1765334366.8303
CHLD 71451 658.656250 1765334366.8303
CHLD 71452 685.703125 1765334366.8303
CHLD 71453 678.484375 1765334366.8303
MEM 202.406250 1765334366.9342
CHLD 71441 6.203125 1765334366.9377
CHLD 71442 265.765625 1765334366.9377
CHLD 71451 658.656250 1765334366.9377
CHLD 71452 685.703125 1765334366.9377
CHLD 71453 678.484375 1765334366.9378
MEM 202.406250 1765334367.0429
CHLD 71441 6.203125 1765334367.0463
CHLD 71442 265.765625 1765334367.0463
CHLD 71451 658.656250 1765334367.0463
CHLD 71452 685.703125 1765334367.0463
CHLD 71453 678.484375 1765334367.0463
MEM 202.406250 1765334367.1514
CHLD 71441 6.203125 1765334367.1548
CHLD 71442 265.765625 1765334367.1548
CHLD 71451 658.656250 1765334367.1548
CHLD 71452 685.703125 1765334367.1548
CHLD 71453 678.484375 1765334367.1548
MEM 202.406250 1765334367.2599
CHLD 71441 6.203125 1765334367.2634
CHLD 71442 265.765625 1765334367.2634
CHLD 71451 658.656250 1765334367.2634
CHLD 71452 685.703125 1765334367.2634
CHLD 71453 678.484375 1765334367.2634
MEM 202.406250 1765334367.3674
CHLD 71441 6.203125 1765334367.3705
CHLD 71442 265.765625 1765334367.3705
CHLD 71451 658.656250 1765334367.3705
CHLD 71452 685.703125 1765334367.3705
CHLD 71453 678.484375 1765334367.3705
MEM 202.406250 1765334367.4756
CHLD 71441 6.203125 1765334367.4790
CHLD 71442 265.765625 1765334367.4790
CHLD 71451 658.656250 1765334367.4790
CHLD 71452 685.703125 1765334367.4790
CHLD 71453 678.484375 1765334367.4790
MEM 202.406250 1765334367.5809
CHLD 71441 6.203125 1765334367.5842
CHLD 71442 265.765625 1765334367.5842
CHLD 71451 658.656250 1765334367.5842
CHLD 71452 685.703125 1765334367.5842
CHLD 71453 678.484375 1765334367.5842
MEM 202.406250 1765334367.6893
CHLD 71441 6.203125 1765334367.6926
CHLD 71442 265.765625 1765334367.6926
CHLD 71451 658.656250 1765334367.6926
CHLD 71452 685.703125 1765334367.6926
CHLD 71453 678.484375 1765334367.6926
MEM 202.406250 1765334367.7977
CHLD 71441 6.203125 1765334367.8010
CHLD 71442 265.765625 1765334367.8010
CHLD 71451 658.656250 1765334367.8010
CHLD 71452 685.703125 1765334367.8010
CHLD 71453 678.484375 1765334367.8010
MEM 202.406250 1765334367.9061
CHLD 71441 6.203125 1765334367.9094
CHLD 71442 265.765625 1765334367.9094
CHLD 71451 658.656250 1765334367.9094
CHLD 71452 685.703125 1765334367.9094
CHLD 71453 678.484375 1765334367.9095
MEM 202.406250 1765334368.0145
CHLD 71441 6.203125 1765334368.0179
CHLD 71442 265.765625 1765334368.0179
CHLD 71451 658.656250 1765334368.0179
CHLD 71452 685.703125 1765334368.0179
CHLD 71453 678.484375 1765334368.0179
MEM 202.406250 1765334368.1195
CHLD 71441 6.203125 1765334368.1229
CHLD 71442 265.765625 1765334368.1229
CHLD 71451 658.656250 1765334368.1229
CHLD 71452 685.703125 1765334368.1229
CHLD 71453 678.484375 1765334368.1229
MEM 202.406250 1765334368.2280
CHLD 71441 6.203125 1765334368.2313
CHLD 71442 265.765625 1765334368.2313
CHLD 71451 658.656250 1765334368.2313
CHLD 71452 685.703125 1765334368.2313
CHLD 71453 678.484375 1765334368.2313
MEM 202.406250 1765334368.3315
CHLD 71441 6.203125 1765334368.3350
CHLD 71442 265.765625 1765334368.3350
CHLD 71451 658.656250 1765334368.3350
CHLD 71452 685.703125 1765334368.3350
CHLD 71453 678.484375 1765334368.3350
MEM 202.406250 1765334368.4400
CHLD 71441 6.203125 1765334368.4434
CHLD 71442 265.765625 1765334368.4434
CHLD 71451 658.656250 1765334368.4434
CHLD 71452 685.703125 1765334368.4434
CHLD 71453 678.484375 1765334368.4434
MEM 202.406250 1765334368.5485
CHLD 71441 6.203125 1765334368.5518
CHLD 71442 265.765625 1765334368.5518
CHLD 71451 658.656250 1765334368.5518
CHLD 71452 685.703125 1765334368.5518
CHLD 71453 678.484375 1765334368.5518
MEM 202.406250 1765334368.6569
CHLD 71441 6.203125 1765334368.6600
CHLD 71442 265.765625 1765334368.6600
CHLD 71451 658.656250 1765334368.6600
CHLD 71452 685.703125 1765334368.6600
CHLD 71453 678.484375 1765334368.6600
MEM 202.406250 1765334368.7651
CHLD 71441 6.203125 1765334368.7683
CHLD 71442 265.765625 1765334368.7683
CHLD 71451 658.656250 1765334368.7683
CHLD 71452 685.703125 1765334368.7683
CHLD 71453 678.484375 1765334368.7683
MEM 202.406250 1765334368.8734
CHLD 71441 6.203125 1765334368.8767
CHLD 71442 265.765625 1765334368.8767
CHLD 71451 658.656250 1765334368.8767
CHLD 71452 685.703125 1765334368.8767
CHLD 71453 678.484375 1765334368.8767
MEM 202.406250 1765334368.9782
CHLD 71441 6.203125 1765334368.9816
CHLD 71442 265.765625 1765334368.9816
CHLD 71451 658.656250 1765334368.9816
CHLD 71452 685.703125 1765334368.9816
CHLD 71453 678.484375 1765334368.9816
MEM 202.406250 1765334369.0853
CHLD 71441 6.203125 1765334369.0888
CHLD 71442 265.765625 1765334369.0888
CHLD 71451 658.656250 1765334369.0888
CHLD 71452 685.703125 1765334369.0889
CHLD 71453 678.484375 1765334369.0889
MEM 202.406250 1765334369.1940
CHLD 71441 6.203125 1765334369.1976
CHLD 71442 265.765625 1765334369.1976
CHLD 71451 658.656250 1765334369.1976
CHLD 71452 685.703125 1765334369.1976
CHLD 71453 678.484375 1765334369.1976
MEM 202.406250 1765334369.2983
CHLD 71441 6.203125 1765334369.3016
CHLD 71442 265.765625 1765334369.3016
CHLD 71451 658.656250 1765334369.3017
CHLD 71452 685.703125 1765334369.3017
CHLD 71453 678.484375 1765334369.3017
MEM 202.406250 1765334369.4068
CHLD 71441 6.203125 1765334369.4102
CHLD 71442 265.765625 1765334369.4102
CHLD 71451 658.656250 1765334369.4102
CHLD 71452 685.703125 1765334369.4102
CHLD 71453 678.484375 1765334369.4102
MEM 202.406250 1765334369.5116
CHLD 71441 6.203125 1765334369.5151
CHLD 71442 265.765625 1765334369.5151
CHLD 71451 658.656250 1765334369.5151
CHLD 71452 685.703125 1765334369.5151
CHLD 71453 678.484375 1765334369.5151
MEM 202.406250 1765334369.6203
CHLD 71441 6.203125 1765334369.6237
CHLD 71442 265.765625 1765334369.6237
CHLD 71451 658.656250 1765334369.6237
CHLD 71452 685.703125 1765334369.6237
CHLD 71453 678.484375 1765334369.6237
MEM 202.406250 1765334369.7288
CHLD 71441 6.203125 1765334369.7322
CHLD 71442 265.765625 1765334369.7322
CHLD 71451 658.656250 1765334369.7322
CHLD 71452 685.703125 1765334369.7322
CHLD 71453 678.484375 1765334369.7322
MEM 202.406250 1765334369.8374
CHLD 71441 6.203125 1765334369.8408
CHLD 71442 265.765625 1765334369.8408
CHLD 71451 658.656250 1765334369.8408
CHLD 71452 685.703125 1765334369.8408
CHLD 71453 678.484375 1765334369.8408
MEM 202.406250 1765334369.9436
CHLD 71441 6.203125 1765334369.9467
CHLD 71442 265.765625 1765334369.9467
CHLD 71451 658.656250 1765334369.9467
CHLD 71452 685.703125 1765334369.9467
CHLD 71453 678.484375 1765334369.9467
MEM 202.406250 1765334370.0519
CHLD 71441 6.203125 1765334370.0550
CHLD 71442 265.765625 1765334370.0551
CHLD 71451 658.656250 1765334370.0551
CHLD 71452 685.703125 1765334370.0551
CHLD 71453 678.484375 1765334370.0551
MEM 202.406250 1765334370.1601
CHLD 71441 6.203125 1765334370.1632
CHLD 71442 265.765625 1765334370.1632
CHLD 71451 658.656250 1765334370.1632
CHLD 71452 685.703125 1765334370.1632
CHLD 71453 678.484375 1765334370.1632
MEM 202.406250 1765334370.2683
CHLD 71441 6.203125 1765334370.2714
CHLD 71442 265.765625 1765334370.2714
CHLD 71451 658.656250 1765334370.2714
CHLD 71452 685.703125 1765334370.2714
CHLD 71453 678.484375 1765334370.2714
MEM 202.406250 1765334370.3765
CHLD 71441 6.203125 1765334370.3795
CHLD 71442 265.765625 1765334370.3796
CHLD 71451 658.656250 1765334370.3796
CHLD 71452 685.703125 1765334370.3796
CHLD 71453 678.484375 1765334370.3796
MEM 202.406250 1765334370.4842
CHLD 71441 6.203125 1765334370.4875
CHLD 71442 265.765625 1765334370.4875
CHLD 71451 658.656250 1765334370.4875
CHLD 71452 685.703125 1765334370.4875
CHLD 71453 678.484375 1765334370.4875
MEM 202.406250 1765334370.5926
CHLD 71441 6.203125 1765334370.5960
CHLD 71442 265.765625 1765334370.5960
CHLD 71451 658.656250 1765334370.5960
CHLD 71452 685.703125 1765334370.5960
CHLD 71453 678.484375 1765334370.5960
MEM 202.406250 1765334370.7010
CHLD 71441 6.203125 1765334370.7043
CHLD 71442 265.765625 1765334370.7043
CHLD 71451 658.656250 1765334370.7044
CHLD 71452 685.703125 1765334370.7044
CHLD 71453 678.484375 1765334370.7044
MEM 202.406250 1765334370.8094
CHLD 71441 6.203125 1765334370.8127
CHLD 71442 265.765625 1765334370.8127
CHLD 71451 658.656250 1765334370.8127
CHLD 71452 685.703125 1765334370.8128
CHLD 71453 678.484375 1765334370.8128
MEM 202.406250 1765334370.9175
CHLD 71441 6.203125 1765334370.9209
CHLD 71442 265.765625 1765334370.9209
CHLD 71451 658.656250 1765334370.9209
CHLD 71452 685.703125 1765334370.9209
CHLD 71453 678.484375 1765334370.9209
MEM 202.406250 1765334371.0232
CHLD 71441 6.203125 1765334371.0263
CHLD 71442 265.765625 1765334371.0263
CHLD 71451 658.656250 1765334371.0263
CHLD 71452 685.703125 1765334371.0263
CHLD 71453 678.484375 1765334371.0263
MEM 202.406250 1765334371.1314
CHLD 71441 6.203125 1765334371.1347
CHLD 71442 265.765625 1765334371.1347
CHLD 71451 658.656250 1765334371.1347
CHLD 71452 685.703125 1765334371.1347
CHLD 71453 678.484375 1765334371.1347
MEM 202.406250 1765334371.2397
CHLD 71441 6.203125 1765334371.2430
CHLD 71442 265.765625 1765334371.2430
CHLD 71451 658.656250 1765334371.2430
CHLD 71452 685.703125 1765334371.2430
CHLD 71453 678.484375 1765334371.2430
MEM 202.406250 1765334371.3481
CHLD 71441 6.203125 1765334371.3514
CHLD 71442 265.765625 1765334371.3514
CHLD 71451 658.656250 1765334371.3514
CHLD 71452 685.703125 1765334371.3514
CHLD 71453 678.484375 1765334371.3514
MEM 202.406250 1765334371.4565
CHLD 71441 6.203125 1765334371.4598
CHLD 71442 265.765625 1765334371.4598
CHLD 71451 658.656250 1765334371.4599
CHLD 71452 685.703125 1765334371.4599
CHLD 71453 678.484375 1765334371.4599
MEM 202.406250 1765334371.5650
CHLD 71441 6.203125 1765334371.5683
CHLD 71442 265.765625 1765334371.5683
CHLD 71451 658.656250 1765334371.5683
CHLD 71452 685.703125 1765334371.5684
CHLD 71453 678.484375 1765334371.5684
MEM 202.406250 1765334371.6735
CHLD 71441 6.203125 1765334371.6769
CHLD 71442 265.765625 1765334371.6769
CHLD 71451 658.656250 1765334371.6769
CHLD 71452 685.703125 1765334371.6769
CHLD 71453 678.484375 1765334371.6769
MEM 202.406250 1765334371.7777
CHLD 71441 6.203125 1765334371.7811
CHLD 71442 265.765625 1765334371.7811
CHLD 71451 658.656250 1765334371.7811
CHLD 71452 685.703125 1765334371.7811
CHLD 71453 678.484375 1765334371.7811
MEM 202.406250 1765334371.8863
CHLD 71441 6.203125 1765334371.8897
CHLD 71442 265.765625 1765334371.8897
CHLD 71451 658.656250 1765334371.8897
CHLD 71452 685.703125 1765334371.8897
CHLD 71453 678.484375 1765334371.8897
MEM 202.406250 1765334371.9927
CHLD 71441 6.203125 1765334371.9959
CHLD 71442 265.765625 1765334371.9959
CHLD 71451 658.656250 1765334371.9959
CHLD 71452 685.703125 1765334371.9959
CHLD 71453 678.484375 1765334371.9959
MEM 202.406250 1765334372.1010
CHLD 71441 6.203125 1765334372.1042
CHLD 71442 265.765625 1765334372.1042
CHLD 71451 658.656250 1765334372.1042
CHLD 71452 685.703125 1765334372.1042
CHLD 71453 678.484375 1765334372.1042
MEM 202.406250 1765334372.2094
CHLD 71441 6.203125 1765334372.2127
CHLD 71442 265.765625 1765334372.2127
CHLD 71451 658.656250 1765334372.2127
CHLD 71452 685.703125 1765334372.2127
CHLD 71453 678.484375 1765334372.2127
MEM 202.406250 1765334372.3178
CHLD 71441 6.203125 1765334372.3214
CHLD 71442 265.765625 1765334372.3214
CHLD 71451 658.656250 1765334372.3214
CHLD 71452 685.703125 1765334372.3214
CHLD 71453 678.484375 1765334372.3214
MEM 202.406250 1765334372.4259
CHLD 71441 6.203125 1765334372.4294
CHLD 71442 265.765625 1765334372.4294
CHLD 71451 658.656250 1765334372.4294
CHLD 71452 685.703125 1765334372.4294
CHLD 71453 678.484375 1765334372.4294
MEM 202.406250 1765334372.5303
CHLD 71441 6.203125 1765334372.5340
CHLD 71442 265.765625 1765334372.5340
CHLD 71451 658.656250 1765334372.5340
CHLD 71452 685.703125 1765334372.5340
CHLD 71453 678.484375 1765334372.5340
MEM 202.406250 1765334372.6391
CHLD 71441 6.203125 1765334372.6426
CHLD 71442 265.765625 1765334372.6426
CHLD 71451 658.656250 1765334372.6426
CHLD 71452 685.703125 1765334372.6426
CHLD 71453 678.484375 1765334372.6426
MEM 202.406250 1765334372.7477
CHLD 71441 6.203125 1765334372.7510
CHLD 71442 265.765625 1765334372.7510
CHLD 71451 658.656250 1765334372.7510
CHLD 71452 685.703125 1765334372.7510
CHLD 71453 678.484375 1765334372.7511
MEM 202.406250 1765334372.8562
CHLD 71441 6.203125 1765334372.8597
CHLD 71442 265.765625 1765334372.8598
CHLD 71451 658.656250 1765334372.8598
CHLD 71452 685.703125 1765334372.8598
CHLD 71453 678.484375 1765334372.8598
MEM 202.406250 1765334372.9645
CHLD 71441 6.203125 1765334372.9680
CHLD 71442 265.765625 1765334372.9680
CHLD 71451 658.656250 1765334372.9680
CHLD 71452 685.703125 1765334372.9680
CHLD 71453 678.484375 1765334372.9680
MEM 202.406250 1765334373.0731
CHLD 71441 6.203125 1765334373.0765
CHLD 71442 265.765625 1765334373.0765
CHLD 71451 658.656250 1765334373.0765
CHLD 71452 685.703125 1765334373.0765
CHLD 71453 678.484375 1765334373.0765
MEM 202.406250 1765334373.1816
CHLD 71441 6.203125 1765334373.1847
CHLD 71442 265.765625 1765334373.1847
CHLD 71451 658.656250 1765334373.1847
CHLD 71452 685.703125 1765334373.1847
CHLD 71453 678.484375 1765334373.1847
MEM 202.406250 1765334373.2899
CHLD 71441 6.203125 1765334373.2932
CHLD 71442 265.765625 1765334373.2932
CHLD 71451 658.656250 1765334373.2932
CHLD 71452 685.703125 1765334373.2932
CHLD 71453 678.484375 1765334373.2932
MEM 202.406250 1765334373.3983
CHLD 71441 6.203125 1765334373.4014
CHLD 71442 265.765625 1765334373.4015
CHLD 71451 658.656250 1765334373.4015
CHLD 71452 685.703125 1765334373.4015
CHLD 71453 678.484375 1765334373.4015
MEM 202.406250 1765334373.5066
CHLD 71441 6.203125 1765334373.5097
CHLD 71442 265.765625 1765334373.5097
CHLD 71451 658.656250 1765334373.5097
CHLD 71452 685.703125 1765334373.5097
CHLD 71453 678.484375 1765334373.5097
MEM 202.406250 1765334373.6148
CHLD 71441 6.203125 1765334373.6180
CHLD 71442 265.765625 1765334373.6180
CHLD 71451 658.656250 1765334373.6180
CHLD 71452 685.703125 1765334373.6180
CHLD 71453 678.484375 1765334373.6180
MEM 202.406250 1765334373.7231
CHLD 71441 6.203125 1765334373.7263
CHLD 71442 265.765625 1765334373.7263
CHLD 71451 658.656250 1765334373.7263
CHLD 71452 685.703125 1765334373.7263
CHLD 71453 678.484375 1765334373.7263
MEM 202.406250 1765334373.8314
CHLD 71441 6.203125 1765334373.8347
CHLD 71442 265.765625 1765334373.8347
CHLD 71451 658.656250 1765334373.8347
CHLD 71452 685.703125 1765334373.8347
CHLD 71453 678.484375 1765334373.8347
MEM 202.406250 1765334373.9398
CHLD 71441 6.203125 1765334373.9430
CHLD 71442 265.765625 1765334373.9430
CHLD 71451 658.656250 1765334373.9430
CHLD 71452 685.703125 1765334373.9430
CHLD 71453 678.484375 1765334373.9430
MEM 202.406250 1765334374.0481
CHLD 71441 6.203125 1765334374.0513
CHLD 71442 265.765625 1765334374.0513
CHLD 71451 658.656250 1765334374.0513
CHLD 71452 685.703125 1765334374.0513
CHLD 71453 678.484375 1765334374.0513
MEM 202.406250 1765334374.1564
CHLD 71441 6.203125 1765334374.1596
CHLD 71442 265.765625 1765334374.1596
CHLD 71451 658.656250 1765334374.1596
CHLD 71452 685.703125 1765334374.1596
CHLD 71453 678.484375 1765334374.1596
MEM 202.406250 1765334374.2647
CHLD 71441 6.203125 1765334374.2679
CHLD 71442 265.765625 1765334374.2679
CHLD 71451 658.656250 1765334374.2679
CHLD 71452 685.703125 1765334374.2679
CHLD 71453 678.484375 1765334374.2679
MEM 202.406250 1765334374.3730
CHLD 71441 6.203125 1765334374.3762
CHLD 71442 265.765625 1765334374.3762
CHLD 71451 658.656250 1765334374.3762
CHLD 71452 685.703125 1765334374.3762
CHLD 71453 678.484375 1765334374.3762
MEM 202.406250 1765334374.4813
CHLD 71441 6.203125 1765334374.4846
CHLD 71442 265.765625 1765334374.4846
CHLD 71451 658.656250 1765334374.4846
CHLD 71452 685.703125 1765334374.4846
CHLD 71453 678.484375 1765334374.4846
MEM 202.406250 1765334374.5897
CHLD 71441 6.203125 1765334374.5929
CHLD 71442 265.765625 1765334374.5929
CHLD 71451 658.656250 1765334374.5929
CHLD 71452 685.703125 1765334374.5929
CHLD 71453 678.484375 1765334374.5929
MEM 202.406250 1765334374.6980
CHLD 71441 6.203125 1765334374.7012
CHLD 71442 265.765625 1765334374.7012
CHLD 71451 658.656250 1765334374.7012
CHLD 71452 685.703125 1765334374.7012
CHLD 71453 678.484375 1765334374.7012
MEM 202.406250 1765334374.8063
CHLD 71441 6.203125 1765334374.8095
CHLD 71442 265.765625 1765334374.8096
CHLD 71451 658.656250 1765334374.8096
CHLD 71452 685.703125 1765334374.8096
CHLD 71453 678.484375 1765334374.8096
MEM 202.406250 1765334374.9147
CHLD 71441 6.203125 1765334374.9178
CHLD 71442 265.765625 1765334374.9178
CHLD 71451 658.656250 1765334374.9178
CHLD 71452 685.703125 1765334374.9178
CHLD 71453 678.484375 1765334374.9178
MEM 202.406250 1765334375.0218
CHLD 71441 6.203125 1765334375.0252
CHLD 71442 265.765625 1765334375.0252
CHLD 71451 658.656250 1765334375.0252
CHLD 71452 685.703125 1765334375.0252
CHLD 71453 678.484375 1765334375.0252
MEM 202.406250 1765334375.1303
CHLD 71441 6.203125 1765334375.1337
CHLD 71442 265.765625 1765334375.1337
CHLD 71451 658.656250 1765334375.1337
CHLD 71452 685.703125 1765334375.1337
CHLD 71453 678.484375 1765334375.1337
MEM 202.406250 1765334375.2388
CHLD 71441 6.203125 1765334375.2422
CHLD 71442 265.765625 1765334375.2422
CHLD 71451 658.656250 1765334375.2422
CHLD 71452 685.703125 1765334375.2422
CHLD 71453 678.484375 1765334375.2423
MEM 202.406250 1765334375.3474
CHLD 71441 6.203125 1765334375.3509
CHLD 71442 265.765625 1765334375.3510
CHLD 71451 658.656250 1765334375.3510
CHLD 71452 685.703125 1765334375.3510
CHLD 71453 678.484375 1765334375.3510
MEM 202.406250 1765334375.4551
CHLD 71441 6.203125 1765334375.4584
CHLD 71442 265.765625 1765334375.4584
CHLD 71451 658.656250 1765334375.4584
CHLD 71452 685.703125 1765334375.4584
CHLD 71453 678.484375 1765334375.4584
MEM 202.406250 1765334375.5635
CHLD 71441 6.203125 1765334375.5668
CHLD 71442 265.765625 1765334375.5668
CHLD 71451 658.656250 1765334375.5668
CHLD 71452 685.703125 1765334375.5669
CHLD 71453 678.484375 1765334375.5669
MEM 202.406250 1765334375.6716
CHLD 71441 6.203125 1765334375.6750
CHLD 71442 265.765625 1765334375.6751
CHLD 71451 658.656250 1765334375.6751
CHLD 71452 685.703125 1765334375.6751
CHLD 71453 678.484375 1765334375.6751
MEM 202.406250 1765334375.7802
CHLD 71441 6.203125 1765334375.7836
CHLD 71442 265.765625 1765334375.7836
CHLD 71451 658.656250 1765334375.7836
CHLD 71452 685.703125 1765334375.7836
CHLD 71453 678.484375 1765334375.7836
MEM 202.406250 1765334375.8884
CHLD 71441 6.203125 1765334375.8918
CHLD 71442 265.765625 1765334375.8918
CHLD 71451 658.656250 1765334375.8918
CHLD 71452 685.703125 1765334375.8918
CHLD 71453 678.484375 1765334375.8918
MEM 202.406250 1765334375.9968
CHLD 71441 6.203125 1765334376.0002
CHLD 71442 265.765625 1765334376.0002
CHLD 71451 658.656250 1765334376.0002
CHLD 71452 685.703125 1765334376.0002
CHLD 71453 678.484375 1765334376.0002
MEM 202.406250 1765334376.1053
CHLD 71441 6.203125 1765334376.1086
CHLD 71442 265.765625 1765334376.1086
CHLD 71451 658.656250 1765334376.1087
CHLD 71452 685.703125 1765334376.1087
CHLD 71453 678.484375 1765334376.1087
MEM 202.406250 1765334376.2138
CHLD 71441 6.203125 1765334376.2171
CHLD 71442 265.765625 1765334376.2171
CHLD 71451 658.656250 1765334376.2171
CHLD 71452 685.703125 1765334376.2171
CHLD 71453 678.484375 1765334376.2171
MEM 202.406250 1765334376.3222
CHLD 71441 6.203125 1765334376.3258
CHLD 71442 265.765625 1765334376.3258
CHLD 71451 658.656250 1765334376.3258
CHLD 71452 685.703125 1765334376.3258
CHLD 71453 678.484375 1765334376.3258
MEM 202.406250 1765334376.4301
CHLD 71441 6.203125 1765334376.4336
CHLD 71442 265.765625 1765334376.4336
CHLD 71451 658.656250 1765334376.4336
CHLD 71452 685.703125 1765334376.4336
CHLD 71453 678.484375 1765334376.4337
MEM 202.406250 1765334376.5388
CHLD 71441 6.203125 1765334376.5423
CHLD 71442 265.765625 1765334376.5423
CHLD 71451 658.656250 1765334376.5423
CHLD 71452 685.703125 1765334376.5423
CHLD 71453 678.484375 1765334376.5423
MEM 202.406250 1765334376.6474
CHLD 71441 6.203125 1765334376.6510
CHLD 71442 265.765625 1765334376.6510
CHLD 71451 658.656250 1765334376.6510
CHLD 71452 685.734375 1765334376.6510
CHLD 71453 678.484375 1765334376.6511
MEM 202.468750 1765334376.7562
CHLD 71441 6.203125 1765334376.7600
CHLD 71442 265.796875 1765334376.7600
CHLD 71451 660.953125 1765334376.7600
CHLD 71452 685.734375 1765334376.7601
CHLD 71453 678.515625 1765334376.7601
MEM 202.468750 1765334376.8652
CHLD 71441 6.203125 1765334376.8687
CHLD 71442 265.796875 1765334376.8687
CHLD 71451 660.953125 1765334376.8688
CHLD 71452 685.734375 1765334376.8688
CHLD 71453 678.515625 1765334376.8688
MEM 202.468750 1765334376.9739
CHLD 71441 6.203125 1765334376.9773
CHLD 71442 265.796875 1765334376.9773
CHLD 71451 660.953125 1765334376.9777
CHLD 71452 685.734375 1765334376.9777
CHLD 71453 678.515625 1765334376.9777
MEM 202.468750 1765334377.0828
CHLD 71441 6.203125 1765334377.0863
CHLD 71442 265.796875 1765334377.0863
CHLD 71451 660.953125 1765334377.0863
CHLD 71452 685.734375 1765334377.0863
CHLD 71453 678.515625 1765334377.0863
MEM 202.468750 1765334377.1915
CHLD 71441 6.203125 1765334377.1951
CHLD 71442 265.796875 1765334377.1951
CHLD 71451 660.953125 1765334377.1951
CHLD 71452 685.734375 1765334377.1951
CHLD 71453 678.515625 1765334377.1951
MEM 202.468750 1765334377.3002
CHLD 71441 6.203125 1765334377.3037
CHLD 71442 265.796875 1765334377.3037
CHLD 71451 660.953125 1765334377.3037
CHLD 71452 685.734375 1765334377.3037
CHLD 71453 678.515625 1765334377.3037
MEM 202.468750 1765334377.4088
CHLD 71441 6.203125 1765334377.4122
CHLD 71442 265.796875 1765334377.4122
CHLD 71451 660.953125 1765334377.4122
CHLD 71452 685.734375 1765334377.4122
CHLD 71453 678.515625 1765334377.4122
MEM 202.468750 1765334377.5174
CHLD 71441 6.203125 1765334377.5208
CHLD 71442 265.796875 1765334377.5208
CHLD 71451 660.953125 1765334377.5208
CHLD 71452 685.734375 1765334377.5208
CHLD 71453 678.515625 1765334377.5208
MEM 202.468750 1765334377.6259
CHLD 71441 6.203125 1765334377.6295
CHLD 71442 265.796875 1765334377.6296
CHLD 71451 660.953125 1765334377.6296
CHLD 71452 685.734375 1765334377.6296
CHLD 71453 678.515625 1765334377.6296
MEM 202.468750 1765334377.7332
CHLD 71441 6.203125 1765334377.7368
CHLD 71442 265.796875 1765334377.7368
CHLD 71451 660.953125 1765334377.7368
CHLD 71452 685.734375 1765334377.7368
CHLD 71453 678.515625 1765334377.7368
MEM 202.468750 1765334377.8420
CHLD 71441 6.203125 1765334377.8455
CHLD 71442 265.796875 1765334377.8455
CHLD 71451 660.953125 1765334377.8455
CHLD 71452 685.734375 1765334377.8455
CHLD 71453 678.515625 1765334377.8455
MEM 202.468750 1765334377.9472
CHLD 71441 6.203125 1765334377.9508
CHLD 71442 265.796875 1765334377.9508
CHLD 71451 660.953125 1765334377.9508
CHLD 71452 685.734375 1765334377.9508
CHLD 71453 678.515625 1765334377.9508
MEM 202.468750 1765334378.0557
CHLD 71441 6.203125 1765334378.0593
CHLD 71442 265.796875 1765334378.0594
CHLD 71451 660.953125 1765334378.0594
CHLD 71452 685.734375 1765334378.0594
CHLD 71453 678.515625 1765334378.0594
MEM 202.468750 1765334378.1645
CHLD 71441 6.203125 1765334378.1683
CHLD 71442 265.796875 1765334378.1683
CHLD 71451 660.953125 1765334378.1683
CHLD 71452 687.984375 1765334378.1683
CHLD 71453 678.515625 1765334378.1683
MEM 202.484375 1765334378.2734
CHLD 71441 6.203125 1765334378.2767
CHLD 71442 265.828125 1765334378.2767
CHLD 71451 660.953125 1765334378.2767
CHLD 71452 688.015625 1765334378.2767
CHLD 71453 678.546875 1765334378.2767
MEM 202.484375 1765334378.3819
CHLD 71441 6.203125 1765334378.3852
CHLD 71442 265.828125 1765334378.3852
CHLD 71451 660.953125 1765334378.3852
CHLD 71452 688.015625 1765334378.3852
CHLD 71453 678.546875 1765334378.3852
MEM 202.484375 1765334378.4885
CHLD 71441 6.203125 1765334378.4918
CHLD 71442 265.828125 1765334378.4918
CHLD 71451 660.953125 1765334378.4918
CHLD 71452 688.015625 1765334378.4918
CHLD 71453 678.546875 1765334378.4918
MEM 202.484375 1765334378.5968
CHLD 71441 6.203125 1765334378.6003
CHLD 71442 265.828125 1765334378.6003
CHLD 71451 660.953125 1765334378.6003
CHLD 71452 688.015625 1765334378.6003
CHLD 71453 678.546875 1765334378.6003
MEM 202.484375 1765334378.7054
CHLD 71441 6.203125 1765334378.7088
CHLD 71442 265.828125 1765334378.7088
CHLD 71451 660.953125 1765334378.7088
CHLD 71452 688.015625 1765334378.7088
CHLD 71453 678.546875 1765334378.7088
MEM 202.484375 1765334378.8139
CHLD 71441 6.203125 1765334378.8174
CHLD 71442 265.828125 1765334378.8174
CHLD 71451 660.953125 1765334378.8174
CHLD 71452 688.015625 1765334378.8174
CHLD 71453 678.546875 1765334378.8174
MEM 202.484375 1765334378.9218
CHLD 71441 6.203125 1765334378.9252
CHLD 71442 265.828125 1765334378.9252
CHLD 71451 660.953125 1765334378.9252
CHLD 71452 688.015625 1765334378.9252
CHLD 71453 678.546875 1765334378.9252
MEM 202.484375 1765334379.0304
CHLD 71441 6.203125 1765334379.0338
CHLD 71442 265.828125 1765334379.0338
CHLD 71451 660.953125 1765334379.0339
CHLD 71452 688.015625 1765334379.0339
CHLD 71453 678.546875 1765334379.0339
MEM 202.484375 1765334379.1343
CHLD 71441 6.203125 1765334379.1376
CHLD 71442 265.828125 1765334379.1376
CHLD 71451 660.953125 1765334379.1376
CHLD 71452 688.015625 1765334379.1376
CHLD 71453 678.546875 1765334379.1376
MEM 202.484375 1765334379.2427
CHLD 71441 6.203125 1765334379.2460
CHLD 71442 265.828125 1765334379.2460
CHLD 71451 660.953125 1765334379.2460
CHLD 71452 688.015625 1765334379.2460
CHLD 71453 678.546875 1765334379.2460
MEM 202.484375 1765334379.3511
CHLD 71441 6.203125 1765334379.3545
CHLD 71442 265.828125 1765334379.3545
CHLD 71451 660.953125 1765334379.3545
CHLD 71452 688.015625 1765334379.3545
CHLD 71453 678.546875 1765334379.3545
MEM 202.484375 1765334379.4597
CHLD 71441 6.203125 1765334379.4633
CHLD 71442 265.828125 1765334379.4633
CHLD 71451 660.953125 1765334379.4633
CHLD 71452 688.015625 1765334379.4633
CHLD 71453 678.546875 1765334379.4633
MEM 202.484375 1765334379.5684
CHLD 71441 6.203125 1765334379.5719
CHLD 71442 265.828125 1765334379.5719
CHLD 71451 660.953125 1765334379.5719
CHLD 71452 688.015625 1765334379.5719
CHLD 71453 678.546875 1765334379.5719
MEM 202.484375 1765334379.6769
CHLD 71441 6.203125 1765334379.6803
CHLD 71442 265.828125 1765334379.6803
CHLD 71451 660.953125 1765334379.6803
CHLD 71452 688.015625 1765334379.6803
CHLD 71453 678.546875 1765334379.6803
MEM 202.484375 1765334379.7854
CHLD 71441 6.203125 1765334379.7888
CHLD 71442 265.828125 1765334379.7888
CHLD 71451 660.953125 1765334379.7888
CHLD 71452 688.015625 1765334379.7888
CHLD 71453 678.546875 1765334379.7888
MEM 202.484375 1765334379.8903
CHLD 71441 6.203125 1765334379.8934
CHLD 71442 265.828125 1765334379.8934
CHLD 71451 660.953125 1765334379.8934
CHLD 71452 688.015625 1765334379.8934
CHLD 71453 678.546875 1765334379.8934
MEM 202.484375 1765334379.9968
CHLD 71441 6.203125 1765334379.9999
CHLD 71442 265.828125 1765334379.9999
CHLD 71451 660.953125 1765334379.9999
CHLD 71452 688.015625 1765334380.0000
CHLD 71453 678.546875 1765334380.0000
MEM 202.484375 1765334380.1050
CHLD 71441 6.203125 1765334380.1083
CHLD 71442 265.828125 1765334380.1083
CHLD 71451 660.953125 1765334380.1083
CHLD 71452 688.015625 1765334380.1083
CHLD 71453 678.546875 1765334380.1083
MEM 202.484375 1765334380.2134
CHLD 71441 6.203125 1765334380.2166
CHLD 71442 265.828125 1765334380.2166
CHLD 71451 660.953125 1765334380.2166
CHLD 71452 688.015625 1765334380.2166
CHLD 71453 678.546875 1765334380.2166
MEM 202.484375 1765334380.3218
CHLD 71441 6.203125 1765334380.3251
CHLD 71442 265.828125 1765334380.3251
CHLD 71451 660.953125 1765334380.3251
CHLD 71452 688.015625 1765334380.3251
CHLD 71453 678.546875 1765334380.3251
MEM 202.484375 1765334380.4302
CHLD 71441 6.203125 1765334380.4337
CHLD 71442 265.828125 1765334380.4337
CHLD 71451 660.953125 1765334380.4337
CHLD 71452 688.015625 1765334380.4337
CHLD 71453 678.546875 1765334380.4337
MEM 202.484375 1765334380.5388
CHLD 71441 6.203125 1765334380.5422
CHLD 71442 265.828125 1765334380.5422
CHLD 71451 660.953125 1765334380.5422
CHLD 71452 688.015625 1765334380.5422
CHLD 71453 678.546875 1765334380.5423
MEM 202.484375 1765334380.6474
CHLD 71441 6.203125 1765334380.6509
CHLD 71442 265.828125 1765334380.6509
CHLD 71451 660.953125 1765334380.6509
CHLD 71452 688.015625 1765334380.6509
CHLD 71453 678.546875 1765334380.6509
MEM 202.484375 1765334380.7560
CHLD 71441 6.203125 1765334380.7594
CHLD 71442 265.828125 1765334380.7594
CHLD 71451 660.953125 1765334380.7594
CHLD 71452 688.015625 1765334380.7594
CHLD 71453 678.546875 1765334380.7594
MEM 202.484375 1765334380.8645
CHLD 71441 6.203125 1765334380.8680
CHLD 71442 265.828125 1765334380.8681
CHLD 71451 660.953125 1765334380.8681
CHLD 71452 688.015625 1765334380.8681
CHLD 71453 678.546875 1765334380.8681
MEM 202.484375 1765334380.9731
CHLD 71441 6.203125 1765334380.9766
CHLD 71442 265.828125 1765334380.9766
CHLD 71451 660.953125 1765334380.9766
CHLD 71452 688.015625 1765334380.9766
CHLD 71453 678.546875 1765334380.9766
MEM 202.484375 1765334381.0817
CHLD 71441 6.203125 1765334381.0851
CHLD 71442 265.828125 1765334381.0851
CHLD 71451 660.953125 1765334381.0851
CHLD 71452 688.015625 1765334381.0851
CHLD 71453 678.546875 1765334381.0851
MEM 202.484375 1765334381.1902
CHLD 71441 6.203125 1765334381.1938
CHLD 71442 265.828125 1765334381.1938
CHLD 71451 660.953125 1765334381.1938
CHLD 71452 688.015625 1765334381.1938
CHLD 71453 678.546875 1765334381.1938
MEM 202.484375 1765334381.2989
CHLD 71441 6.203125 1765334381.3025
CHLD 71442 265.828125 1765334381.3025
CHLD 71451 660.953125 1765334381.3025
CHLD 71452 688.015625 1765334381.3025
CHLD 71453 678.546875 1765334381.3025
MEM 202.484375 1765334381.4076
CHLD 71441 6.203125 1765334381.4111
CHLD 71442 265.828125 1765334381.4111
CHLD 71451 660.953125 1765334381.4112
CHLD 71452 688.015625 1765334381.4112
CHLD 71453 678.546875 1765334381.4112
MEM 202.484375 1765334381.5139
CHLD 71441 6.203125 1765334381.5175
CHLD 71442 265.828125 1765334381.5175
CHLD 71451 660.953125 1765334381.5175
CHLD 71452 688.015625 1765334381.5175
CHLD 71453 678.546875 1765334381.5175
MEM 202.484375 1765334381.6227
CHLD 71441 6.203125 1765334381.6262
CHLD 71442 265.828125 1765334381.6262
CHLD 71451 660.953125 1765334381.6262
CHLD 71452 688.015625 1765334381.6262
CHLD 71453 678.546875 1765334381.6262
MEM 202.484375 1765334381.7314
CHLD 71441 6.203125 1765334381.7351
CHLD 71442 265.828125 1765334381.7351
CHLD 71451 660.953125 1765334381.7351
CHLD 71452 688.015625 1765334381.7351
CHLD 71453 678.546875 1765334381.7351
MEM 202.484375 1765334381.8403
CHLD 71441 6.203125 1765334381.8440
CHLD 71442 265.828125 1765334381.8440
CHLD 71451 660.953125 1765334381.8441
CHLD 71452 688.015625 1765334381.8441
CHLD 71453 678.546875 1765334381.8441
MEM 202.484375 1765334381.9492
CHLD 71441 6.203125 1765334381.9528
CHLD 71442 265.828125 1765334381.9528
CHLD 71451 660.953125 1765334381.9529
CHLD 71452 688.015625 1765334381.9529
CHLD 71453 678.546875 1765334381.9529
MEM 202.484375 1765334382.0580
CHLD 71441 6.203125 1765334382.0616
CHLD 71442 265.828125 1765334382.0616
CHLD 71451 660.953125 1765334382.0616
CHLD 71452 688.015625 1765334382.0616
CHLD 71453 678.546875 1765334382.0616
MEM 202.484375 1765334382.1667
CHLD 71441 6.203125 1765334382.1703
CHLD 71442 265.828125 1765334382.1703
CHLD 71451 660.953125 1765334382.1703
CHLD 71452 688.015625 1765334382.1703
CHLD 71453 678.546875 1765334382.1703
MEM 202.484375 1765334382.2754
CHLD 71441 6.203125 1765334382.2789
CHLD 71442 265.828125 1765334382.2789
CHLD 71451 660.953125 1765334382.2789
CHLD 71452 688.015625 1765334382.2789
CHLD 71453 678.546875 1765334382.2789
MEM 202.484375 1765334382.3841
CHLD 71441 6.203125 1765334382.3875
CHLD 71442 265.828125 1765334382.3876
CHLD 71451 660.953125 1765334382.3876
CHLD 71452 688.015625 1765334382.3876
CHLD 71453 678.546875 1765334382.3876
MEM 202.484375 1765334382.4927
CHLD 71441 6.203125 1765334382.4962
CHLD 71442 265.828125 1765334382.4962
CHLD 71451 660.953125 1765334382.4963
CHLD 71452 688.015625 1765334382.4963
CHLD 71453 678.546875 1765334382.4963
MEM 202.484375 1765334382.6014
CHLD 71441 6.203125 1765334382.6049
CHLD 71442 265.828125 1765334382.6049
CHLD 71451 660.953125 1765334382.6049
CHLD 71452 688.015625 1765334382.6049
CHLD 71453 678.546875 1765334382.6049
MEM 202.484375 1765334382.7100
CHLD 71441 6.203125 1765334382.7134
CHLD 71442 265.828125 1765334382.7134
CHLD 71451 660.953125 1765334382.7134
CHLD 71452 688.015625 1765334382.7134
CHLD 71453 678.546875 1765334382.7135
MEM 202.484375 1765334382.8186
CHLD 71441 6.203125 1765334382.8220
CHLD 71442 265.828125 1765334382.8220
CHLD 71451 660.953125 1765334382.8220
CHLD 71452 688.015625 1765334382.8220
CHLD 71453 678.546875 1765334382.8220
MEM 202.484375 1765334382.9271
CHLD 71441 6.203125 1765334382.9306
CHLD 71442 265.828125 1765334382.9306
CHLD 71451 660.953125 1765334382.9306
CHLD 71452 688.015625 1765334382.9306
CHLD 71453 678.546875 1765334382.9306
MEM 202.484375 1765334383.0358
CHLD 71441 6.203125 1765334383.0393
CHLD 71442 265.828125 1765334383.0393
CHLD 71451 660.953125 1765334383.0393
CHLD 71452 688.015625 1765334383.0393
CHLD 71453 678.546875 1765334383.0393
MEM 202.484375 1765334383.1444
CHLD 71441 6.203125 1765334383.1480
CHLD 71442 265.828125 1765334383.1480
CHLD 71451 660.953125 1765334383.1480
CHLD 71452 688.015625 1765334383.1480
CHLD 71453 678.546875 1765334383.1480
MEM 202.484375 1765334383.2531
CHLD 71441 6.203125 1765334383.2566
CHLD 71442 265.828125 1765334383.2567
CHLD 71451 660.953125 1765334383.2567
CHLD 71452 688.015625 1765334383.2567
CHLD 71453 678.546875 1765334383.2567
MEM 202.484375 1765334383.3591
CHLD 71441 6.203125 1765334383.3627
CHLD 71442 265.828125 1765334383.3627
CHLD 71451 660.953125 1765334383.3627
CHLD 71452 688.015625 1765334383.3627
CHLD 71453 678.546875 1765334383.3627
MEM 202.484375 1765334383.4678
CHLD 71441 6.203125 1765334383.4713
CHLD 71442 265.828125 1765334383.4713
CHLD 71451 660.953125 1765334383.4713
CHLD 71452 688.015625 1765334383.4713
CHLD 71453 678.546875 1765334383.4713
MEM 202.484375 1765334383.5764
CHLD 71441 6.203125 1765334383.5798
CHLD 71442 265.828125 1765334383.5798
CHLD 71451 660.953125 1765334383.5798
CHLD 71452 688.015625 1765334383.5798
CHLD 71453 678.546875 1765334383.5798
MEM 202.484375 1765334383.6849
CHLD 71441 6.203125 1765334383.6883
CHLD 71442 265.828125 1765334383.6883
CHLD 71451 660.953125 1765334383.6883
CHLD 71452 688.015625 1765334383.6883
CHLD 71453 678.546875 1765334383.6883
MEM 202.484375 1765334383.7934
CHLD 71441 6.203125 1765334383.7968
CHLD 71442 265.828125 1765334383.7968
CHLD 71451 660.953125 1765334383.7968
CHLD 71452 688.015625 1765334383.7969
CHLD 71453 678.546875 1765334383.7969
MEM 202.484375 1765334383.9010
CHLD 71441 6.203125 1765334383.9044
CHLD 71442 265.828125 1765334383.9044
CHLD 71451 660.953125 1765334383.9044
CHLD 71452 688.015625 1765334383.9044
CHLD 71453 678.546875 1765334383.9044
MEM 202.484375 1765334384.0096
CHLD 71441 6.203125 1765334384.0131
CHLD 71442 265.828125 1765334384.0131
CHLD 71451 660.953125 1765334384.0131
CHLD 71452 688.015625 1765334384.0131
CHLD 71453 678.546875 1765334384.0131
MEM 202.484375 1765334384.1183
CHLD 71441 6.203125 1765334384.1218
CHLD 71442 265.828125 1765334384.1218
CHLD 71451 660.953125 1765334384.1218
CHLD 71452 688.015625 1765334384.1218
CHLD 71453 678.546875 1765334384.1218
MEM 202.484375 1765334384.2269
CHLD 71441 6.203125 1765334384.2304
CHLD 71442 265.828125 1765334384.2305
CHLD 71451 660.953125 1765334384.2305
CHLD 71452 688.015625 1765334384.2305
CHLD 71453 678.546875 1765334384.2305
MEM 202.484375 1765334384.3356
CHLD 71441 6.203125 1765334384.3391
CHLD 71442 265.828125 1765334384.3391
CHLD 71451 660.953125 1765334384.3391
CHLD 71452 688.015625 1765334384.3391
CHLD 71453 678.546875 1765334384.3391
MEM 202.484375 1765334384.4442
CHLD 71441 6.203125 1765334384.4478
CHLD 71442 265.828125 1765334384.4478
CHLD 71451 660.953125 1765334384.4478
CHLD 71452 688.015625 1765334384.4478
CHLD 71453 678.546875 1765334384.4478
MEM 202.484375 1765334384.5529
CHLD 71441 6.203125 1765334384.5565
CHLD 71442 265.828125 1765334384.5565
CHLD 71451 660.953125 1765334384.5565
CHLD 71452 688.015625 1765334384.5565
CHLD 71453 678.546875 1765334384.5565
MEM 202.484375 1765334384.6616
CHLD 71441 6.203125 1765334384.6652
CHLD 71442 265.828125 1765334384.6652
CHLD 71451 660.953125 1765334384.6652
CHLD 71452 688.015625 1765334384.6652
CHLD 71453 678.546875 1765334384.6652
MEM 202.484375 1765334384.7703
CHLD 71441 6.203125 1765334384.7738
CHLD 71442 265.828125 1765334384.7738
CHLD 71451 660.953125 1765334384.7738
CHLD 71452 688.015625 1765334384.7738
CHLD 71453 678.546875 1765334384.7738
MEM 202.484375 1765334384.8790
CHLD 71441 6.203125 1765334384.8824
CHLD 71442 265.828125 1765334384.8824
CHLD 71451 660.953125 1765334384.8824
CHLD 71452 688.015625 1765334384.8824
CHLD 71453 678.546875 1765334384.8824
MEM 202.484375 1765334384.9875
CHLD 71441 6.203125 1765334384.9910
CHLD 71442 265.828125 1765334384.9910
CHLD 71451 660.953125 1765334384.9910
CHLD 71452 688.015625 1765334384.9910
CHLD 71453 678.546875 1765334384.9910
MEM 202.484375 1765334385.0961
CHLD 71441 6.203125 1765334385.0996
CHLD 71442 265.828125 1765334385.0996
CHLD 71451 660.953125 1765334385.0996
CHLD 71452 688.015625 1765334385.0996
CHLD 71453 678.546875 1765334385.0996
MEM 202.484375 1765334385.2048
CHLD 71441 6.203125 1765334385.2083
CHLD 71442 265.828125 1765334385.2083
CHLD 71451 660.953125 1765334385.2083
CHLD 71452 688.015625 1765334385.2083
CHLD 71453 678.546875 1765334385.2083
MEM 202.484375 1765334385.3134
CHLD 71441 6.203125 1765334385.3169
CHLD 71442 265.828125 1765334385.3169
CHLD 71451 660.953125 1765334385.3169
CHLD 71452 688.015625 1765334385.3169
CHLD 71453 678.546875 1765334385.3169
MEM 202.484375 1765334385.4220
CHLD 71441 6.203125 1765334385.4255
CHLD 71442 265.828125 1765334385.4255
CHLD 71451 660.953125 1765334385.4255
CHLD 71452 688.015625 1765334385.4255
CHLD 71453 678.546875 1765334385.4255
MEM 202.484375 1765334385.5260
CHLD 71441 6.203125 1765334385.5294
CHLD 71442 265.828125 1765334385.5294
CHLD 71451 660.953125 1765334385.5294
CHLD 71452 688.015625 1765334385.5294
CHLD 71453 678.546875 1765334385.5294
MEM 202.484375 1765334385.6345
CHLD 71441 6.203125 1765334385.6378
CHLD 71442 265.828125 1765334385.6378
CHLD 71451 660.953125 1765334385.6378
CHLD 71452 688.015625 1765334385.6378
CHLD 71453 678.546875 1765334385.6378
MEM 202.484375 1765334385.7429
CHLD 71441 6.203125 1765334385.7461
CHLD 71442 265.828125 1765334385.7461
CHLD 71451 660.953125 1765334385.7461
CHLD 71452 688.015625 1765334385.7461
CHLD 71453 678.546875 1765334385.7462
MEM 202.484375 1765334385.8512
CHLD 71441 6.203125 1765334385.8545
CHLD 71442 265.828125 1765334385.8545
CHLD 71451 660.953125 1765334385.8545
CHLD 71452 688.015625 1765334385.8545
CHLD 71453 678.546875 1765334385.8545
MEM 202.484375 1765334385.9593
CHLD 71441 6.203125 1765334385.9628
CHLD 71442 265.828125 1765334385.9628
CHLD 71451 660.953125 1765334385.9628
CHLD 71452 688.015625 1765334385.9628
CHLD 71453 678.546875 1765334385.9628
MEM 202.484375 1765334386.0679
CHLD 71441 6.203125 1765334386.0713
CHLD 71442 265.828125 1765334386.0713
CHLD 71451 660.953125 1765334386.0713
CHLD 71452 688.015625 1765334386.0713
CHLD 71453 678.546875 1765334386.0713
MEM 202.484375 1765334386.1764
CHLD 71441 6.203125 1765334386.1798
CHLD 71442 265.828125 1765334386.1798
CHLD 71451 660.953125 1765334386.1798
CHLD 71452 688.015625 1765334386.1798
CHLD 71453 678.546875 1765334386.1798
MEM 202.484375 1765334386.2849
CHLD 71441 6.203125 1765334386.2883
CHLD 71442 265.828125 1765334386.2884
CHLD 71451 660.953125 1765334386.2884
CHLD 71452 688.015625 1765334386.2884
CHLD 71453 678.546875 1765334386.2884
MEM 202.484375 1765334386.3927
CHLD 71441 6.203125 1765334386.3961
CHLD 71442 265.828125 1765334386.3961
CHLD 71451 660.953125 1765334386.3961
CHLD 71452 688.015625 1765334386.3961
CHLD 71453 678.546875 1765334386.3961
MEM 202.484375 1765334386.5010
CHLD 71441 6.203125 1765334386.5044
CHLD 71442 265.828125 1765334386.5044
CHLD 71451 660.953125 1765334386.5044
CHLD 71452 688.015625 1765334386.5044
CHLD 71453 678.546875 1765334386.5044
MEM 202.484375 1765334386.6095
CHLD 71441 6.203125 1765334386.6129
CHLD 71442 265.828125 1765334386.6129
CHLD 71451 660.953125 1765334386.6129
CHLD 71452 688.015625 1765334386.6129
CHLD 71453 678.546875 1765334386.6129
MEM 202.484375 1765334386.7180
CHLD 71441 6.203125 1765334386.7215
CHLD 71442 265.828125 1765334386.7215
CHLD 71451 660.953125 1765334386.7215
CHLD 71452 688.015625 1765334386.7215
CHLD 71453 678.546875 1765334386.7215
MEM 202.484375 1765334386.8229
CHLD 71441 6.203125 1765334386.8263
CHLD 71442 265.828125 1765334386.8263
CHLD 71451 660.953125 1765334386.8263
CHLD 71452 688.015625 1765334386.8263
CHLD 71453 678.546875 1765334386.8263
MEM 202.484375 1765334386.9314
CHLD 71441 6.203125 1765334386.9348
CHLD 71442 265.828125 1765334386.9348
CHLD 71451 660.953125 1765334386.9348
CHLD 71452 688.015625 1765334386.9348
CHLD 71453 678.546875 1765334386.9348
MEM 202.484375 1765334387.0399
CHLD 71441 6.203125 1765334387.0433
CHLD 71442 265.828125 1765334387.0433
CHLD 71451 660.953125 1765334387.0433
CHLD 71452 688.015625 1765334387.0433
CHLD 71453 678.546875 1765334387.0433
MEM 202.484375 1765334387.1484
CHLD 71441 6.203125 1765334387.1518
CHLD 71442 265.828125 1765334387.1518
CHLD 71451 660.953125 1765334387.1518
CHLD 71452 688.015625 1765334387.1518
CHLD 71453 678.546875 1765334387.1518
MEM 202.484375 1765334387.2555
CHLD 71441 6.203125 1765334387.2591
CHLD 71442 265.828125 1765334387.2591
CHLD 71451 660.953125 1765334387.2591
CHLD 71452 688.015625 1765334387.2591
CHLD 71453 678.546875 1765334387.2591
MEM 202.484375 1765334387.3642
CHLD 71441 6.203125 1765334387.3678
CHLD 71442 265.828125 1765334387.3678
CHLD 71451 660.953125 1765334387.3678
CHLD 71452 688.015625 1765334387.3678
CHLD 71453 678.546875 1765334387.3678
MEM 202.484375 1765334387.4729
CHLD 71441 6.203125 1765334387.4765
CHLD 71442 265.828125 1765334387.4765
CHLD 71451 660.953125 1765334387.4765
CHLD 71452 688.015625 1765334387.4765
CHLD 71453 678.546875 1765334387.4765
MEM 202.484375 1765334387.5816
CHLD 71441 6.203125 1765334387.5851
CHLD 71442 265.828125 1765334387.5851
CHLD 71451 660.953125 1765334387.5852
CHLD 71452 688.015625 1765334387.5852
CHLD 71453 678.546875 1765334387.5852
MEM 202.484375 1765334387.6877
CHLD 71441 6.203125 1765334387.6912
CHLD 71442 265.828125 1765334387.6912
CHLD 71451 660.953125 1765334387.6912
CHLD 71452 688.015625 1765334387.6912
CHLD 71453 678.546875 1765334387.6912
MEM 202.484375 1765334387.7957
CHLD 71441 6.203125 1765334387.7991
CHLD 71442 265.828125 1765334387.7991
CHLD 71451 660.953125 1765334387.7991
CHLD 71452 688.015625 1765334387.7991
CHLD 71453 678.546875 1765334387.7991
MEM 202.484375 1765334387.9042
CHLD 71441 6.203125 1765334387.9076
CHLD 71442 265.828125 1765334387.9076
CHLD 71451 660.953125 1765334387.9076
CHLD 71452 688.015625 1765334387.9076
CHLD 71453 678.546875 1765334387.9076
MEM 202.484375 1765334388.0127
CHLD 71441 6.203125 1765334388.0159
CHLD 71442 265.828125 1765334388.0159
CHLD 71451 660.953125 1765334388.0160
CHLD 71452 688.015625 1765334388.0160
CHLD 71453 678.546875 1765334388.0160
MEM 202.484375 1765334388.1211
CHLD 71441 6.203125 1765334388.1246
CHLD 71442 265.828125 1765334388.1246
CHLD 71451 660.953125 1765334388.1246
CHLD 71452 688.015625 1765334388.1246
CHLD 71453 678.546875 1765334388.1246
MEM 202.484375 1765334388.2297
CHLD 71441 6.203125 1765334388.2329
CHLD 71442 265.828125 1765334388.2329
CHLD 71451 660.953125 1765334388.2329
CHLD 71452 688.015625 1765334388.2329
CHLD 71453 678.546875 1765334388.2329
MEM 202.484375 1765334388.3341
CHLD 71441 6.203125 1765334388.3379
CHLD 71442 265.828125 1765334388.3379
CHLD 71451 660.953125 1765334388.3379
CHLD 71452 688.015625 1765334388.3379
CHLD 71453 678.546875 1765334388.3379
MEM 202.484375 1765334388.4426
CHLD 71441 6.203125 1765334388.4461
CHLD 71442 265.828125 1765334388.4461
CHLD 71451 660.953125 1765334388.4461
CHLD 71452 688.015625 1765334388.4461
CHLD 71453 678.546875 1765334388.4461
MEM 202.484375 1765334388.5504
CHLD 71441 6.203125 1765334388.5539
CHLD 71442 265.828125 1765334388.5539
CHLD 71451 660.953125 1765334388.5539
CHLD 71452 688.015625 1765334388.5539
CHLD 71453 678.546875 1765334388.5539
MEM 202.484375 1765334388.6584
CHLD 71441 6.203125 1765334388.6616
CHLD 71442 265.828125 1765334388.6616
CHLD 71451 660.953125 1765334388.6616
CHLD 71452 688.015625 1765334388.6616
CHLD 71453 678.546875 1765334388.6616
MEM 202.484375 1765334388.7626
CHLD 71441 6.203125 1765334388.7705
CHLD 71442 265.828125 1765334388.7705
CHLD 71451 660.953125 1765334388.7706
CHLD 71452 688.015625 1765334388.7706
CHLD 71453 678.546875 1765334388.7706
MEM 202.484375 1765334388.8756
CHLD 71441 6.203125 1765334388.8833
CHLD 71442 265.828125 1765334388.8833
CHLD 71451 660.953125 1765334388.8833
CHLD 71452 688.015625 1765334388.8833
CHLD 71453 678.546875 1765334388.8833
MEM 202.484375 1765334388.9884
CHLD 71441 6.203125 1765334388.9932
CHLD 71442 265.828125 1765334388.9932
CHLD 71451 660.953125 1765334388.9932
CHLD 71452 688.015625 1765334388.9932
CHLD 71453 678.546875 1765334388.9932
MEM 202.484375 1765334389.0983
CHLD 71441 6.203125 1765334389.1032
CHLD 71442 265.828125 1765334389.1032
CHLD 71451 660.953125 1765334389.1032
CHLD 71452 688.015625 1765334389.1032
CHLD 71453 678.546875 1765334389.1032
MEM 202.484375 1765334389.2082
CHLD 71441 6.203125 1765334389.2133
CHLD 71442 265.828125 1765334389.2133
CHLD 71451 660.953125 1765334389.2133
CHLD 71452 688.015625 1765334389.2133
CHLD 71453 678.546875 1765334389.2133
MEM 202.484375 1765334389.3184
CHLD 71441 6.203125 1765334389.3216
CHLD 71442 265.828125 1765334389.3216
CHLD 71451 660.953125 1765334389.3216
CHLD 71452 688.015625 1765334389.3216
CHLD 71453 678.546875 1765334389.3216
MEM 202.484375 1765334389.4263
CHLD 71441 6.203125 1765334389.4299
CHLD 71442 265.828125 1765334389.4299
CHLD 71451 660.953125 1765334389.4299
CHLD 71452 688.015625 1765334389.4299
CHLD 71453 678.546875 1765334389.4299
MEM 202.484375 1765334389.5350
CHLD 71441 6.203125 1765334389.5384
CHLD 71442 265.828125 1765334389.5384
CHLD 71451 660.953125 1765334389.5384
CHLD 71452 688.015625 1765334389.5384
CHLD 71453 678.546875 1765334389.5384
MEM 202.484375 1765334389.6435
CHLD 71441 6.203125 1765334389.6470
CHLD 71442 265.828125 1765334389.6470
CHLD 71451 660.953125 1765334389.6470
CHLD 71452 688.015625 1765334389.6470
CHLD 71453 678.546875 1765334389.6470
MEM 202.484375 1765334389.7521
CHLD 71441 6.203125 1765334389.7556
CHLD 71442 265.828125 1765334389.7556
CHLD 71451 660.953125 1765334389.7556
CHLD 71452 688.015625 1765334389.7556
CHLD 71453 678.546875 1765334389.7556
MEM 202.484375 1765334389.8567
CHLD 71441 6.203125 1765334389.8604
CHLD 71442 265.828125 1765334389.8604
CHLD 71451 660.953125 1765334389.8604
CHLD 71452 688.015625 1765334389.8604
CHLD 71453 678.546875 1765334389.8604
MEM 202.484375 1765334389.9654
CHLD 71441 6.203125 1765334389.9688
CHLD 71442 265.828125 1765334389.9688
CHLD 71451 660.953125 1765334389.9688
CHLD 71452 688.015625 1765334389.9688
CHLD 71453 678.546875 1765334389.9688
MEM 202.484375 1765334390.0739
CHLD 71441 6.203125 1765334390.0793
CHLD 71442 265.828125 1765334390.0794
CHLD 71451 660.953125 1765334390.0794
CHLD 71452 688.015625 1765334390.0794
CHLD 71453 678.546875 1765334390.0794
MEM 202.484375 1765334390.1844
CHLD 71441 6.203125 1765334390.1908
CHLD 71442 265.828125 1765334390.1908
CHLD 71451 660.953125 1765334390.1908
CHLD 71452 688.015625 1765334390.1908
CHLD 71453 678.546875 1765334390.1908
MEM 202.484375 1765334390.2959
CHLD 71441 6.203125 1765334390.3027
CHLD 71442 265.828125 1765334390.3027
CHLD 71451 660.953125 1765334390.3027
CHLD 71452 688.015625 1765334390.3027
CHLD 71453 678.546875 1765334390.3027
MEM 202.484375 1765334390.4078
CHLD 71441 6.203125 1765334390.4153
CHLD 71442 265.828125 1765334390.4153
CHLD 71451 660.953125 1765334390.4153
CHLD 71452 688.015625 1765334390.4153
CHLD 71453 678.546875 1765334390.4153
MEM 202.484375 1765334390.5177
CHLD 71441 6.203125 1765334390.5231
CHLD 71442 265.828125 1765334390.5231
CHLD 71451 660.953125 1765334390.5231
CHLD 71452 688.015625 1765334390.5231
CHLD 71453 678.546875 1765334390.5231
MEM 202.484375 1765334390.6282
CHLD 71441 6.203125 1765334390.6333
CHLD 71442 265.828125 1765334390.6334
CHLD 71451 660.953125 1765334390.6334
CHLD 71452 688.015625 1765334390.6334
CHLD 71453 678.546875 1765334390.6334
MEM 202.484375 1765334390.7359
CHLD 71441 6.203125 1765334390.7415
CHLD 71442 265.828125 1765334390.7415
CHLD 71451 660.953125 1765334390.7415
CHLD 71452 688.015625 1765334390.7415
CHLD 71453 678.546875 1765334390.7415
MEM 202.484375 1765334390.8466
CHLD 71441 6.203125 1765334390.8530
CHLD 71442 265.828125 1765334390.8530
CHLD 71451 660.953125 1765334390.8530
CHLD 71452 688.015625 1765334390.8530
CHLD 71453 678.546875 1765334390.8530
MEM 202.484375 1765334390.9581
CHLD 71441 6.203125 1765334390.9652
CHLD 71442 265.828125 1765334390.9652
CHLD 71451 660.953125 1765334390.9652
CHLD 71452 688.015625 1765334390.9652
CHLD 71453 678.546875 1765334390.9652
MEM 202.484375 1765334391.0703
CHLD 71441 6.203125 1765334391.0775
CHLD 71442 265.828125 1765334391.0775
CHLD 71451 660.953125 1765334391.0775
CHLD 71452 688.015625 1765334391.0775
CHLD 71453 678.546875 1765334391.0776
MEM 202.484375 1765334391.1826
CHLD 71441 6.203125 1765334391.1887
CHLD 71442 265.828125 1765334391.1887
CHLD 71451 660.953125 1765334391.1887
CHLD 71452 688.015625 1765334391.1887
CHLD 71453 678.546875 1765334391.1887
MEM 202.484375 1765334391.2938
CHLD 71441 6.203125 1765334391.3038
CHLD 71442 265.828125 1765334391.3038
CHLD 71451 660.953125 1765334391.3038
CHLD 71452 688.015625 1765334391.3038
CHLD 71453 678.546875 1765334391.3038
MEM 202.484375 1765334391.4089
CHLD 71441 6.203125 1765334391.4139
CHLD 71442 265.828125 1765334391.4139
CHLD 71451 660.953125 1765334391.4139
CHLD 71452 688.015625 1765334391.4139
CHLD 71453 678.546875 1765334391.4139
MEM 202.484375 1765334391.5226
CHLD 71441 6.203125 1765334391.5279
CHLD 71442 265.828125 1765334391.5279
CHLD 71451 660.953125 1765334391.5279
CHLD 71452 688.015625 1765334391.5279
CHLD 71453 678.546875 1765334391.5280
MEM 202.484375 1765334391.6330
CHLD 71441 6.203125 1765334391.6383
CHLD 71442 265.828125 1765334391.6383
CHLD 71451 660.953125 1765334391.6383
CHLD 71452 688.015625 1765334391.6383
CHLD 71453 678.546875 1765334391.6383
MEM 202.484375 1765334391.7434
CHLD 71441 6.203125 1765334391.7489
CHLD 71442 265.828125 1765334391.7489
CHLD 71451 660.953125 1765334391.7489
CHLD 71452 688.015625 1765334391.7489
CHLD 71453 678.546875 1765334391.7489
MEM 202.484375 1765334391.8540
CHLD 71441 6.203125 1765334391.8595
CHLD 71442 265.828125 1765334391.8595
CHLD 71451 660.953125 1765334391.8595
CHLD 71452 688.015625 1765334391.8595
CHLD 71453 678.546875 1765334391.8595
MEM 202.484375 1765334391.9646
CHLD 71441 6.203125 1765334391.9701
CHLD 71442 265.828125 1765334391.9702
CHLD 71451 660.953125 1765334391.9702
CHLD 71452 688.015625 1765334391.9702
CHLD 71453 678.546875 1765334391.9702
MEM 202.484375 1765334392.0753
CHLD 71441 6.203125 1765334392.0808
CHLD 71442 265.828125 1765334392.0808
CHLD 71451 660.953125 1765334392.0808
CHLD 71452 688.015625 1765334392.0808
CHLD 71453 678.546875 1765334392.0808
MEM 202.484375 1765334392.1859
CHLD 71441 6.203125 1765334392.1914
CHLD 71442 265.828125 1765334392.1914
CHLD 71451 660.953125 1765334392.1914
CHLD 71452 688.015625 1765334392.1914
CHLD 71453 678.546875 1765334392.1914
MEM 202.484375 1765334392.2965
CHLD 71441 6.203125 1765334392.3019
CHLD 71442 265.828125 1765334392.3019
CHLD 71451 660.953125 1765334392.3019
CHLD 71452 688.015625 1765334392.3019
CHLD 71453 678.546875 1765334392.3019
MEM 202.484375 1765334392.4070
CHLD 71441 6.203125 1765334392.4124
CHLD 71442 265.828125 1765334392.4124
CHLD 71451 660.953125 1765334392.4124
CHLD 71452 688.015625 1765334392.4124
CHLD 71453 678.546875 1765334392.4124
MEM 202.484375 1765334392.5175
CHLD 71441 6.203125 1765334392.5229
CHLD 71442 265.828125 1765334392.5229
CHLD 71451 660.953125 1765334392.5229
CHLD 71452 688.015625 1765334392.5229
CHLD 71453 678.546875 1765334392.5229
MEM 202.484375 1765334392.6280
CHLD 71441 6.203125 1765334392.6335
CHLD 71442 265.828125 1765334392.6335
CHLD 71451 660.953125 1765334392.6335
CHLD 71452 688.015625 1765334392.6335
CHLD 71453 678.546875 1765334392.6335
MEM 202.484375 1765334392.7386
CHLD 71441 6.203125 1765334392.7438
CHLD 71442 265.828125 1765334392.7438
CHLD 71451 660.953125 1765334392.7438
CHLD 71452 688.015625 1765334392.7438
CHLD 71453 678.546875 1765334392.7438
MEM 202.484375 1765334392.8489
CHLD 71441 6.203125 1765334392.8523
CHLD 71442 265.828125 1765334392.8523
CHLD 71451 660.953125 1765334392.8523
CHLD 71452 688.031250 1765334392.8523
CHLD 71453 678.546875 1765334392.8523
MEM 202.546875 1765334392.9562
CHLD 71441 6.203125 1765334392.9595
CHLD 71442 265.906250 1765334392.9595
CHLD 71451 660.968750 1765334392.9595
CHLD 71452 688.140625 1765334392.9595
CHLD 71453 678.562500 1765334392.9596
MEM 202.546875 1765334393.0598
CHLD 71441 6.203125 1765334393.0657
CHLD 71442 265.906250 1765334393.0657
CHLD 71451 660.968750 1765334393.0657
CHLD 71452 688.140625 1765334393.0657
CHLD 71453 678.562500 1765334393.0657
MEM 202.546875 1765334393.1678
CHLD 71441 6.203125 1765334393.1717
CHLD 71442 265.906250 1765334393.1717
CHLD 71451 660.968750 1765334393.1717
CHLD 71452 688.140625 1765334393.1717
CHLD 71453 678.562500 1765334393.1717
MEM 202.546875 1765334393.2768
CHLD 71441 6.203125 1765334393.2821
CHLD 71442 265.906250 1765334393.2822
CHLD 71451 660.968750 1765334393.2822
CHLD 71452 688.140625 1765334393.2822
CHLD 71453 678.562500 1765334393.2822
MEM 202.546875 1765334393.3859
CHLD 71441 6.203125 1765334393.3913
CHLD 71442 265.906250 1765334393.3913
CHLD 71451 660.968750 1765334393.3913
CHLD 71452 688.140625 1765334393.3913
CHLD 71453 678.562500 1765334393.3913
MEM 202.546875 1765334393.4957
CHLD 71441 6.203125 1765334393.5002
CHLD 71442 265.906250 1765334393.5002
CHLD 71451 660.968750 1765334393.5003
CHLD 71452 691.750000 1765334393.5003
CHLD 71453 678.578125 1765334393.5003
MEM 202.359375 1765334393.6054
CHLD 71441 6.203125 1765334393.6090
CHLD 71442 265.828125 1765334393.6090
CHLD 71451 660.968750 1765334393.6091
CHLD 71452 691.750000 1765334393.6091
CHLD 71453 678.578125 1765334393.6091
MEM 202.359375 1765334393.7142
CHLD 71441 6.203125 1765334393.7175
CHLD 71442 265.828125 1765334393.7175
CHLD 71451 660.968750 1765334393.7175
CHLD 71452 691.750000 1765334393.7175
CHLD 71453 678.578125 1765334393.7175
MEM 202.359375 1765334393.8210
CHLD 71441 6.203125 1765334393.8246
CHLD 71442 265.828125 1765334393.8246
CHLD 71451 660.968750 1765334393.8246
CHLD 71452 691.750000 1765334393.8246
CHLD 71453 678.578125 1765334393.8246
MEM 202.359375 1765334393.9297
CHLD 71441 6.203125 1765334393.9329
CHLD 71442 265.828125 1765334393.9330
CHLD 71451 660.968750 1765334393.9330
CHLD 71452 691.750000 1765334393.9330
CHLD 71453 678.578125 1765334393.9330
MEM 202.359375 1765334394.0381
CHLD 71441 6.203125 1765334394.0413
CHLD 71442 265.828125 1765334394.0413
CHLD 71451 660.968750 1765334394.0413
CHLD 71452 691.750000 1765334394.0413
CHLD 71453 678.578125 1765334394.0413
MEM 202.359375 1765334394.1464
CHLD 71441 6.203125 1765334394.1500
CHLD 71442 265.828125 1765334394.1500
CHLD 71451 660.968750 1765334394.1500
CHLD 71452 691.750000 1765334394.1500
CHLD 71453 678.578125 1765334394.1500
MEM 202.359375 1765334394.2531
CHLD 71441 6.203125 1765334394.2567
CHLD 71442 265.828125 1765334394.2567
CHLD 71451 660.968750 1765334394.2567
CHLD 71452 691.750000 1765334394.2567
CHLD 71453 678.578125 1765334394.2567
MEM 202.359375 1765334394.3618
CHLD 71441 6.203125 1765334394.3651
CHLD 71442 265.828125 1765334394.3651
CHLD 71451 660.968750 1765334394.3651
CHLD 71452 691.750000 1765334394.3651
CHLD 71453 678.578125 1765334394.3651
MEM 202.359375 1765334394.4702
CHLD 71441 6.203125 1765334394.4735
CHLD 71442 265.828125 1765334394.4735
CHLD 71451 660.968750 1765334394.4735
CHLD 71452 691.750000 1765334394.4735
CHLD 71453 678.578125 1765334394.4735
MEM 202.359375 1765334394.5785
CHLD 71441 6.203125 1765334394.5818
CHLD 71442 265.828125 1765334394.5818
CHLD 71451 660.968750 1765334394.5818
CHLD 71452 691.750000 1765334394.5818
CHLD 71453 678.578125 1765334394.5818
MEM 202.359375 1765334394.6869
CHLD 71441 6.203125 1765334394.6902
CHLD 71442 265.828125 1765334394.6902
CHLD 71451 660.968750 1765334394.6902
CHLD 71452 691.750000 1765334394.6902
CHLD 71453 678.578125 1765334394.6902
MEM 202.359375 1765334394.7927
CHLD 71441 6.203125 1765334394.7960
CHLD 71442 265.828125 1765334394.7960
CHLD 71451 660.968750 1765334394.7960
CHLD 71452 691.750000 1765334394.7960
CHLD 71453 678.578125 1765334394.7960
MEM 202.359375 1765334394.8984
CHLD 71441 6.203125 1765334394.9018
CHLD 71442 265.828125 1765334394.9018
CHLD 71451 660.968750 1765334394.9018
CHLD 71452 691.750000 1765334394.9018
CHLD 71453 678.578125 1765334394.9018
MEM 202.359375 1765334395.0048
CHLD 71441 6.203125 1765334395.0081
CHLD 71442 265.828125 1765334395.0081
CHLD 71451 660.968750 1765334395.0081
CHLD 71452 691.750000 1765334395.0081
CHLD 71453 678.578125 1765334395.0081
MEM 202.359375 1765334395.1132
CHLD 71441 6.203125 1765334395.1165
CHLD 71442 265.828125 1765334395.1165
CHLD 71451 660.968750 1765334395.1165
CHLD 71452 691.750000 1765334395.1165
CHLD 71453 678.578125 1765334395.1165
MEM 202.359375 1765334395.2216
CHLD 71441 6.203125 1765334395.2249
CHLD 71442 265.828125 1765334395.2249
CHLD 71451 660.968750 1765334395.2249
CHLD 71452 691.750000 1765334395.2249
CHLD 71453 678.578125 1765334395.2249
MEM 202.359375 1765334395.3300
CHLD 71441 6.203125 1765334395.3333
CHLD 71442 265.828125 1765334395.3333
CHLD 71451 660.968750 1765334395.3333
CHLD 71452 691.750000 1765334395.3333
CHLD 71453 678.578125 1765334395.3333
MEM 202.359375 1765334395.4384
CHLD 71441 6.203125 1765334395.4417
CHLD 71442 265.828125 1765334395.4417
CHLD 71451 660.968750 1765334395.4417
CHLD 71452 691.750000 1765334395.4417
CHLD 71453 678.578125 1765334395.4417
MEM 202.359375 1765334395.5468
CHLD 71441 6.203125 1765334395.5504
CHLD 71442 265.828125 1765334395.5504
CHLD 71451 660.968750 1765334395.5504
CHLD 71452 691.750000 1765334395.5504
CHLD 71453 678.578125 1765334395.5504
MEM 202.359375 1765334395.6555
CHLD 71441 6.203125 1765334395.6588
CHLD 71442 265.828125 1765334395.6588
CHLD 71451 660.968750 1765334395.6589
CHLD 71452 691.750000 1765334395.6589
CHLD 71453 678.578125 1765334395.6589
MEM 202.359375 1765334395.7639
CHLD 71441 6.203125 1765334395.7672
CHLD 71442 265.828125 1765334395.7672
CHLD 71451 660.968750 1765334395.7672
CHLD 71452 691.750000 1765334395.7672
CHLD 71453 678.578125 1765334395.7672
MEM 202.359375 1765334395.8719
CHLD 71441 6.203125 1765334395.8752
CHLD 71442 265.828125 1765334395.8752
CHLD 71451 660.968750 1765334395.8752
CHLD 71452 691.750000 1765334395.8752
CHLD 71453 678.578125 1765334395.8752
MEM 202.359375 1765334395.9803
CHLD 71441 6.203125 1765334395.9836
CHLD 71442 265.828125 1765334395.9836
CHLD 71451 660.968750 1765334395.9836
CHLD 71452 691.750000 1765334395.9836
CHLD 71453 678.578125 1765334395.9836
MEM 202.359375 1765334396.0887
CHLD 71441 6.203125 1765334396.0919
CHLD 71442 265.828125 1765334396.0919
CHLD 71451 660.968750 1765334396.0920
CHLD 71452 691.750000 1765334396.0920
CHLD 71453 678.578125 1765334396.0920
MEM 202.359375 1765334396.1970
CHLD 71441 6.203125 1765334396.2005
CHLD 71442 265.828125 1765334396.2005
CHLD 71451 660.968750 1765334396.2005
CHLD 71452 691.750000 1765334396.2005
CHLD 71453 678.578125 1765334396.2005
MEM 202.359375 1765334396.3056
CHLD 71441 6.203125 1765334396.3090
CHLD 71442 265.828125 1765334396.3090
CHLD 71451 660.968750 1765334396.3090
CHLD 71452 691.750000 1765334396.3090
CHLD 71453 678.578125 1765334396.3090
MEM 202.359375 1765334396.4141
CHLD 71441 6.203125 1765334396.4175
CHLD 71442 265.828125 1765334396.4175
CHLD 71451 660.968750 1765334396.4175
CHLD 71452 691.750000 1765334396.4175
CHLD 71453 678.578125 1765334396.4175
MEM 202.359375 1765334396.5226
CHLD 71441 6.203125 1765334396.5261
CHLD 71442 265.828125 1765334396.5261
CHLD 71451 660.968750 1765334396.5261
CHLD 71452 691.750000 1765334396.5261
CHLD 71453 678.578125 1765334396.5261
MEM 202.359375 1765334396.6311
CHLD 71441 6.203125 1765334396.6346
CHLD 71442 265.828125 1765334396.6346
CHLD 71451 660.968750 1765334396.6346
CHLD 71452 691.750000 1765334396.6346
CHLD 71453 678.578125 1765334396.6346
MEM 202.359375 1765334396.7397
CHLD 71441 6.203125 1765334396.7431
CHLD 71442 265.828125 1765334396.7431
CHLD 71451 660.968750 1765334396.7431
CHLD 71452 691.750000 1765334396.7431
CHLD 71453 678.578125 1765334396.7431
MEM 202.359375 1765334396.8482
CHLD 71441 6.203125 1765334396.8516
CHLD 71442 265.828125 1765334396.8516
CHLD 71451 660.968750 1765334396.8516
CHLD 71452 691.750000 1765334396.8517
CHLD 71453 678.578125 1765334396.8517
MEM 202.359375 1765334396.9553
CHLD 71441 6.203125 1765334396.9588
CHLD 71442 265.828125 1765334396.9588
CHLD 71451 660.968750 1765334396.9588
CHLD 71452 691.750000 1765334396.9588
CHLD 71453 678.578125 1765334396.9588
MEM 202.359375 1765334397.0639
CHLD 71441 6.203125 1765334397.0673
CHLD 71442 265.828125 1765334397.0673
CHLD 71451 660.968750 1765334397.0673
CHLD 71452 691.750000 1765334397.0673
CHLD 71453 678.578125 1765334397.0673
MEM 202.359375 1765334397.1724
CHLD 71441 6.203125 1765334397.1758
CHLD 71442 265.828125 1765334397.1758
CHLD 71451 660.968750 1765334397.1758
CHLD 71452 691.750000 1765334397.1758
CHLD 71453 678.578125 1765334397.1759
MEM 202.359375 1765334397.2810
CHLD 71441 6.203125 1765334397.2844
CHLD 71442 265.828125 1765334397.2844
CHLD 71451 660.968750 1765334397.2844
CHLD 71452 691.750000 1765334397.2844
CHLD 71453 678.578125 1765334397.2844
MEM 202.359375 1765334397.3886
CHLD 71441 6.203125 1765334397.3918
CHLD 71442 265.828125 1765334397.3918
CHLD 71451 660.968750 1765334397.3919
CHLD 71452 691.750000 1765334397.3919
CHLD 71453 678.578125 1765334397.3919
MEM 202.359375 1765334397.4970
CHLD 71441 6.203125 1765334397.5001
CHLD 71442 265.828125 1765334397.5001
CHLD 71451 660.968750 1765334397.5001
CHLD 71452 691.750000 1765334397.5001
CHLD 71453 678.578125 1765334397.5002
MEM 202.359375 1765334397.6052
CHLD 71441 6.203125 1765334397.6084
CHLD 71442 265.828125 1765334397.6084
CHLD 71451 660.968750 1765334397.6084
CHLD 71452 691.750000 1765334397.6084
CHLD 71453 678.578125 1765334397.6084
MEM 202.359375 1765334397.7135
CHLD 71441 6.203125 1765334397.7167
CHLD 71442 265.828125 1765334397.7167
CHLD 71451 660.968750 1765334397.7167
CHLD 71452 691.750000 1765334397.7167
CHLD 71453 678.578125 1765334397.7167
MEM 202.359375 1765334397.8218
CHLD 71441 6.203125 1765334397.8250
CHLD 71442 265.828125 1765334397.8250
CHLD 71451 660.968750 1765334397.8250
CHLD 71452 691.750000 1765334397.8250
CHLD 71453 678.578125 1765334397.8250
MEM 202.359375 1765334397.9301
CHLD 71441 6.203125 1765334397.9335
CHLD 71442 265.828125 1765334397.9335
CHLD 71451 660.968750 1765334397.9335
CHLD 71452 691.750000 1765334397.9335
CHLD 71453 678.578125 1765334397.9335
MEM 202.359375 1765334398.0386
CHLD 71441 6.203125 1765334398.0418
CHLD 71442 265.828125 1765334398.0418
CHLD 71451 660.968750 1765334398.0418
CHLD 71452 691.750000 1765334398.0418
CHLD 71453 678.578125 1765334398.0418
MEM 202.359375 1765334398.1469
CHLD 71441 6.203125 1765334398.1500
CHLD 71442 265.828125 1765334398.1500
CHLD 71451 660.968750 1765334398.1500
CHLD 71452 691.750000 1765334398.1500
CHLD 71453 678.578125 1765334398.1500
MEM 202.359375 1765334398.2550
CHLD 71441 6.203125 1765334398.2581
CHLD 71442 265.828125 1765334398.2581
CHLD 71451 660.968750 1765334398.2582
CHLD 71452 691.750000 1765334398.2582
CHLD 71453 678.578125 1765334398.2582
MEM 202.359375 1765334398.3632
CHLD 71441 6.203125 1765334398.3664
CHLD 71442 265.828125 1765334398.3664
CHLD 71451 660.968750 1765334398.3664
CHLD 71452 691.750000 1765334398.3664
CHLD 71453 678.578125 1765334398.3664
MEM 202.359375 1765334398.4715
CHLD 71441 6.203125 1765334398.4746
CHLD 71442 265.828125 1765334398.4746
CHLD 71451 660.968750 1765334398.4746
CHLD 71452 691.750000 1765334398.4746
CHLD 71453 678.578125 1765334398.4746
MEM 202.359375 1765334398.5797
CHLD 71441 6.203125 1765334398.5829
CHLD 71442 265.828125 1765334398.5829
CHLD 71451 660.968750 1765334398.5829
CHLD 71452 691.750000 1765334398.5829
CHLD 71453 678.578125 1765334398.5829
MEM 202.359375 1765334398.6879
CHLD 71441 6.203125 1765334398.6911
CHLD 71442 265.828125 1765334398.6911
CHLD 71451 660.968750 1765334398.6911
CHLD 71452 691.750000 1765334398.6911
CHLD 71453 678.578125 1765334398.6911
MEM 202.359375 1765334398.7961
CHLD 71441 6.203125 1765334398.7992
CHLD 71442 265.828125 1765334398.7992
CHLD 71451 660.968750 1765334398.7993
CHLD 71452 691.750000 1765334398.7993
CHLD 71453 678.578125 1765334398.7993
MEM 202.359375 1765334398.9043
CHLD 71441 6.203125 1765334398.9074
CHLD 71442 265.828125 1765334398.9074
CHLD 71451 660.968750 1765334398.9074
CHLD 71452 691.750000 1765334398.9074
CHLD 71453 678.578125 1765334398.9074
MEM 202.359375 1765334399.0125
CHLD 71441 6.203125 1765334399.0157
CHLD 71442 265.828125 1765334399.0157
CHLD 71451 660.968750 1765334399.0157
CHLD 71452 691.750000 1765334399.0157
CHLD 71453 678.578125 1765334399.0157
MEM 202.359375 1765334399.1208
CHLD 71441 6.203125 1765334399.1239
CHLD 71442 265.828125 1765334399.1239
CHLD 71451 660.968750 1765334399.1239
CHLD 71452 691.750000 1765334399.1239
CHLD 71453 678.578125 1765334399.1239
MEM 202.359375 1765334399.2290
CHLD 71441 6.203125 1765334399.2321
CHLD 71442 265.828125 1765334399.2321
CHLD 71451 660.968750 1765334399.2321
CHLD 71452 691.750000 1765334399.2321
CHLD 71453 678.578125 1765334399.2321
MEM 202.359375 1765334399.3372
CHLD 71441 6.203125 1765334399.3403
CHLD 71442 265.828125 1765334399.3403
CHLD 71451 660.968750 1765334399.3403
CHLD 71452 691.750000 1765334399.3403
CHLD 71453 678.578125 1765334399.3403
MEM 202.359375 1765334399.4454
CHLD 71441 6.203125 1765334399.4485
CHLD 71442 265.828125 1765334399.4485
CHLD 71451 660.968750 1765334399.4485
CHLD 71452 691.750000 1765334399.4485
CHLD 71453 678.578125 1765334399.4485
MEM 202.359375 1765334399.5536
CHLD 71441 6.203125 1765334399.5567
CHLD 71442 265.828125 1765334399.5567
CHLD 71451 660.968750 1765334399.5567
CHLD 71452 691.750000 1765334399.5567
CHLD 71453 678.578125 1765334399.5567
MEM 202.359375 1765334399.6618
CHLD 71441 6.203125 1765334399.6649
CHLD 71442 265.828125 1765334399.6649
CHLD 71451 660.968750 1765334399.6649
CHLD 71452 691.750000 1765334399.6649
CHLD 71453 678.578125 1765334399.6649
MEM 202.359375 1765334399.7699
CHLD 71441 6.203125 1765334399.7730
CHLD 71442 265.828125 1765334399.7731
CHLD 71451 660.968750 1765334399.7731
CHLD 71452 691.750000 1765334399.7731
CHLD 71453 678.578125 1765334399.7731
MEM 202.359375 1765334399.8781
CHLD 71441 6.203125 1765334399.8813
CHLD 71442 265.828125 1765334399.8813
CHLD 71451 660.968750 1765334399.8813
CHLD 71452 691.750000 1765334399.8813
CHLD 71453 678.578125 1765334399.8813
MEM 202.359375 1765334399.9864
CHLD 71441 6.203125 1765334399.9896
CHLD 71442 265.828125 1765334399.9896
CHLD 71451 660.968750 1765334399.9896
CHLD 71452 691.750000 1765334399.9896
CHLD 71453 678.578125 1765334399.9896
MEM 202.359375 1765334400.0947
CHLD 71441 6.203125 1765334400.0980
CHLD 71442 265.828125 1765334400.0980
CHLD 71451 660.968750 1765334400.0980
CHLD 71452 691.750000 1765334400.0980
CHLD 71453 678.578125 1765334400.0980
MEM 202.359375 1765334400.2031
CHLD 71441 6.203125 1765334400.2063
CHLD 71442 265.828125 1765334400.2063
CHLD 71451 660.968750 1765334400.2063
CHLD 71452 691.750000 1765334400.2063
CHLD 71453 678.578125 1765334400.2063
MEM 202.359375 1765334400.3115
CHLD 71441 6.203125 1765334400.3148
CHLD 71442 265.828125 1765334400.3148
CHLD 71451 660.968750 1765334400.3148
CHLD 71452 691.750000 1765334400.3149
CHLD 71453 678.578125 1765334400.3149
MEM 202.359375 1765334400.4200
CHLD 71441 6.203125 1765334400.4232
CHLD 71442 265.828125 1765334400.4232
CHLD 71451 660.968750 1765334400.4232
CHLD 71452 691.750000 1765334400.4232
CHLD 71453 678.578125 1765334400.4232
MEM 202.359375 1765334400.5261
CHLD 71441 6.203125 1765334400.5296
CHLD 71442 265.828125 1765334400.5296
CHLD 71451 660.968750 1765334400.5296
CHLD 71452 691.750000 1765334400.5296
CHLD 71453 678.578125 1765334400.5296
MEM 202.359375 1765334400.6347
CHLD 71441 6.203125 1765334400.6381
CHLD 71442 265.828125 1765334400.6381
CHLD 71451 660.968750 1765334400.6381
CHLD 71452 691.750000 1765334400.6381
CHLD 71453 678.578125 1765334400.6381
MEM 202.359375 1765334400.7432
CHLD 71441 6.203125 1765334400.7467
CHLD 71442 265.828125 1765334400.7467
CHLD 71451 660.968750 1765334400.7467
CHLD 71452 691.750000 1765334400.7467
CHLD 71453 678.578125 1765334400.7467
MEM 202.359375 1765334400.8518
CHLD 71441 6.203125 1765334400.8553
CHLD 71442 265.828125 1765334400.8553
CHLD 71451 660.968750 1765334400.8553
CHLD 71452 691.750000 1765334400.8553
CHLD 71453 678.578125 1765334400.8553
MEM 202.359375 1765334400.9594
CHLD 71441 6.203125 1765334400.9628
CHLD 71442 265.828125 1765334400.9628
CHLD 71451 660.968750 1765334400.9628
CHLD 71452 691.750000 1765334400.9629
CHLD 71453 678.578125 1765334400.9629
MEM 202.359375 1765334401.0680
CHLD 71441 6.203125 1765334401.0714
CHLD 71442 265.828125 1765334401.0714
CHLD 71451 660.968750 1765334401.0714
CHLD 71452 691.750000 1765334401.0714
CHLD 71453 678.578125 1765334401.0714
MEM 202.359375 1765334401.1766
CHLD 71441 6.203125 1765334401.1800
CHLD 71442 265.828125 1765334401.1800
CHLD 71451 660.968750 1765334401.1800
CHLD 71452 691.750000 1765334401.1800
CHLD 71453 678.578125 1765334401.1800
MEM 202.359375 1765334401.2850
CHLD 71441 6.203125 1765334401.2884
CHLD 71442 265.828125 1765334401.2884
CHLD 71451 660.968750 1765334401.2884
CHLD 71452 691.750000 1765334401.2884
CHLD 71453 678.578125 1765334401.2884
MEM 202.359375 1765334401.3927
CHLD 71441 6.203125 1765334401.3958
CHLD 71442 265.828125 1765334401.3959
CHLD 71451 660.968750 1765334401.3959
CHLD 71452 691.750000 1765334401.3959
CHLD 71453 678.578125 1765334401.3959
MEM 202.359375 1765334401.5009
CHLD 71441 6.203125 1765334401.5042
CHLD 71442 265.828125 1765334401.5042
CHLD 71451 660.968750 1765334401.5042
CHLD 71452 691.750000 1765334401.5042
CHLD 71453 678.578125 1765334401.5042
MEM 202.359375 1765334401.6093
CHLD 71441 6.203125 1765334401.6126
CHLD 71442 265.828125 1765334401.6126
CHLD 71451 660.968750 1765334401.6126
CHLD 71452 691.750000 1765334401.6126
CHLD 71453 678.578125 1765334401.6126
MEM 202.359375 1765334401.7177
CHLD 71441 6.203125 1765334401.7210
CHLD 71442 265.828125 1765334401.7210
CHLD 71451 660.968750 1765334401.7210
CHLD 71452 691.750000 1765334401.7210
CHLD 71453 678.578125 1765334401.7210
MEM 202.359375 1765334401.8260
CHLD 71441 6.203125 1765334401.8293
CHLD 71442 265.828125 1765334401.8293
CHLD 71451 660.968750 1765334401.8293
CHLD 71452 691.750000 1765334401.8293
CHLD 71453 678.578125 1765334401.8293
MEM 202.359375 1765334401.9344
CHLD 71441 6.203125 1765334401.9377
CHLD 71442 265.828125 1765334401.9377
CHLD 71451 660.968750 1765334401.9377
CHLD 71452 691.750000 1765334401.9377
CHLD 71453 678.578125 1765334401.9377
MEM 202.359375 1765334402.0428
CHLD 71441 6.203125 1765334402.0461
CHLD 71442 265.828125 1765334402.0461
CHLD 71451 660.968750 1765334402.0461
CHLD 71452 691.750000 1765334402.0461
CHLD 71453 678.578125 1765334402.0461
MEM 202.359375 1765334402.1475
CHLD 71441 6.203125 1765334402.1507
CHLD 71442 265.828125 1765334402.1508
CHLD 71451 660.968750 1765334402.1508
CHLD 71452 691.750000 1765334402.1508
CHLD 71453 678.578125 1765334402.1508
MEM 202.359375 1765334402.2558
CHLD 71441 6.203125 1765334402.2594
CHLD 71442 265.828125 1765334402.2594
CHLD 71451 660.968750 1765334402.2594
CHLD 71452 691.750000 1765334402.2594
CHLD 71453 678.578125 1765334402.2594
MEM 202.359375 1765334402.3603
CHLD 71441 6.203125 1765334402.3637
CHLD 71442 265.828125 1765334402.3637
CHLD 71451 660.968750 1765334402.3638
CHLD 71452 691.750000 1765334402.3638
CHLD 71453 678.578125 1765334402.3638
MEM 202.359375 1765334402.4677
CHLD 71441 6.203125 1765334402.4710
CHLD 71442 265.828125 1765334402.4710
CHLD 71451 660.968750 1765334402.4710
CHLD 71452 691.750000 1765334402.4710
CHLD 71453 678.578125 1765334402.4710
MEM 202.359375 1765334402.5761
CHLD 71441 6.203125 1765334402.5794
CHLD 71442 265.828125 1765334402.5794
CHLD 71451 660.968750 1765334402.5794
CHLD 71452 691.750000 1765334402.5794
CHLD 71453 678.578125 1765334402.5794
MEM 202.359375 1765334402.6845
CHLD 71441 6.203125 1765334402.6877
CHLD 71442 265.828125 1765334402.6877
CHLD 71451 660.968750 1765334402.6878
CHLD 71452 691.750000 1765334402.6878
CHLD 71453 678.578125 1765334402.6878
MEM 202.359375 1765334402.7928
CHLD 71441 6.203125 1765334402.7961
CHLD 71442 265.828125 1765334402.7961
CHLD 71451 660.968750 1765334402.7961
CHLD 71452 691.750000 1765334402.7961
CHLD 71453 678.578125 1765334402.7961
MEM 202.359375 1765334402.9011
CHLD 71441 6.203125 1765334402.9042
CHLD 71442 265.828125 1765334402.9042
CHLD 71451 660.968750 1765334402.9042
CHLD 71452 691.750000 1765334402.9042
CHLD 71453 678.578125 1765334402.9042
MEM 202.359375 1765334403.0092
CHLD 71441 6.203125 1765334403.0123
CHLD 71442 265.828125 1765334403.0123
CHLD 71451 660.968750 1765334403.0123
CHLD 71452 691.750000 1765334403.0123
CHLD 71453 678.578125 1765334403.0123
MEM 202.359375 1765334403.1174
CHLD 71441 6.203125 1765334403.1205
CHLD 71442 265.828125 1765334403.1205
CHLD 71451 660.968750 1765334403.1205
CHLD 71452 691.750000 1765334403.1205
CHLD 71453 678.578125 1765334403.1205
MEM 202.359375 1765334403.2256
CHLD 71441 6.203125 1765334403.2288
CHLD 71442 265.828125 1765334403.2288
CHLD 71451 660.968750 1765334403.2288
CHLD 71452 691.750000 1765334403.2288
CHLD 71453 678.578125 1765334403.2288
MEM 202.359375 1765334403.3339
CHLD 71441 6.203125 1765334403.3371
CHLD 71442 265.828125 1765334403.3371
CHLD 71451 660.968750 1765334403.3371
CHLD 71452 691.750000 1765334403.3371
CHLD 71453 678.578125 1765334403.3371
MEM 202.359375 1765334403.4422
CHLD 71441 6.203125 1765334403.4453
CHLD 71442 265.828125 1765334403.4454
CHLD 71451 660.968750 1765334403.4454
CHLD 71452 691.750000 1765334403.4454
CHLD 71453 678.578125 1765334403.4454
MEM 202.359375 1765334403.5505
CHLD 71441 6.203125 1765334403.5536
CHLD 71442 265.828125 1765334403.5536
CHLD 71451 660.968750 1765334403.5536
CHLD 71452 691.750000 1765334403.5536
CHLD 71453 678.578125 1765334403.5536
MEM 202.359375 1765334403.6587
CHLD 71441 6.203125 1765334403.6618
CHLD 71442 265.828125 1765334403.6618
CHLD 71451 660.968750 1765334403.6618
CHLD 71452 691.750000 1765334403.6618
CHLD 71453 678.578125 1765334403.6618
MEM 202.359375 1765334403.7669
CHLD 71441 6.203125 1765334403.7700
CHLD 71442 265.828125 1765334403.7700
CHLD 71451 660.968750 1765334403.7700
CHLD 71452 691.750000 1765334403.7701
CHLD 71453 678.578125 1765334403.7701
MEM 202.359375 1765334403.8751
CHLD 71441 6.203125 1765334403.8783
CHLD 71442 265.828125 1765334403.8783
CHLD 71451 660.968750 1765334403.8783
CHLD 71452 691.750000 1765334403.8783
CHLD 71453 678.578125 1765334403.8783
MEM 202.359375 1765334403.9834
CHLD 71441 6.203125 1765334403.9865
CHLD 71442 265.828125 1765334403.9865
CHLD 71451 660.968750 1765334403.9865
CHLD 71452 691.750000 1765334403.9865
CHLD 71453 678.578125 1765334403.9865
MEM 202.359375 1765334404.0916
CHLD 71441 6.203125 1765334404.0949
CHLD 71442 265.828125 1765334404.0950
CHLD 71451 660.968750 1765334404.0950
CHLD 71452 691.750000 1765334404.0950
CHLD 71453 678.578125 1765334404.0950
MEM 202.359375 1765334404.1997
CHLD 71441 6.203125 1765334404.2031
CHLD 71442 265.828125 1765334404.2031
CHLD 71451 660.968750 1765334404.2031
CHLD 71452 691.750000 1765334404.2031
CHLD 71453 678.578125 1765334404.2031
MEM 202.359375 1765334404.3083
CHLD 71441 6.203125 1765334404.3117
CHLD 71442 265.828125 1765334404.3117
CHLD 71451 660.968750 1765334404.3117
CHLD 71452 691.750000 1765334404.3117
CHLD 71453 678.578125 1765334404.3117
MEM 202.359375 1765334404.4168
CHLD 71441 6.203125 1765334404.4202
CHLD 71442 265.828125 1765334404.4202
CHLD 71451 660.968750 1765334404.4202
CHLD 71452 691.750000 1765334404.4202
CHLD 71453 678.578125 1765334404.4202
MEM 202.359375 1765334404.5254
CHLD 71441 6.203125 1765334404.5288
CHLD 71442 265.828125 1765334404.5288
CHLD 71451 660.968750 1765334404.5288
CHLD 71452 691.750000 1765334404.5288
CHLD 71453 678.578125 1765334404.5288
MEM 202.359375 1765334404.6339
CHLD 71441 6.203125 1765334404.6373
CHLD 71442 265.828125 1765334404.6373
CHLD 71451 660.968750 1765334404.6374
CHLD 71452 691.750000 1765334404.6374
CHLD 71453 678.578125 1765334404.6374
MEM 202.359375 1765334404.7425
CHLD 71441 6.203125 1765334404.7459
CHLD 71442 265.828125 1765334404.7459
CHLD 71451 660.968750 1765334404.7459
CHLD 71452 691.750000 1765334404.7459
CHLD 71453 678.578125 1765334404.7459
MEM 202.359375 1765334404.8511
CHLD 71441 6.203125 1765334404.8545
CHLD 71442 265.828125 1765334404.8545
CHLD 71451 660.968750 1765334404.8545
CHLD 71452 691.750000 1765334404.8545
CHLD 71453 678.578125 1765334404.8545
MEM 202.359375 1765334404.9595
CHLD 71441 6.203125 1765334404.9627
CHLD 71442 265.828125 1765334404.9627
CHLD 71451 660.968750 1765334404.9627
CHLD 71452 691.750000 1765334404.9627
CHLD 71453 678.578125 1765334404.9627
MEM 202.359375 1765334405.0678
CHLD 71441 6.203125 1765334405.0710
CHLD 71442 265.828125 1765334405.0710
CHLD 71451 660.968750 1765334405.0711
CHLD 71452 691.750000 1765334405.0711
CHLD 71453 678.578125 1765334405.0711
MEM 202.359375 1765334405.1762
CHLD 71441 6.203125 1765334405.1794
CHLD 71442 265.828125 1765334405.1794
CHLD 71451 660.968750 1765334405.1794
CHLD 71452 691.750000 1765334405.1794
CHLD 71453 678.578125 1765334405.1794
MEM 202.359375 1765334405.2845
CHLD 71441 6.203125 1765334405.2878
CHLD 71442 265.828125 1765334405.2878
CHLD 71451 660.968750 1765334405.2878
CHLD 71452 691.750000 1765334405.2878
CHLD 71453 678.578125 1765334405.2878
MEM 202.359375 1765334405.3929
CHLD 71441 6.203125 1765334405.3961
CHLD 71442 265.828125 1765334405.3961
CHLD 71451 660.968750 1765334405.3961
CHLD 71452 691.750000 1765334405.3961
CHLD 71453 678.578125 1765334405.3961
MEM 202.359375 1765334405.5012
CHLD 71441 6.203125 1765334405.5043
CHLD 71442 265.828125 1765334405.5043
CHLD 71451 660.968750 1765334405.5043
CHLD 71452 691.750000 1765334405.5043
CHLD 71453 678.578125 1765334405.5043
MEM 202.359375 1765334405.6094
CHLD 71441 6.203125 1765334405.6126
CHLD 71442 265.828125 1765334405.6126
CHLD 71451 660.968750 1765334405.6126
CHLD 71452 691.750000 1765334405.6126
CHLD 71453 678.578125 1765334405.6126
MEM 202.359375 1765334405.7177
CHLD 71441 6.203125 1765334405.7208
CHLD 71442 265.828125 1765334405.7208
CHLD 71451 660.968750 1765334405.7208
CHLD 71452 691.750000 1765334405.7208
CHLD 71453 678.578125 1765334405.7208
MEM 202.359375 1765334405.8259
CHLD 71441 6.203125 1765334405.8291
CHLD 71442 265.828125 1765334405.8291
CHLD 71451 660.968750 1765334405.8291
CHLD 71452 691.750000 1765334405.8292
CHLD 71453 678.578125 1765334405.8292
MEM 202.359375 1765334405.9343
CHLD 71441 6.203125 1765334405.9375
CHLD 71442 265.828125 1765334405.9375
CHLD 71451 660.968750 1765334405.9375
CHLD 71452 691.750000 1765334405.9375
CHLD 71453 678.578125 1765334405.9375
MEM 202.359375 1765334406.0426
CHLD 71441 6.203125 1765334406.0458
CHLD 71442 265.828125 1765334406.0458
CHLD 71451 660.968750 1765334406.0458
CHLD 71452 691.750000 1765334406.0458
CHLD 71453 678.578125 1765334406.0458
MEM 202.359375 1765334406.1509
CHLD 71441 6.203125 1765334406.1541
CHLD 71442 265.828125 1765334406.1542
CHLD 71451 660.968750 1765334406.1542
CHLD 71452 691.750000 1765334406.1542
CHLD 71453 678.578125 1765334406.1542
MEM 202.359375 1765334406.2593
CHLD 71441 6.203125 1765334406.2625
CHLD 71442 265.828125 1765334406.2625
CHLD 71451 660.968750 1765334406.2625
CHLD 71452 691.750000 1765334406.2625
CHLD 71453 678.578125 1765334406.2625
MEM 202.359375 1765334406.3676
CHLD 71441 6.203125 1765334406.3711
CHLD 71442 265.828125 1765334406.3711
CHLD 71451 660.968750 1765334406.3711
CHLD 71452 691.750000 1765334406.3711
CHLD 71453 678.578125 1765334406.3711
MEM 202.359375 1765334406.4762
CHLD 71441 6.203125 1765334406.4797
CHLD 71442 265.828125 1765334406.4797
CHLD 71451 660.968750 1765334406.4797
CHLD 71452 691.750000 1765334406.4797
CHLD 71453 678.578125 1765334406.4797
MEM 202.359375 1765334406.5848
CHLD 71441 6.203125 1765334406.5881
CHLD 71442 265.828125 1765334406.5881
CHLD 71451 660.968750 1765334406.5882
CHLD 71452 691.750000 1765334406.5882
CHLD 71453 678.578125 1765334406.5882
MEM 202.359375 1765334406.6932
CHLD 71441 6.203125 1765334406.6965
CHLD 71442 265.828125 1765334406.6966
CHLD 71451 660.968750 1765334406.6966
CHLD 71452 691.750000 1765334406.6966
CHLD 71453 678.578125 1765334406.6966
MEM 202.359375 1765334406.8016
CHLD 71441 6.203125 1765334406.8049
CHLD 71442 265.828125 1765334406.8049
CHLD 71451 660.968750 1765334406.8049
CHLD 71452 691.750000 1765334406.8049
CHLD 71453 678.578125 1765334406.8050
MEM 202.359375 1765334406.9094
CHLD 71441 6.203125 1765334406.9127
CHLD 71442 265.828125 1765334406.9127
CHLD 71451 660.968750 1765334406.9127
CHLD 71452 691.750000 1765334406.9128
CHLD 71453 678.578125 1765334406.9128
MEM 202.359375 1765334407.0178
CHLD 71441 6.203125 1765334407.0208
CHLD 71442 265.828125 1765334407.0209
CHLD 71451 660.968750 1765334407.0209
CHLD 71452 691.750000 1765334407.0209
CHLD 71453 678.578125 1765334407.0209
MEM 202.359375 1765334407.1259
CHLD 71441 6.203125 1765334407.1290
CHLD 71442 265.828125 1765334407.1290
CHLD 71451 660.968750 1765334407.1290
CHLD 71452 691.750000 1765334407.1290
CHLD 71453 678.578125 1765334407.1290
MEM 202.359375 1765334407.2341
CHLD 71441 6.203125 1765334407.2371
CHLD 71442 265.828125 1765334407.2372
CHLD 71451 660.968750 1765334407.2372
CHLD 71452 691.750000 1765334407.2372
CHLD 71453 678.578125 1765334407.2372
MEM 202.359375 1765334407.3422
CHLD 71441 6.203125 1765334407.3459
CHLD 71442 265.828125 1765334407.3459
CHLD 71451 660.968750 1765334407.3459
CHLD 71452 691.750000 1765334407.3459
CHLD 71453 678.578125 1765334407.3459
MEM 202.359375 1765334407.4510
CHLD 71441 6.203125 1765334407.4541
CHLD 71442 265.828125 1765334407.4541
CHLD 71451 660.968750 1765334407.4542
CHLD 71452 691.750000 1765334407.4542
CHLD 71453 678.578125 1765334407.4542
MEM 202.359375 1765334407.5592
CHLD 71441 6.203125 1765334407.5625
CHLD 71442 265.828125 1765334407.5625
CHLD 71451 660.968750 1765334407.5625
CHLD 71452 691.750000 1765334407.5625
CHLD 71453 678.578125 1765334407.5626
MEM 202.359375 1765334407.6676
CHLD 71441 6.203125 1765334407.6709
CHLD 71442 265.828125 1765334407.6709
CHLD 71451 660.968750 1765334407.6709
CHLD 71452 691.750000 1765334407.6709
CHLD 71453 678.578125 1765334407.6709
MEM 202.359375 1765334407.7760
CHLD 71441 6.203125 1765334407.7792
CHLD 71442 265.828125 1765334407.7793
CHLD 71451 660.968750 1765334407.7793
CHLD 71452 691.750000 1765334407.7793
CHLD 71453 678.578125 1765334407.7793
MEM 202.359375 1765334407.8843
CHLD 71441 6.203125 1765334407.8876
CHLD 71442 265.828125 1765334407.8876
CHLD 71451 660.968750 1765334407.8876
CHLD 71452 691.750000 1765334407.8876
CHLD 71453 678.578125 1765334407.8876
MEM 202.359375 1765334407.9927
CHLD 71441 6.203125 1765334407.9957
CHLD 71442 265.828125 1765334407.9957
CHLD 71451 660.968750 1765334407.9957
CHLD 71452 691.750000 1765334407.9958
CHLD 71453 678.578125 1765334407.9958
MEM 202.359375 1765334408.0984
CHLD 71441 6.203125 1765334408.1017
CHLD 71442 265.828125 1765334408.1017
CHLD 71451 660.968750 1765334408.1017
CHLD 71452 691.750000 1765334408.1017
CHLD 71453 678.578125 1765334408.1017
MEM 202.359375 1765334408.2068
CHLD 71441 6.203125 1765334408.2100
CHLD 71442 265.828125 1765334408.2100
CHLD 71451 660.968750 1765334408.2100
CHLD 71452 691.750000 1765334408.2100
CHLD 71453 678.578125 1765334408.2100
MEM 202.359375 1765334408.3151
CHLD 71441 6.203125 1765334408.3184
CHLD 71442 265.828125 1765334408.3184
CHLD 71451 660.968750 1765334408.3184
CHLD 71452 691.750000 1765334408.3185
CHLD 71453 678.578125 1765334408.3185
MEM 202.359375 1765334408.4235
CHLD 71441 6.203125 1765334408.4268
CHLD 71442 265.828125 1765334408.4268
CHLD 71451 660.968750 1765334408.4268
CHLD 71452 691.750000 1765334408.4268
CHLD 71453 678.578125 1765334408.4268
MEM 202.359375 1765334408.5305
CHLD 71441 6.203125 1765334408.5336
CHLD 71442 265.828125 1765334408.5336
CHLD 71451 660.968750 1765334408.5336
CHLD 71452 691.750000 1765334408.5336
CHLD 71453 678.578125 1765334408.5336
MEM 202.359375 1765334408.6387
CHLD 71441 6.203125 1765334408.6422
CHLD 71442 265.828125 1765334408.6422
CHLD 71451 660.968750 1765334408.6422
CHLD 71452 691.750000 1765334408.6422
CHLD 71453 678.578125 1765334408.6422
MEM 202.359375 1765334408.7428
CHLD 71441 6.203125 1765334408.7461
CHLD 71442 265.828125 1765334408.7461
CHLD 71451 660.968750 1765334408.7461
CHLD 71452 691.750000 1765334408.7461
CHLD 71453 678.578125 1765334408.7461
MEM 202.359375 1765334408.8513
CHLD 71441 6.203125 1765334408.8546
CHLD 71442 265.828125 1765334408.8546
CHLD 71451 660.968750 1765334408.8546
CHLD 71452 691.750000 1765334408.8546
CHLD 71453 678.578125 1765334408.8546
MEM 202.359375 1765334408.9597
CHLD 71441 6.203125 1765334408.9630
CHLD 71442 265.828125 1765334408.9630
CHLD 71451 660.968750 1765334408.9630
CHLD 71452 691.765625 1765334408.9630
CHLD 71453 678.609375 1765334408.9630
MEM 202.171875 1765334409.0681
CHLD 71441 6.203125 1765334409.0714
CHLD 71442 265.734375 1765334409.0714
CHLD 71451 660.968750 1765334409.0714
CHLD 71452 696.468750 1765334409.0714
CHLD 71453 680.093750 1765334409.0714
MEM 202.171875 1765334409.1761
CHLD 71441 6.203125 1765334409.1807
CHLD 71442 265.734375 1765334409.1807
CHLD 71451 660.968750 1765334409.1807
CHLD 71452 696.468750 1765334409.1807
CHLD 71453 680.093750 1765334409.1807
MEM 202.171875 1765334409.2858
CHLD 71441 6.203125 1765334409.2917
CHLD 71442 265.734375 1765334409.2917
CHLD 71451 660.968750 1765334409.2917
CHLD 71452 696.468750 1765334409.2917
CHLD 71453 680.093750 1765334409.2917
MEM 202.171875 1765334409.3928
CHLD 71441 6.203125 1765334409.3989
CHLD 71442 265.734375 1765334409.3989
CHLD 71451 660.968750 1765334409.3989
CHLD 71452 696.468750 1765334409.3989
CHLD 71453 680.093750 1765334409.3989
MEM 202.171875 1765334409.5042
CHLD 71441 6.203125 1765334409.5095
CHLD 71442 265.734375 1765334409.5095
CHLD 71451 660.968750 1765334409.5095
CHLD 71452 696.468750 1765334409.5095
CHLD 71453 680.093750 1765334409.5095
MEM 202.171875 1765334409.6107
CHLD 71441 6.203125 1765334409.6151
CHLD 71442 265.734375 1765334409.6151
CHLD 71451 660.968750 1765334409.6151
CHLD 71452 696.468750 1765334409.6151
CHLD 71453 680.093750 1765334409.6151
MEM 202.171875 1765334409.7202
CHLD 71441 6.203125 1765334409.7247
CHLD 71442 265.734375 1765334409.7247
CHLD 71451 660.968750 1765334409.7248
CHLD 71452 696.468750 1765334409.7248
CHLD 71453 680.093750 1765334409.7248
MEM 202.171875 1765334409.8298
CHLD 71441 6.203125 1765334409.8353
CHLD 71442 265.734375 1765334409.8353
CHLD 71451 660.968750 1765334409.8353
CHLD 71452 696.468750 1765334409.8353
CHLD 71453 680.093750 1765334409.8353
MEM 202.171875 1765334409.9404
CHLD 71441 6.203125 1765334409.9445
CHLD 71442 265.734375 1765334409.9445
CHLD 71451 660.968750 1765334409.9445
CHLD 71452 696.468750 1765334409.9445
CHLD 71453 680.093750 1765334409.9445
MEM 202.171875 1765334410.0496
CHLD 71441 6.203125 1765334410.0541
CHLD 71442 265.734375 1765334410.0541
CHLD 71451 660.968750 1765334410.0541
CHLD 71452 696.468750 1765334410.0541
CHLD 71453 680.093750 1765334410.0541
MEM 202.171875 1765334410.1591
CHLD 71441 6.203125 1765334410.1636
CHLD 71442 265.734375 1765334410.1636
CHLD 71451 660.968750 1765334410.1637
CHLD 71452 696.468750 1765334410.1637
CHLD 71453 680.093750 1765334410.1637
MEM 202.171875 1765334410.2688
CHLD 71441 6.203125 1765334410.2743
CHLD 71442 265.734375 1765334410.2743
CHLD 71451 660.968750 1765334410.2743
CHLD 71452 696.468750 1765334410.2743
CHLD 71453 680.093750 1765334410.2744
MEM 202.171875 1765334410.3795
CHLD 71441 6.203125 1765334410.3861
CHLD 71442 265.734375 1765334410.3861
CHLD 71451 660.968750 1765334410.3861
CHLD 71452 696.468750 1765334410.3861
CHLD 71453 680.093750 1765334410.3861
MEM 202.171875 1765334410.4912
CHLD 71441 6.203125 1765334410.4956
CHLD 71442 265.734375 1765334410.4956
CHLD 71451 660.968750 1765334410.4956
CHLD 71452 696.468750 1765334410.4956
CHLD 71453 680.093750 1765334410.4956
MEM 202.171875 1765334410.6008
CHLD 71441 6.203125 1765334410.6055
CHLD 71442 265.734375 1765334410.6055
CHLD 71451 660.968750 1765334410.6055
CHLD 71452 696.468750 1765334410.6055
CHLD 71453 680.093750 1765334410.6055
MEM 202.171875 1765334410.7094
CHLD 71441 6.203125 1765334410.7145
CHLD 71442 265.734375 1765334410.7145
CHLD 71451 660.968750 1765334410.7145
CHLD 71452 696.468750 1765334410.7145
CHLD 71453 680.093750 1765334410.7145
MEM 202.171875 1765334410.8197
CHLD 71441 6.203125 1765334410.8243
CHLD 71442 265.734375 1765334410.8243
CHLD 71451 660.968750 1765334410.8244
CHLD 71452 696.468750 1765334410.8244
CHLD 71453 680.093750 1765334410.8244
MEM 202.171875 1765334410.9253
CHLD 71441 6.203125 1765334410.9325
CHLD 71442 265.734375 1765334410.9325
CHLD 71451 660.968750 1765334410.9325
CHLD 71452 696.468750 1765334410.9325
CHLD 71453 680.093750 1765334410.9325
MEM 202.171875 1765334411.0378
CHLD 71441 6.203125 1765334411.0436
CHLD 71442 265.734375 1765334411.0436
CHLD 71451 660.968750 1765334411.0436
CHLD 71452 696.468750 1765334411.0437
CHLD 71453 680.093750 1765334411.0437
MEM 202.171875 1765334411.1477
CHLD 71441 6.203125 1765334411.1535
CHLD 71442 265.734375 1765334411.1535
CHLD 71451 660.968750 1765334411.1535
CHLD 71452 696.468750 1765334411.1535
CHLD 71453 680.093750 1765334411.1536
MEM 202.171875 1765334411.2588
CHLD 71441 6.203125 1765334411.2647
CHLD 71442 265.734375 1765334411.2648
CHLD 71451 660.968750 1765334411.2648
CHLD 71452 696.468750 1765334411.2648
CHLD 71453 680.093750 1765334411.2648
MEM 202.171875 1765334411.3700
CHLD 71441 6.203125 1765334411.3776
CHLD 71442 265.734375 1765334411.3776
CHLD 71451 660.968750 1765334411.3776
CHLD 71452 696.468750 1765334411.3776
CHLD 71453 680.093750 1765334411.3776
MEM 202.171875 1765334411.4828
CHLD 71441 6.203125 1765334411.4886
CHLD 71442 265.734375 1765334411.4886
CHLD 71451 660.968750 1765334411.4886
CHLD 71452 696.468750 1765334411.4887
CHLD 71453 680.093750 1765334411.4887
MEM 202.171875 1765334411.5939
CHLD 71441 6.203125 1765334411.5994
CHLD 71442 265.734375 1765334411.5994
CHLD 71451 660.968750 1765334411.5994
CHLD 71452 696.468750 1765334411.5995
CHLD 71453 680.093750 1765334411.5995
MEM 202.171875 1765334411.7041
CHLD 71441 6.203125 1765334411.7092
CHLD 71442 265.734375 1765334411.7093
CHLD 71451 660.968750 1765334411.7093
CHLD 71452 696.468750 1765334411.7093
CHLD 71453 680.093750 1765334411.7093
MEM 202.171875 1765334411.8128
CHLD 71441 6.203125 1765334411.8176
CHLD 71442 265.734375 1765334411.8176
CHLD 71451 660.968750 1765334411.8176
CHLD 71452 696.468750 1765334411.8176
CHLD 71453 680.093750 1765334411.8176
MEM 202.171875 1765334411.9228
CHLD 71441 6.203125 1765334411.9275
CHLD 71442 265.734375 1765334411.9276
CHLD 71451 660.968750 1765334411.9276
CHLD 71452 696.468750 1765334411.9276
CHLD 71453 680.093750 1765334411.9276
MEM 202.171875 1765334412.0298
CHLD 71441 6.203125 1765334412.0352
CHLD 71442 265.734375 1765334412.0352
CHLD 71451 660.968750 1765334412.0353
CHLD 71452 696.468750 1765334412.0353
CHLD 71453 680.093750 1765334412.0353
MEM 202.171875 1765334412.1405
CHLD 71441 6.203125 1765334412.1454
CHLD 71442 265.734375 1765334412.1454
CHLD 71451 660.968750 1765334412.1455
CHLD 71452 696.468750 1765334412.1455
CHLD 71453 680.093750 1765334412.1455
MEM 202.171875 1765334412.2479
CHLD 71441 6.203125 1765334412.2551
CHLD 71442 265.734375 1765334412.2551
CHLD 71451 660.968750 1765334412.2551
CHLD 71452 696.468750 1765334412.2551
CHLD 71453 680.093750 1765334412.2551
MEM 202.171875 1765334412.3595
CHLD 71441 6.203125 1765334412.3654
CHLD 71442 265.734375 1765334412.3654
CHLD 71451 660.968750 1765334412.3654
CHLD 71452 696.468750 1765334412.3654
CHLD 71453 680.093750 1765334412.3655
MEM 202.171875 1765334412.4706
CHLD 71441 6.203125 1765334412.4766
CHLD 71442 265.734375 1765334412.4766
CHLD 71451 660.968750 1765334412.4767
CHLD 71452 696.468750 1765334412.4767
CHLD 71453 680.093750 1765334412.4767
MEM 202.171875 1765334412.5818
CHLD 71441 6.203125 1765334412.5873
CHLD 71442 265.734375 1765334412.5873
CHLD 71451 660.968750 1765334412.5873
CHLD 71452 696.468750 1765334412.5873
CHLD 71453 680.093750 1765334412.5873
MEM 202.171875 1765334412.6924
CHLD 71441 6.203125 1765334412.6979
CHLD 71442 265.734375 1765334412.6979
CHLD 71451 660.968750 1765334412.6979
CHLD 71452 696.468750 1765334412.6979
CHLD 71453 680.093750 1765334412.6979
MEM 202.171875 1765334412.8030
CHLD 71441 6.203125 1765334412.8084
CHLD 71442 265.734375 1765334412.8084
CHLD 71451 660.968750 1765334412.8084
CHLD 71452 696.468750 1765334412.8084
CHLD 71453 680.093750 1765334412.8084
MEM 202.171875 1765334412.9137
CHLD 71441 6.203125 1765334412.9187
CHLD 71442 265.734375 1765334412.9187
CHLD 71451 660.968750 1765334412.9187
CHLD 71452 696.468750 1765334412.9187
CHLD 71453 680.093750 1765334412.9188
MEM 202.171875 1765334413.0239
CHLD 71441 6.203125 1765334413.0296
CHLD 71442 265.734375 1765334413.0296
CHLD 71451 660.968750 1765334413.0296
CHLD 71452 696.468750 1765334413.0297
CHLD 71453 680.093750 1765334413.0297
MEM 202.171875 1765334413.1320
CHLD 71441 6.203125 1765334413.1412
CHLD 71442 265.734375 1765334413.1412
CHLD 71451 660.968750 1765334413.1412
CHLD 71452 696.468750 1765334413.1412
CHLD 71453 680.093750 1765334413.1412
MEM 202.171875 1765334413.2452
CHLD 71441 6.203125 1765334413.2532
CHLD 71442 265.734375 1765334413.2533
CHLD 71451 660.968750 1765334413.2533
CHLD 71452 696.468750 1765334413.2533
CHLD 71453 680.093750 1765334413.2533
MEM 202.171875 1765334413.3564
CHLD 71441 6.203125 1765334413.3662
CHLD 71442 265.734375 1765334413.3662
CHLD 71451 660.968750 1765334413.3662
CHLD 71452 696.468750 1765334413.3663
CHLD 71453 680.093750 1765334413.3663
MEM 202.171875 1765334413.4714
CHLD 71441 6.203125 1765334413.4786
CHLD 71442 265.734375 1765334413.4786
CHLD 71451 660.968750 1765334413.4786
CHLD 71452 696.468750 1765334413.4786
CHLD 71453 680.093750 1765334413.4786
MEM 202.171875 1765334413.5835
CHLD 71441 6.203125 1765334413.5894
CHLD 71442 265.734375 1765334413.5894
CHLD 71451 660.968750 1765334413.5894
CHLD 71452 696.468750 1765334413.5894
CHLD 71453 680.093750 1765334413.5894
MEM 202.171875 1765334413.6903
CHLD 71441 6.203125 1765334413.7010
CHLD 71442 265.734375 1765334413.7010
CHLD 71451 660.968750 1765334413.7011
CHLD 71452 696.468750 1765334413.7011
CHLD 71453 680.093750 1765334413.7011
MEM 202.171875 1765334413.8022
CHLD 71441 6.203125 1765334413.8121
CHLD 71442 265.734375 1765334413.8121
CHLD 71451 660.968750 1765334413.8121
CHLD 71452 696.468750 1765334413.8121
CHLD 71453 680.093750 1765334413.8121
MEM 202.171875 1765334413.9143
CHLD 71441 6.203125 1765334413.9237
CHLD 71442 265.734375 1765334413.9237
CHLD 71451 660.968750 1765334413.9237
CHLD 71452 696.468750 1765334413.9237
CHLD 71453 680.093750 1765334413.9237
MEM 202.171875 1765334414.0290
CHLD 71441 6.203125 1765334414.0399
CHLD 71442 265.734375 1765334414.0399
CHLD 71451 660.968750 1765334414.0399
CHLD 71452 696.468750 1765334414.0399
CHLD 71453 680.093750 1765334414.0399
MEM 202.171875 1765334414.1435
CHLD 71441 6.203125 1765334414.1534
CHLD 71442 265.734375 1765334414.1535
CHLD 71451 660.968750 1765334414.1535
CHLD 71452 696.468750 1765334414.1535
CHLD 71453 680.093750 1765334414.1535
MEM 202.171875 1765334414.2549
CHLD 71441 6.203125 1765334414.2654
CHLD 71442 265.734375 1765334414.2654
CHLD 71451 660.968750 1765334414.2654
CHLD 71452 696.468750 1765334414.2654
CHLD 71453 680.093750 1765334414.2654
MEM 202.171875 1765334414.3684
CHLD 71441 6.203125 1765334414.3756
CHLD 71442 265.734375 1765334414.3756
CHLD 71451 660.968750 1765334414.3756
CHLD 71452 696.468750 1765334414.3756
CHLD 71453 680.093750 1765334414.3756
MEM 202.171875 1765334414.4764
CHLD 71441 6.203125 1765334414.4842
CHLD 71442 265.734375 1765334414.4842
CHLD 71451 660.968750 1765334414.4842
CHLD 71452 696.468750 1765334414.4842
CHLD 71453 680.093750 1765334414.4843
MEM 202.171875 1765334414.5889
CHLD 71441 6.203125 1765334414.5995
CHLD 71442 265.734375 1765334414.5996
CHLD 71451 660.968750 1765334414.5996
CHLD 71452 696.468750 1765334414.5996
CHLD 71453 680.093750 1765334414.5996
MEM 202.171875 1765334414.7035
CHLD 71441 6.203125 1765334414.7110
CHLD 71442 265.734375 1765334414.7110
CHLD 71451 660.968750 1765334414.7110
CHLD 71452 696.468750 1765334414.7110
CHLD 71453 680.093750 1765334414.7110
MEM 202.171875 1765334414.8161
CHLD 71441 6.203125 1765334414.8295
CHLD 71442 265.734375 1765334414.8295
CHLD 71451 660.968750 1765334414.8295
CHLD 71452 696.468750 1765334414.8295
CHLD 71453 680.093750 1765334414.8295
MEM 202.171875 1765334414.9347
CHLD 71441 6.203125 1765334414.9453
CHLD 71442 265.734375 1765334414.9453
CHLD 71451 660.968750 1765334414.9453
CHLD 71452 696.468750 1765334414.9453
CHLD 71453 680.093750 1765334414.9453
MEM 202.171875 1765334415.0504
CHLD 71441 6.203125 1765334415.0617
CHLD 71442 265.734375 1765334415.0617
CHLD 71451 660.968750 1765334415.0617
CHLD 71452 696.468750 1765334415.0617
CHLD 71453 680.093750 1765334415.0617
MEM 202.171875 1765334415.1668
CHLD 71441 6.203125 1765334415.1799
CHLD 71442 265.734375 1765334415.1799
CHLD 71451 660.968750 1765334415.1799
CHLD 71452 696.468750 1765334415.1799
CHLD 71453 680.093750 1765334415.1799
MEM 202.171875 1765334415.2851
CHLD 71441 6.203125 1765334415.2955
CHLD 71442 265.734375 1765334415.2955
CHLD 71451 660.968750 1765334415.2955
CHLD 71452 696.468750 1765334415.2955
CHLD 71453 680.093750 1765334415.2955
MEM 202.171875 1765334415.3971
CHLD 71441 6.203125 1765334415.4082
CHLD 71442 265.734375 1765334415.4082
CHLD 71451 660.968750 1765334415.4082
CHLD 71452 696.468750 1765334415.4082
CHLD 71453 680.093750 1765334415.4082
MEM 202.171875 1765334415.5102
CHLD 71441 6.203125 1765334415.5239
CHLD 71442 265.734375 1765334415.5239
CHLD 71451 660.968750 1765334415.5239
CHLD 71452 696.468750 1765334415.5240
CHLD 71453 680.093750 1765334415.5240
MEM 202.171875 1765334415.6292
CHLD 71441 6.203125 1765334415.6386
CHLD 71442 265.734375 1765334415.6386
CHLD 71451 660.968750 1765334415.6386
CHLD 71452 696.468750 1765334415.6387
CHLD 71453 680.093750 1765334415.6387
MEM 202.171875 1765334415.7405
CHLD 71441 6.203125 1765334415.7507
CHLD 71442 265.734375 1765334415.7507
CHLD 71451 660.968750 1765334415.7507
CHLD 71452 696.468750 1765334415.7507
CHLD 71453 680.093750 1765334415.7507
MEM 202.171875 1765334415.8559
CHLD 71441 6.203125 1765334415.8644
CHLD 71442 265.734375 1765334415.8644
CHLD 71451 660.968750 1765334415.8644
CHLD 71452 696.468750 1765334415.8644
CHLD 71453 680.093750 1765334415.8644
MEM 202.171875 1765334415.9697
CHLD 71441 6.203125 1765334415.9782
CHLD 71442 265.734375 1765334415.9782
CHLD 71451 660.968750 1765334415.9782
CHLD 71452 696.468750 1765334415.9782
CHLD 71453 680.093750 1765334415.9782
MEM 202.171875 1765334416.0818
CHLD 71441 6.203125 1765334416.0923
CHLD 71442 265.734375 1765334416.0923
CHLD 71451 660.968750 1765334416.0923
CHLD 71452 696.468750 1765334416.0923
CHLD 71453 680.093750 1765334416.0923
MEM 202.171875 1765334416.1967
CHLD 71441 6.203125 1765334416.2051
CHLD 71442 265.734375 1765334416.2051
CHLD 71451 660.968750 1765334416.2051
CHLD 71452 696.468750 1765334416.2051
CHLD 71453 680.093750 1765334416.2052
MEM 202.171875 1765334416.3103
CHLD 71441 6.203125 1765334416.3163
CHLD 71442 265.734375 1765334416.3164
CHLD 71451 660.968750 1765334416.3164
CHLD 71452 696.468750 1765334416.3164
CHLD 71453 680.093750 1765334416.3164
MEM 202.171875 1765334416.4170
CHLD 71441 6.203125 1765334416.4272
CHLD 71442 265.734375 1765334416.4273
CHLD 71451 660.968750 1765334416.4273
CHLD 71452 696.468750 1765334416.4273
CHLD 71453 680.093750 1765334416.4273
MEM 202.171875 1765334416.5279
CHLD 71441 6.203125 1765334416.5374
CHLD 71442 265.734375 1765334416.5374
CHLD 71451 660.968750 1765334416.5374
CHLD 71452 696.468750 1765334416.5374
CHLD 71453 680.093750 1765334416.5374
MEM 202.171875 1765334416.6393
CHLD 71441 6.203125 1765334416.6487
CHLD 71442 265.734375 1765334416.6487
CHLD 71451 660.968750 1765334416.6487
CHLD 71452 696.468750 1765334416.6487
CHLD 71453 680.093750 1765334416.6487
MEM 202.171875 1765334416.7538
CHLD 71441 6.203125 1765334416.7633
CHLD 71442 265.734375 1765334416.7633
CHLD 71451 660.968750 1765334416.7633
CHLD 71452 696.468750 1765334416.7633
CHLD 71453 680.093750 1765334416.7634
MEM 202.171875 1765334416.8646
CHLD 71441 6.203125 1765334416.8745
CHLD 71442 265.734375 1765334416.8745
CHLD 71451 660.968750 1765334416.8745
CHLD 71452 696.468750 1765334416.8745
CHLD 71453 680.093750 1765334416.8745
MEM 202.171875 1765334416.9797
CHLD 71441 6.203125 1765334416.9882
CHLD 71442 265.734375 1765334416.9883
CHLD 71451 660.968750 1765334416.9883
CHLD 71452 696.468750 1765334416.9883
CHLD 71453 680.093750 1765334416.9883
MEM 202.171875 1765334417.0913
CHLD 71441 6.203125 1765334417.1029
CHLD 71442 265.734375 1765334417.1029
CHLD 71451 660.968750 1765334417.1029
CHLD 71452 696.468750 1765334417.1029
CHLD 71453 680.093750 1765334417.1029
MEM 202.171875 1765334417.2080
CHLD 71441 6.203125 1765334417.2161
CHLD 71442 265.734375 1765334417.2161
CHLD 71451 660.968750 1765334417.2161
CHLD 71452 696.468750 1765334417.2161
CHLD 71453 680.093750 1765334417.2162
MEM 202.171875 1765334417.3180
CHLD 71441 6.203125 1765334417.3275
CHLD 71442 265.734375 1765334417.3276
CHLD 71451 660.968750 1765334417.3276
CHLD 71452 696.468750 1765334417.3276
CHLD 71453 680.093750 1765334417.3276
MEM 202.171875 1765334417.4307
CHLD 71441 6.203125 1765334417.4396
CHLD 71442 265.734375 1765334417.4397
CHLD 71451 660.968750 1765334417.4397
CHLD 71452 696.468750 1765334417.4397
CHLD 71453 680.093750 1765334417.4397
MEM 202.171875 1765334417.5412
CHLD 71441 6.203125 1765334417.5480
CHLD 71442 265.734375 1765334417.5480
CHLD 71451 660.968750 1765334417.5480
CHLD 71452 696.468750 1765334417.5480
CHLD 71453 680.093750 1765334417.5480
MEM 202.171875 1765334417.6492
CHLD 71441 6.203125 1765334417.6566
CHLD 71442 265.734375 1765334417.6566
CHLD 71451 660.968750 1765334417.6567
CHLD 71452 696.468750 1765334417.6567
CHLD 71453 680.093750 1765334417.6567
MEM 202.171875 1765334417.7618
CHLD 71441 6.203125 1765334417.7715
CHLD 71442 265.734375 1765334417.7715
CHLD 71451 660.968750 1765334417.7715
CHLD 71452 696.468750 1765334417.7715
CHLD 71453 680.093750 1765334417.7715
MEM 202.171875 1765334417.8718
CHLD 71441 6.203125 1765334417.8794
CHLD 71442 265.734375 1765334417.8794
CHLD 71451 660.968750 1765334417.8794
CHLD 71452 696.468750 1765334417.8794
CHLD 71453 680.093750 1765334417.8794
MEM 202.171875 1765334417.9837
CHLD 71441 6.203125 1765334417.9894
CHLD 71442 265.734375 1765334417.9894
CHLD 71451 660.968750 1765334417.9894
CHLD 71452 696.468750 1765334417.9894
CHLD 71453 680.093750 1765334417.9894
MEM 202.171875 1765334418.0945
CHLD 71441 6.203125 1765334418.1054
CHLD 71442 265.734375 1765334418.1055
CHLD 71451 660.968750 1765334418.1055
CHLD 71452 696.468750 1765334418.1055
CHLD 71453 680.093750 1765334418.1055
MEM 202.171875 1765334418.2106
CHLD 71441 6.203125 1765334418.2242
CHLD 71442 265.734375 1765334418.2242
CHLD 71451 660.968750 1765334418.2242
CHLD 71452 696.468750 1765334418.2242
CHLD 71453 680.093750 1765334418.2242
MEM 202.171875 1765334418.3293
CHLD 71441 6.203125 1765334418.3382
CHLD 71442 265.734375 1765334418.3383
CHLD 71451 660.968750 1765334418.3383
CHLD 71452 696.468750 1765334418.3383
CHLD 71453 680.093750 1765334418.3383
MEM 202.171875 1765334418.4419
CHLD 71441 6.203125 1765334418.4464
CHLD 71442 265.734375 1765334418.4464
CHLD 71451 660.968750 1765334418.4464
CHLD 71452 696.468750 1765334418.4464
CHLD 71453 680.093750 1765334418.4464
MEM 202.171875 1765334418.5516
CHLD 71441 6.203125 1765334418.5582
CHLD 71442 265.734375 1765334418.5582
CHLD 71451 660.968750 1765334418.5582
CHLD 71452 696.468750 1765334418.5582
CHLD 71453 680.093750 1765334418.5582
MEM 202.171875 1765334418.6634
CHLD 71441 6.203125 1765334418.6717
CHLD 71442 265.734375 1765334418.6718
CHLD 71451 660.968750 1765334418.6718
CHLD 71452 696.468750 1765334418.6718
CHLD 71453 680.093750 1765334418.6718
MEM 202.171875 1765334418.7765
CHLD 71441 6.203125 1765334418.7872
CHLD 71442 265.734375 1765334418.7873
CHLD 71451 660.968750 1765334418.7873
CHLD 71452 696.468750 1765334418.7873
CHLD 71453 680.093750 1765334418.7873
MEM 202.171875 1765334418.8924
CHLD 71441 6.203125 1765334418.8998
CHLD 71442 265.734375 1765334418.8998
CHLD 71451 660.968750 1765334418.8999
CHLD 71452 696.468750 1765334418.8999
CHLD 71453 680.093750 1765334418.8999
MEM 202.171875 1765334419.0051
CHLD 71441 6.203125 1765334419.0143
CHLD 71442 265.734375 1765334419.0143
CHLD 71451 660.968750 1765334419.0143
CHLD 71452 696.468750 1765334419.0143
CHLD 71453 680.093750 1765334419.0143
MEM 202.171875 1765334419.1195
CHLD 71441 6.203125 1765334419.1278
CHLD 71442 265.734375 1765334419.1278
CHLD 71451 660.968750 1765334419.1279
CHLD 71452 696.468750 1765334419.1279
CHLD 71453 680.093750 1765334419.1279
MEM 202.171875 1765334419.2304
CHLD 71441 6.203125 1765334419.2369
CHLD 71442 265.734375 1765334419.2369
CHLD 71451 660.968750 1765334419.2369
CHLD 71452 696.468750 1765334419.2370
CHLD 71453 680.093750 1765334419.2370
MEM 202.171875 1765334419.3382
CHLD 71441 6.203125 1765334419.3484
CHLD 71442 265.734375 1765334419.3485
CHLD 71451 660.968750 1765334419.3485
CHLD 71452 696.468750 1765334419.3485
CHLD 71453 680.093750 1765334419.3485
MEM 202.171875 1765334419.4538
CHLD 71441 6.203125 1765334419.4651
CHLD 71442 265.734375 1765334419.4651
CHLD 71451 660.968750 1765334419.4651
CHLD 71452 696.468750 1765334419.4651
CHLD 71453 680.093750 1765334419.4651
MEM 202.171875 1765334419.5671
CHLD 71441 6.203125 1765334419.5748
CHLD 71442 265.734375 1765334419.5749
CHLD 71451 660.968750 1765334419.5749
CHLD 71452 696.468750 1765334419.5749
CHLD 71453 680.093750 1765334419.5749
MEM 202.171875 1765334419.6796
CHLD 71441 6.203125 1765334419.6917
CHLD 71442 265.734375 1765334419.6917
CHLD 71451 660.968750 1765334419.6917
CHLD 71452 696.468750 1765334419.6917
CHLD 71453 680.093750 1765334419.6917
MEM 202.171875 1765334419.7970
CHLD 71441 6.203125 1765334419.8080
CHLD 71442 265.734375 1765334419.8080
CHLD 71451 660.968750 1765334419.8080
CHLD 71452 696.468750 1765334419.8080
CHLD 71453 680.093750 1765334419.8080
MEM 202.171875 1765334419.9097
CHLD 71441 6.203125 1765334419.9192
CHLD 71442 265.734375 1765334419.9192
CHLD 71451 660.968750 1765334419.9192
CHLD 71452 696.468750 1765334419.9192
CHLD 71453 680.093750 1765334419.9192
MEM 202.171875 1765334420.0244
CHLD 71441 6.203125 1765334420.0325
CHLD 71442 265.734375 1765334420.0325
CHLD 71451 660.968750 1765334420.0325
CHLD 71452 696.468750 1765334420.0325
CHLD 71453 680.093750 1765334420.0325
MEM 202.171875 1765334420.1334
CHLD 71441 6.203125 1765334420.1421
CHLD 71442 265.734375 1765334420.1421
CHLD 71451 660.968750 1765334420.1421
CHLD 71452 696.468750 1765334420.1421
CHLD 71453 680.093750 1765334420.1421
MEM 202.171875 1765334420.2458
CHLD 71441 6.203125 1765334420.2578
CHLD 71442 265.734375 1765334420.2578
CHLD 71451 660.968750 1765334420.2578
CHLD 71452 696.468750 1765334420.2578
CHLD 71453 680.093750 1765334420.2578
MEM 202.171875 1765334420.3630
CHLD 71441 6.203125 1765334420.3708
CHLD 71442 265.734375 1765334420.3708
CHLD 71451 660.968750 1765334420.3708
CHLD 71452 696.468750 1765334420.3708
CHLD 71453 680.093750 1765334420.3709
MEM 202.171875 1765334420.4761
CHLD 71441 6.203125 1765334420.4831
CHLD 71442 265.734375 1765334420.4831
CHLD 71451 660.968750 1765334420.4831
CHLD 71452 696.468750 1765334420.4831
CHLD 71453 680.093750 1765334420.4831
MEM 202.171875 1765334420.5883
CHLD 71441 6.203125 1765334420.5968
CHLD 71442 265.734375 1765334420.5968
CHLD 71451 660.968750 1765334420.5968
CHLD 71452 696.468750 1765334420.5968
CHLD 71453 680.093750 1765334420.5969
MEM 202.171875 1765334420.7021
CHLD 71441 6.203125 1765334420.7093
CHLD 71442 265.734375 1765334420.7093
CHLD 71451 660.968750 1765334420.7093
CHLD 71452 696.468750 1765334420.7093
CHLD 71453 680.093750 1765334420.7093
MEM 202.171875 1765334420.8109
CHLD 71441 6.203125 1765334420.8206
CHLD 71442 265.734375 1765334420.8206
CHLD 71451 660.968750 1765334420.8206
CHLD 71452 696.468750 1765334420.8206
CHLD 71453 680.093750 1765334420.8207
MEM 202.171875 1765334420.9223
CHLD 71441 6.203125 1765334420.9332
CHLD 71442 265.734375 1765334420.9332
CHLD 71451 660.968750 1765334420.9332
CHLD 71452 696.468750 1765334420.9332
CHLD 71453 680.093750 1765334420.9332
MEM 202.171875 1765334421.0382
CHLD 71441 6.203125 1765334421.0471
CHLD 71442 265.734375 1765334421.0472
CHLD 71451 660.968750 1765334421.0472
CHLD 71452 696.468750 1765334421.0472
CHLD 71453 680.093750 1765334421.0472
MEM 202.171875 1765334421.1489
CHLD 71441 6.203125 1765334421.1607
CHLD 71442 265.734375 1765334421.1607
CHLD 71451 660.968750 1765334421.1608
CHLD 71452 696.468750 1765334421.1608
CHLD 71453 680.093750 1765334421.1608
MEM 202.171875 1765334421.2660
CHLD 71441 6.203125 1765334421.2806
CHLD 71442 265.734375 1765334421.2806
CHLD 71451 660.968750 1765334421.2806
CHLD 71452 696.468750 1765334421.2806
CHLD 71453 680.093750 1765334421.2807
MEM 202.171875 1765334421.3858
CHLD 71441 6.203125 1765334421.3980
CHLD 71442 265.734375 1765334421.3980
CHLD 71451 660.968750 1765334421.3980
CHLD 71452 696.468750 1765334421.3980
CHLD 71453 680.093750 1765334421.3980
MEM 202.171875 1765334421.5034
CHLD 71441 6.203125 1765334421.5136
CHLD 71442 265.734375 1765334421.5136
CHLD 71451 660.968750 1765334421.5136
CHLD 71452 696.468750 1765334421.5136
CHLD 71453 680.093750 1765334421.5137
MEM 202.171875 1765334421.6188
CHLD 71441 6.203125 1765334421.6277
CHLD 71442 265.734375 1765334421.6277
CHLD 71451 660.968750 1765334421.6288
CHLD 71452 696.468750 1765334421.6288
CHLD 71453 680.093750 1765334421.6288
MEM 202.171875 1765334421.7341
CHLD 71441 6.203125 1765334421.7422
CHLD 71442 265.734375 1765334421.7422
CHLD 71451 660.968750 1765334421.7422
CHLD 71452 696.468750 1765334421.7422
CHLD 71453 680.093750 1765334421.7422
MEM 202.171875 1765334421.8475
CHLD 71441 6.203125 1765334421.8556
CHLD 71442 265.734375 1765334421.8556
CHLD 71451 660.968750 1765334421.8556
CHLD 71452 696.468750 1765334421.8557
CHLD 71453 680.093750 1765334421.8557
MEM 202.171875 1765334421.9609
CHLD 71441 6.203125 1765334421.9691
CHLD 71442 265.734375 1765334421.9691
CHLD 71451 660.968750 1765334421.9691
CHLD 71452 696.468750 1765334421.9691
CHLD 71453 680.093750 1765334421.9691
MEM 202.171875 1765334422.0698
CHLD 71441 6.203125 1765334422.0814
CHLD 71442 265.734375 1765334422.0814
CHLD 71451 660.968750 1765334422.0814
CHLD 71452 696.468750 1765334422.0814
CHLD 71453 680.093750 1765334422.0814
MEM 202.171875 1765334422.1863
CHLD 71441 6.203125 1765334422.1914
CHLD 71442 265.734375 1765334422.1914
CHLD 71451 660.968750 1765334422.1914
CHLD 71452 696.468750 1765334422.1914
CHLD 71453 680.093750 1765334422.1914
MEM 202.171875 1765334422.2929
CHLD 71441 6.203125 1765334422.3003
CHLD 71442 265.734375 1765334422.3003
CHLD 71451 660.968750 1765334422.3003
CHLD 71452 696.468750 1765334422.3003
CHLD 71453 680.093750 1765334422.3003
MEM 202.171875 1765334422.4010
CHLD 71441 6.203125 1765334422.4137
CHLD 71442 265.734375 1765334422.4138
CHLD 71451 660.968750 1765334422.4138
CHLD 71452 696.468750 1765334422.4138
CHLD 71453 680.093750 1765334422.4138
MEM 202.171875 1765334422.5179
CHLD 71441 6.203125 1765334422.5302
CHLD 71442 265.734375 1765334422.5302
CHLD 71451 660.968750 1765334422.5302
CHLD 71452 696.468750 1765334422.5302
CHLD 71453 680.093750 1765334422.5302
MEM 202.171875 1765334422.6354
CHLD 71441 6.203125 1765334422.6469
CHLD 71442 265.734375 1765334422.6469
CHLD 71451 660.968750 1765334422.6469
CHLD 71452 696.468750 1765334422.6469
CHLD 71453 680.093750 1765334422.6470
MEM 202.171875 1765334422.7521
CHLD 71441 6.203125 1765334422.7612
CHLD 71442 265.734375 1765334422.7612
CHLD 71451 660.968750 1765334422.7613
CHLD 71452 696.468750 1765334422.7613
CHLD 71453 680.093750 1765334422.7613
MEM 202.171875 1765334422.8617
CHLD 71441 6.203125 1765334422.8755
CHLD 71442 265.734375 1765334422.8755
CHLD 71451 660.968750 1765334422.8755
CHLD 71452 696.468750 1765334422.8755
CHLD 71453 680.093750 1765334422.8755
MEM 202.171875 1765334422.9785
CHLD 71441 6.203125 1765334422.9885
CHLD 71442 265.734375 1765334422.9885
CHLD 71451 660.968750 1765334422.9885
CHLD 71452 696.468750 1765334422.9885
CHLD 71453 680.093750 1765334422.9885
MEM 202.171875 1765334423.0908
CHLD 71441 6.203125 1765334423.1009
CHLD 71442 265.734375 1765334423.1009
CHLD 71451 660.968750 1765334423.1009
CHLD 71452 696.468750 1765334423.1009
CHLD 71453 680.093750 1765334423.1009
MEM 202.171875 1765334423.2064
CHLD 71441 6.203125 1765334423.2185
CHLD 71442 265.734375 1765334423.2185
CHLD 71451 660.968750 1765334423.2185
CHLD 71452 696.468750 1765334423.2185
CHLD 71453 680.093750 1765334423.2185
MEM 202.171875 1765334423.3223
CHLD 71441 6.203125 1765334423.3348
CHLD 71442 265.734375 1765334423.3351
CHLD 71451 660.968750 1765334423.3357
CHLD 71452 696.468750 1765334423.3357
CHLD 71453 680.093750 1765334423.3357
MEM 202.171875 1765334423.4373
CHLD 71441 6.203125 1765334423.4488
CHLD 71442 265.734375 1765334423.4488
CHLD 71451 660.968750 1765334423.4488
CHLD 71452 696.468750 1765334423.4488
CHLD 71453 680.093750 1765334423.4488
MEM 202.171875 1765334423.5540
CHLD 71441 6.203125 1765334423.5632
CHLD 71442 265.734375 1765334423.5632
CHLD 71451 660.968750 1765334423.5632
CHLD 71452 696.468750 1765334423.5633
CHLD 71453 680.093750 1765334423.5633
MEM 202.171875 1765334423.6673
CHLD 71441 6.203125 1765334423.6783
CHLD 71442 265.734375 1765334423.6783
CHLD 71451 660.968750 1765334423.6783
CHLD 71452 696.468750 1765334423.6783
CHLD 71453 680.093750 1765334423.6784
MEM 202.171875 1765334423.7816
CHLD 71441 6.203125 1765334423.7951
CHLD 71442 265.734375 1765334423.7951
CHLD 71451 660.968750 1765334423.7951
CHLD 71452 696.468750 1765334423.7951
CHLD 71453 680.093750 1765334423.7951
MEM 202.171875 1765334423.9002
CHLD 71441 6.203125 1765334423.9116
CHLD 71442 265.734375 1765334423.9116
CHLD 71451 660.968750 1765334423.9116
CHLD 71452 696.468750 1765334423.9116
CHLD 71453 680.093750 1765334423.9116
MEM 202.171875 1765334424.0168
CHLD 71441 6.203125 1765334424.0239
CHLD 71442 265.734375 1765334424.0239
CHLD 71451 660.968750 1765334424.0239
CHLD 71452 696.468750 1765334424.0239
CHLD 71453 680.093750 1765334424.0239
MEM 202.171875 1765334424.1291
CHLD 71441 6.203125 1765334424.1371
CHLD 71442 265.734375 1765334424.1372
CHLD 71451 660.968750 1765334424.1372
CHLD 71452 696.468750 1765334424.1372
CHLD 71453 680.093750 1765334424.1372
MEM 202.171875 1765334424.2424
CHLD 71441 6.203125 1765334424.2510
CHLD 71442 265.734375 1765334424.2510
CHLD 71451 660.968750 1765334424.2510
CHLD 71452 696.468750 1765334424.2511
CHLD 71453 680.093750 1765334424.2511
MEM 202.171875 1765334424.3526
CHLD 71441 6.203125 1765334424.3626
CHLD 71442 265.734375 1765334424.3626
CHLD 71451 660.968750 1765334424.3626
CHLD 71452 696.468750 1765334424.3626
CHLD 71453 680.093750 1765334424.3626
MEM 202.171875 1765334424.4670
CHLD 71441 6.203125 1765334424.4752
CHLD 71442 265.734375 1765334424.4752
CHLD 71451 660.968750 1765334424.4752
CHLD 71452 696.468750 1765334424.4752
CHLD 71453 680.093750 1765334424.4752
MEM 202.171875 1765334424.5805
CHLD 71441 6.203125 1765334424.5890
CHLD 71442 265.734375 1765334424.5890
CHLD 71451 660.968750 1765334424.5890
CHLD 71452 696.468750 1765334424.5890
CHLD 71453 680.093750 1765334424.5891
MEM 202.171875 1765334424.6908
CHLD 71441 6.203125 1765334424.6978
CHLD 71442 265.734375 1765334424.6979
CHLD 71451 660.968750 1765334424.6979
CHLD 71452 696.468750 1765334424.6979
CHLD 71453 680.093750 1765334424.6979
MEM 202.171875 1765334424.8005
CHLD 71441 6.203125 1765334424.8118
CHLD 71442 265.734375 1765334424.8118
CHLD 71451 660.968750 1765334424.8118
CHLD 71452 696.468750 1765334424.8118
CHLD 71453 680.093750 1765334424.8118
MEM 202.171875 1765334424.9132
CHLD 71441 6.203125 1765334424.9299
CHLD 71442 265.734375 1765334424.9299
CHLD 71451 660.968750 1765334424.9299
CHLD 71452 696.468750 1765334424.9299
CHLD 71453 680.093750 1765334424.9299
MEM 202.171875 1765334425.0352
CHLD 71441 6.203125 1765334425.0462
CHLD 71442 265.734375 1765334425.0462
CHLD 71451 660.968750 1765334425.0463
CHLD 71452 696.468750 1765334425.0463
CHLD 71453 680.093750 1765334425.0463
MEM 202.171875 1765334425.1515
CHLD 71441 6.203125 1765334425.1610
CHLD 71442 265.734375 1765334425.1610
CHLD 71451 660.968750 1765334425.1610
CHLD 71452 696.468750 1765334425.1610
CHLD 71453 680.093750 1765334425.1610
MEM 202.171875 1765334425.2663
CHLD 71441 6.203125 1765334425.2758
CHLD 71442 265.734375 1765334425.2758
CHLD 71451 660.968750 1765334425.2759
CHLD 71452 696.468750 1765334425.2759
CHLD 71453 680.093750 1765334425.2759
